INSERT INTO users (id, first_name, last_name, gender, email, username, passwrd, date_of_birth, branch) VALUES (0, 'Cody', 'Davis', 1, 'CDavis68@email.com', 'CDavis68', '$2b$12$ECWKatY/3hGJHZXYSWezkezbzCWnevM7O1lypLmNmQvjEIiYYopN', '1985-11-24', 5);
INSERT INTO users (id, first_name, last_name, gender, email, username, passwrd, date_of_birth, branch) VALUES (1, 'Christopher', 'Stewart', 1, 'CStewart61@email.com', 'CStewart61', '$2b$12$zDP5rJHJzPVm0plnPQltnOFWVjc4qS1yktt/kjbRd3HyDA5PhjeJ', '1990-10-10', 4);
INSERT INTO users (id, first_name, last_name, gender, email, username, passwrd, date_of_birth, branch) VALUES (2, 'Chase', 'Luna', 1, 'CLuna70@email.com', 'CLuna70', '$2b$12$BV92DT1wEtIslbl4wwIgAumNxQs90LUIHJ0N8jAOmrcK82ZVwW3R', '1987-11-16', 4);
INSERT INTO users (id, first_name, last_name, gender, email, username, passwrd, date_of_birth, branch) VALUES (3, 'Paul', 'Mcconnell', 1, 'PMcconnell14@email.com', 'PMcconnell14', '$2b$12$T/9ikwRQHTb048HtOi2vv.NUkjlNLcZ2.BsykLspkDfyl5yCxvZS', '1995-10-19', 3);
INSERT INTO users (id, first_name, last_name, gender, email, username, passwrd, date_of_birth, branch) VALUES (4, 'Richard', 'Ali', 1, 'RAli11@email.com', 'RAli11', '$2b$12$IurYR88D2.uAm.l4HcSsDuCMRHo0y2Mp91clU607yEr9TJPDjo8N', '1993-05-10', 2);
INSERT INTO users (id, first_name, last_name, gender, email, username, passwrd, date_of_birth, branch) VALUES (5, 'Justin', 'Huynh', 1, 'JHuynh27@email.com', 'JHuynh27', '$2b$12$uwWscRZfQ6sAkz5AAJvsqOJbKo9KYJKBnSe6eqCLasTUZULTVUrY', '1999-08-30', 5);
INSERT INTO users (id, first_name, last_name, gender, email, username, passwrd, date_of_birth, branch) VALUES (6, 'Matthew', 'Perez', 1, 'MPerez70@email.com', 'MPerez70', '$2b$12$ZzT6co3mKrLRKEFPkodMFOMm0lhTbiq2ZcUcKB/mi.sSOLBwHKdq', '2002-03-11', 4);
INSERT INTO users (id, first_name, last_name, gender, email, username, passwrd, date_of_birth, branch) VALUES (7, 'Hannah', 'Vargas', 2, 'HVargas38@email.com', 'HVargas38', '$2b$12$6oxss8fE/mZt3GTMICUSce3CqGlTlbbpOzGnLBlwYbqOeQ72lENw', '2001-11-15', 1);
INSERT INTO users (id, first_name, last_name, gender, email, username, passwrd, date_of_birth, branch) VALUES (8, 'Frank', 'Simon', 1, 'FSimon10@email.com', 'FSimon10', '$2b$12$Tl26kGzbaYEhqPYa03Ud4eVsFzHbnBBv8N41qC.X8zFlTCusVukb', '1994-05-25', 2);
INSERT INTO users (id, first_name, last_name, gender, email, username, passwrd, date_of_birth, branch) VALUES (9, 'Samantha', 'Reyes', 2, 'SReyes29@email.com', 'SReyes29', '$2b$12$T4T6PZsrR6hhunoxbZFUxOpyR9r.mNfN76haSKrW6p5MO43S7LzW', '1991-04-27', 5);
INSERT INTO users (id, first_name, last_name, gender, email, username, passwrd, date_of_birth, branch) VALUES (10, 'Adam', 'Hood', 1, 'AHood44@email.com', 'AHood44', '$2b$12$2PewsbSXYdxtaVuzYo7X6.DF96cq3yxqK2aVbZ8efq6KrvgUhIau', '1992-04-19', 5);
INSERT INTO users (id, first_name, last_name, gender, email, username, passwrd, date_of_birth, branch) VALUES (11, 'Dawn', 'Smith', 3, 'DSmith37@email.com', 'DSmith37', '$2b$12$Qn6i/i9Bx/Uto5bzbpZJVuQEOe5.Rynj.0DIrWp5OBWZeyUkTxye', '2001-05-22', 3);
INSERT INTO users (id, first_name, last_name, gender, email, username, passwrd, date_of_birth, branch) VALUES (12, 'Anita', 'Rodriguez', 2, 'ARodriguez27@email.com', 'ARodriguez27', '$2b$12$IOfJj8w1IH1o5gDrNi9LLegYJIcncKefHNQQrVky5NwZU5EI9iYm', '1982-09-05', 4);
INSERT INTO users (id, first_name, last_name, gender, email, username, passwrd, date_of_birth, branch) VALUES (13, 'Stephanie', 'Brown', 2, 'SBrown89@email.com', 'SBrown89', '$2b$12$120tm24wGk82qMT8z8byHOEAz5R4rn28C1.FcnBW1WC.hrOJ1gz1', '1999-09-29', 5);
INSERT INTO users (id, first_name, last_name, gender, email, username, passwrd, date_of_birth, branch) VALUES (14, 'Nicholas', 'Ryan', 3, 'NRyan6@email.com', 'NRyan6', '$2b$12$NVuJ73TLMWxKNOWTqqIuue2.Tgs2FFcXaH0X18EoFIBVXue2dIbp', '1993-09-14', 1);
INSERT INTO users (id, first_name, last_name, gender, email, username, passwrd, date_of_birth, branch) VALUES (15, 'Elaine', 'Stein', 2, 'EStein23@email.com', 'EStein23', '$2b$12$wzp0NaaWA3k7NW0wji9pOeNy/sxphmz7R96ZlR7oFbwOu16PbiyM', '1985-02-09', 3);
INSERT INTO users (id, first_name, last_name, gender, email, username, passwrd, date_of_birth, branch) VALUES (16, 'Kevin', 'Sandoval', 1, 'KSandoval82@email.com', 'KSandoval82', '$2b$12$Et4t01YgllP.wqdE/CvV8eLZedD5bxiUSl8eE8dSjC/EzUPPC53u', '1994-06-25', 4);
INSERT INTO users (id, first_name, last_name, gender, email, username, passwrd, date_of_birth, branch) VALUES (17, 'Dylan', 'Davis', 1, 'DDavis77@email.com', 'DDavis77', '$2b$12$WbkX4lkP5Zq6NpL/OVbk/OrWnnwSme41Cgg/y2kbN02yb104JB6p', '1984-05-07', 1);
INSERT INTO users (id, first_name, last_name, gender, email, username, passwrd, date_of_birth, branch) VALUES (18, 'Timothy', 'Manning', 1, 'TManning23@email.com', 'TManning23', '$2b$12$C/Hk.5Djz0VF0JaWbUEGcuTzfijJJDBTZRs9S0RbXJ0VtEnZp6AG', '1993-05-24', 4);
INSERT INTO users (id, first_name, last_name, gender, email, username, passwrd, date_of_birth, branch) VALUES (19, 'Jennifer', 'Jackson', 2, 'JJackson83@email.com', 'JJackson83', '$2b$12$BPNVxUU.2CIM0jFYLS4X0elQTeJokCnbPEIOe7rTunj9H1dAPIO1', '1992-05-23', 4);
INSERT INTO users (id, first_name, last_name, gender, email, username, passwrd, date_of_birth, branch) VALUES (20, 'Sandra', 'Johnson', 2, 'SJohnson3@email.com', 'SJohnson3', '$2b$12$771qWs7lKmj3ktPIcEpwPugGGXdiilBWb08zWFk5mtRpUY8I/Fha', '1996-02-01', 4);
INSERT INTO users (id, first_name, last_name, gender, email, username, passwrd, date_of_birth, branch) VALUES (21, 'Susan', 'Smith', 2, 'SSmith71@email.com', 'SSmith71', '$2b$12$14weOaso3bZAuc311/2G7.JpSdMluf7D0X7vq8ImwaryUB4FreSH', '1995-08-30', 4);
INSERT INTO users (id, first_name, last_name, gender, email, username, passwrd, date_of_birth, branch) VALUES (22, 'Bonnie', 'Hogan', 2, 'BHogan62@email.com', 'BHogan62', '$2b$12$LE6qCIIqlW4TnWdxLvmZgufRkr/RJD41aBaonPVyDnQk8ZnnvoIg', '1997-02-14', 3);
INSERT INTO users (id, first_name, last_name, gender, email, username, passwrd, date_of_birth, branch) VALUES (23, 'Amy', 'Rodriguez', 2, 'ARodriguez44@email.com', 'ARodriguez44', '$2b$12$toDHr6ceSR3d1WZj7xKYAuaA/Th4j7wZ4rHRuaPfSZpc/drb1kCL', '1989-06-17', 5);
INSERT INTO users (id, first_name, last_name, gender, email, username, passwrd, date_of_birth, branch) VALUES (24, 'Sarah', 'Gibson', 2, 'SGibson17@email.com', 'SGibson17', '$2b$12$NSsapCI2eUD0Re6RVDEzQ.L3kQ8hQcrZzqvUppcT7w7SClUvPpZ0', '1982-09-21', 5);
INSERT INTO users (id, first_name, last_name, gender, email, username, passwrd, date_of_birth, branch) VALUES (25, 'Justin', 'Jones', 1, 'JJones99@email.com', 'JJones99', '$2b$12$H2ZA.On9zWKazy7mYtPi5emPML47HFvzMos8R92E6xUVugjHn9WI', '1993-11-18', 3);
INSERT INTO users (id, first_name, last_name, gender, email, username, passwrd, date_of_birth, branch) VALUES (26, 'Laura', 'York', 2, 'LYork44@email.com', 'LYork44', '$2b$12$8g.HSknuDxEy19J4.hj6UOIrOCzZIijLEEfbmy6M5MuW4oUrqUj9', '1993-02-09', 5);
INSERT INTO users (id, first_name, last_name, gender, email, username, passwrd, date_of_birth, branch) VALUES (27, 'Anthony', 'Thornton', 1, 'AThornton48@email.com', 'AThornton48', '$2b$12$n85hdIlB7P9SkqfF/Pib8.DkkKV7UsSt7vgf1n0n5IkJ9VCsrd3.', '1997-07-01', 2);
INSERT INTO users (id, first_name, last_name, gender, email, username, passwrd, date_of_birth, branch) VALUES (28, 'Glenda', 'Wilson', 2, 'GWilson7@email.com', 'GWilson7', '$2b$12$LcFj.8Lhbfhzj4q5sPlvmutryxEgVSU80wmPlo/dhuldq3nQjuwb', '2001-05-21', 5);
INSERT INTO users (id, first_name, last_name, gender, email, username, passwrd, date_of_birth, branch) VALUES (29, 'Alan', 'Nelson', 1, 'ANelson88@email.com', 'ANelson88', '$2b$12$f.IOuTY3CpbNwiQXPo8cWOscvgwxDlPwplRgUCTQ8w.8NmQqEfki', '1998-05-20', 4);
INSERT INTO users (id, first_name, last_name, gender, email, username, passwrd, date_of_birth, branch) VALUES (30, 'Edward', 'Lara', 3, 'ELara92@email.com', 'ELara92', '$2b$12$oo/Xxab8APa3y1dY5KxHhuiKsXByXXm.yj34D5e.D983LA8oDwuh', '1993-07-01', 2);
INSERT INTO users (id, first_name, last_name, gender, email, username, passwrd, date_of_birth, branch) VALUES (31, 'Michael', 'Taylor', 1, 'MTaylor16@email.com', 'MTaylor16', '$2b$12$ZtcsTMZ2dd3XoET2EKq09OwH6R7aIxXJhYVg4yquA5ux2qNKuOhw', '1997-10-19', 1);
INSERT INTO users (id, first_name, last_name, gender, email, username, passwrd, date_of_birth, branch) VALUES (32, 'Sarah', 'Hart', 2, 'SHart15@email.com', 'SHart15', '$2b$12$ZH6AJuTTDpv9Plh/gcPVquQoVUf6nggAugnJQRsB88sxn.zefIun', '1990-11-25', 5);
INSERT INTO users (id, first_name, last_name, gender, email, username, passwrd, date_of_birth, branch) VALUES (33, 'William', 'Bowman', 1, 'WBowman18@email.com', 'WBowman18', '$2b$12$vAYfzkob.w2f7N5lSWo1i.9bmxAsUW23pRsD0aw7S16A5OlFAW1D', '1987-09-26', 1);
INSERT INTO users (id, first_name, last_name, gender, email, username, passwrd, date_of_birth, branch) VALUES (34, 'Kristy', 'Hall', 2, 'KHall98@email.com', 'KHall98', '$2b$12$Fkjy0Jtd3zxZlCSke1P.DONjboW8VqQOhDyutKapv0VPBPjx9mvi', '1992-05-14', 4);
INSERT INTO users (id, first_name, last_name, gender, email, username, passwrd, date_of_birth, branch) VALUES (35, 'Charles', 'Harris', 1, 'CHarris80@email.com', 'CHarris80', '$2b$12$SCPHCB6Y8.OoOA2UbZs6gOV2wtltjOy40F0HwHeh2oFA3cGW4//R', '1998-09-27', 4);
INSERT INTO users (id, first_name, last_name, gender, email, username, passwrd, date_of_birth, branch) VALUES (36, 'Lee', 'Christian', 3, 'LChristian29@email.com', 'LChristian29', '$2b$12$sDKZCjnHF8h1mDKoJb86E.Fval/ARBS76NRSI8GQBtulX1J/dh5t', '1990-01-18', 2);
INSERT INTO users (id, first_name, last_name, gender, email, username, passwrd, date_of_birth, branch) VALUES (37, 'Haley', 'Lopez', 2, 'HLopez23@email.com', 'HLopez23', '$2b$12$Vsm45mmNs2fo/YRtUb92R.rDjNuj2Ee632U6ICFmLfEiqPfJ8dd4', '1999-02-23', 1);
INSERT INTO users (id, first_name, last_name, gender, email, username, passwrd, date_of_birth, branch) VALUES (38, 'Joshua', 'Moody', 3, 'JMoody93@email.com', 'JMoody93', '$2b$12$u1ATNz05543srpunK/09AeOxhV680fzdzNl6Ba/t4OETYeFwNaQ0', '1994-08-05', 3);
INSERT INTO users (id, first_name, last_name, gender, email, username, passwrd, date_of_birth, branch) VALUES (39, 'Jesus', 'Barnes', 1, 'JBarnes55@email.com', 'JBarnes55', '$2b$12$qCQFjfshlxojcKIZFoFqy.s2pjmiukKjSRnS4Ugy9B5ws4zB0Oim', '1997-12-19', 2);
INSERT INTO users (id, first_name, last_name, gender, email, username, passwrd, date_of_birth, branch) VALUES (40, 'Alyssa', 'Washington', 2, 'AWashington70@email.com', 'AWashington70', '$2b$12$duu0PJTLvugVz/r8SRagZO0FtN.2FHRL7RDOVxqH77zI2vX5JRSQ', '1986-03-25', 5);
INSERT INTO users (id, first_name, last_name, gender, email, username, passwrd, date_of_birth, branch) VALUES (41, 'Angela', 'King', 2, 'AKing35@email.com', 'AKing35', '$2b$12$wD2En.jpgj7A2uObdj9M6..YDs8NYkxWkiR07OC1c0yhtdWl/fIP', '1993-11-14', 2);
INSERT INTO users (id, first_name, last_name, gender, email, username, passwrd, date_of_birth, branch) VALUES (42, 'Jennifer', 'Pace', 2, 'JPace14@email.com', 'JPace14', '$2b$12$pH.xxagTIbyFir.WPISIfe/AlsbhofyR5BeU.kASuB4BYKYC7m8P', '1998-08-04', 3);
INSERT INTO users (id, first_name, last_name, gender, email, username, passwrd, date_of_birth, branch) VALUES (43, 'David', 'Wilson', 1, 'DWilson32@email.com', 'DWilson32', '$2b$12$XhZipoWBbDdIbxjeo.gkee2bPUgZmLmGaYOqbEJfkBwLIHKDntex', '1992-12-26', 3);
INSERT INTO users (id, first_name, last_name, gender, email, username, passwrd, date_of_birth, branch) VALUES (44, 'Pamela', 'Wood', 2, 'PWood3@email.com', 'PWood3', '$2b$12$xv/Bh1n/vjPnNIFQw.yxl.SxCrFMOv.YsQ5H9MwyCpQlXXS2uYRP', '1989-06-08', 4);
INSERT INTO users (id, first_name, last_name, gender, email, username, passwrd, date_of_birth, branch) VALUES (45, 'Jenny', 'Little', 2, 'JLittle67@email.com', 'JLittle67', '$2b$12$iJ3rJX82XxfaOlm2lCNPRODzk2AGzdwceUbbZ.sixWKKUCyyy8Ht', '1984-04-15', 5);
INSERT INTO users (id, first_name, last_name, gender, email, username, passwrd, date_of_birth, branch) VALUES (46, 'William', 'Mccormick', 1, 'WMccormick66@email.com', 'WMccormick66', '$2b$12$LT76tLDvYEXy5nGhqYSl9uTW4VGafjLWCJNq9p2ax6RYwAB8pCzZ', '1997-06-20', 4);
INSERT INTO users (id, first_name, last_name, gender, email, username, passwrd, date_of_birth, branch) VALUES (47, 'Karen', 'Haynes', 2, 'KHaynes15@email.com', 'KHaynes15', '$2b$12$J.ATs67tyXTb92aLeTlyte48hK0uRIZu0/ERtZuDHbNqgSrXwD/z', '1996-08-18', 1);
INSERT INTO users (id, first_name, last_name, gender, email, username, passwrd, date_of_birth, branch) VALUES (48, 'Laura', 'Brown', 2, 'LBrown16@email.com', 'LBrown16', '$2b$12$sIr9DgU1X3BgryJCjQ8fm.CeBZu0ZEuFwZ4IraWWw.VLXeH.iQkT', '1996-06-17', 5);
INSERT INTO users (id, first_name, last_name, gender, email, username, passwrd, date_of_birth, branch) VALUES (49, 'Tracey', 'Gomez', 2, 'TGomez88@email.com', 'TGomez88', '$2b$12$5AJKYwFHFEhz4cy5sluadOQYMupwRywecIbBI/rh2PZhYMsaEb4e', '1986-03-21', 5);
INSERT INTO users (id, first_name, last_name, gender, email, username, passwrd, date_of_birth, branch) VALUES (50, 'Cynthia', 'Smith', 2, 'CSmith22@email.com', 'CSmith22', '$2b$12$8dyCDxSb6BQYWL5VwhuZ3O0PXBDSmY3ywJYAL/VdptAaXH1bZUKn', '1991-11-05', 3);
INSERT INTO users (id, first_name, last_name, gender, email, username, passwrd, date_of_birth, branch) VALUES (51, 'Martha', 'Russell', 2, 'MRussell88@email.com', 'MRussell88', '$2b$12$0aItCj7qZT/TSJHLU8RQEeu4XMEJZJcey2c1JCjsPdMzWp191l2V', '1988-03-09', 4);
INSERT INTO users (id, first_name, last_name, gender, email, username, passwrd, date_of_birth, branch) VALUES (52, 'Dawn', 'Myers', 2, 'DMyers24@email.com', 'DMyers24', '$2b$12$kNBuqfeE/KAC9qEtTQmFj.v8Iu0g35crHUmfnQrXUMIe.JWwFGIF', '1982-10-28', 1);
INSERT INTO users (id, first_name, last_name, gender, email, username, passwrd, date_of_birth, branch) VALUES (53, 'Tara', 'Wilson', 2, 'TWilson17@email.com', 'TWilson17', '$2b$12$rCFc4fVsj9EuMvlk5dX4ve.iUnc9CnXLn42c4535BbmBdATOSFsJ', '1984-08-11', 1);
INSERT INTO users (id, first_name, last_name, gender, email, username, passwrd, date_of_birth, branch) VALUES (54, 'Curtis', 'Johnson', 1, 'CJohnson68@email.com', 'CJohnson68', '$2b$12$leLTv0qnmSHEOPUJFQ7DSelJYLIRFrT9CN6Ffxkq12e9GGSsxpOT', '1985-12-20', 3);
INSERT INTO users (id, first_name, last_name, gender, email, username, passwrd, date_of_birth, branch) VALUES (55, 'Rebekah', 'Wolfe', 2, 'RWolfe51@email.com', 'RWolfe51', '$2b$12$Uay1nHfK6un9cZXcWZsMV.4X7.jUxcRwR4lag2AiXDLI.PAusPhN', '1990-03-08', 3);
INSERT INTO users (id, first_name, last_name, gender, email, username, passwrd, date_of_birth, branch) VALUES (56, 'Kyle', 'Sawyer', 1, 'KSawyer82@email.com', 'KSawyer82', '$2b$12$Rf.5qmhUyCjdKSMElGEvUu8M354lYoR63muXDiZqWFGv5WqN2Cpb', '1987-01-02', 5);
INSERT INTO users (id, first_name, last_name, gender, email, username, passwrd, date_of_birth, branch) VALUES (57, 'Hunter', 'Munoz', 1, 'HMunoz11@email.com', 'HMunoz11', '$2b$12$48BNcGw//Oq9sk6Xp3qy/.Rd1rOqwctG7XyXWHDsmHBtzOE80TI.', '1989-04-15', 5);
INSERT INTO users (id, first_name, last_name, gender, email, username, passwrd, date_of_birth, branch) VALUES (58, 'Jamie', 'Zhang', 2, 'JZhang37@email.com', 'JZhang37', '$2b$12$eoNTBBkIoXa54dnbXlUwQOCFlVdckQRD9MjaBpqySYsn7CUIuR1.', '1999-07-26', 5);
INSERT INTO users (id, first_name, last_name, gender, email, username, passwrd, date_of_birth, branch) VALUES (59, 'Christopher', 'Walter', 3, 'CWalter52@email.com', 'CWalter52', '$2b$12$FQuwkvEWl2/jK16xTCASaeYPTMxkEcReEl4oKNyqVzCR22F6sgsr', '2001-06-21', 3);
INSERT INTO users (id, first_name, last_name, gender, email, username, passwrd, date_of_birth, branch) VALUES (60, 'Angela', 'Travis', 2, 'ATravis19@email.com', 'ATravis19', '$2b$12$cbegn20rDuy9Oqr/gIbtSePSLbZTINuuVnUiNI5wJAVYhwgDWg0W', '1986-01-08', 4);
INSERT INTO users (id, first_name, last_name, gender, email, username, passwrd, date_of_birth, branch) VALUES (61, 'Tina', 'Padilla', 2, 'TPadilla17@email.com', 'TPadilla17', '$2b$12$jxEwL8F7pv7YNkp1fyvgmeOZntZ7m/9elw./7D9IdYn8GhIhq0Wo', '1982-10-08', 1);
INSERT INTO users (id, first_name, last_name, gender, email, username, passwrd, date_of_birth, branch) VALUES (62, 'Gary', 'Jackson', 1, 'GJackson65@email.com', 'GJackson65', '$2b$12$p924p3WEY71B2Tf4b8.ymel6h6Agkyq9/Mmv3sq7iAuyrvljn4yG', '1996-05-24', 4);
INSERT INTO users (id, first_name, last_name, gender, email, username, passwrd, date_of_birth, branch) VALUES (63, 'Michele', 'Welch', 2, 'MWelch84@email.com', 'MWelch84', '$2b$12$LQBbksI6PUPBLXggGp3PdOJK5/cRPnhi2UMltdy9/wY9H5k0nfj4', '1986-05-01', 1);
INSERT INTO users (id, first_name, last_name, gender, email, username, passwrd, date_of_birth, branch) VALUES (64, 'Rachel', 'Saunders', 2, 'RSaunders56@email.com', 'RSaunders56', '$2b$12$aQKysRxsYifEfvcfaJaw3.rD/7lM9kbuHnPY.XceF3wfhBmRXhVh', '1994-12-10', 5);
INSERT INTO users (id, first_name, last_name, gender, email, username, passwrd, date_of_birth, branch) VALUES (65, 'Elizabeth', 'Rasmussen', 2, 'ERasmussen41@email.com', 'ERasmussen41', '$2b$12$GAuvD1zBTyas4O8oWO8vuuZSJ2en2HprjFms7Tr27E43jLD8XUwF', '1994-06-29', 3);
INSERT INTO users (id, first_name, last_name, gender, email, username, passwrd, date_of_birth, branch) VALUES (66, 'Erik', 'Wolfe', 1, 'EWolfe73@email.com', 'EWolfe73', '$2b$12$9J8I57w25bNULYScxKAsN.W3LYnfDK20xe2sBdzaIS.SQGg02/jY', '1995-03-07', 4);
INSERT INTO users (id, first_name, last_name, gender, email, username, passwrd, date_of_birth, branch) VALUES (67, 'Lauren', 'Simon', 2, 'LSimon45@email.com', 'LSimon45', '$2b$12$crQ6x974w7QSdHfCxBMyxuPdrdW7Fk1Y5rvme.48sas/54hFOIB7', '1989-08-06', 4);
INSERT INTO users (id, first_name, last_name, gender, email, username, passwrd, date_of_birth, branch) VALUES (68, 'Sara', 'Rodriguez', 3, 'SRodriguez65@email.com', 'SRodriguez65', '$2b$12$xM/5aD7GliL95SYtqMrSaekxuCiLbqO1TxCkcG3scWHrbcG3UWEa', '1992-05-11', 3);
INSERT INTO users (id, first_name, last_name, gender, email, username, passwrd, date_of_birth, branch) VALUES (69, 'Ashley', 'Alexander', 3, 'AAlexander48@email.com', 'AAlexander48', '$2b$12$uS1p0pOiIqBKJy/bfSyiAukz3CDlUqS36avyH2Ak2Bk2qHQ34fI8', '2001-03-02', 1);
INSERT INTO users (id, first_name, last_name, gender, email, username, passwrd, date_of_birth, branch) VALUES (70, 'Shawn', 'Johnson', 1, 'SJohnson43@email.com', 'SJohnson43', '$2b$12$uMKmE/vK1se5LYOMFwsp/uMfhWLxNw.D9V.VBsCIunAAlNlZLTGv', '2002-08-09', 4);
INSERT INTO users (id, first_name, last_name, gender, email, username, passwrd, date_of_birth, branch) VALUES (71, 'Leslie', 'Thomas', 2, 'LThomas7@email.com', 'LThomas7', '$2b$12$fdXbv.82zNfve8IZopwomeCc4IjjaL6JqYctKhZF1UXLEvEnC3sx', '1999-02-22', 1);
INSERT INTO users (id, first_name, last_name, gender, email, username, passwrd, date_of_birth, branch) VALUES (72, 'Amanda', 'Brock', 2, 'ABrock82@email.com', 'ABrock82', '$2b$12$UuO1j1DAl.k5JKTofh/Dv.i16GFZjKPKMo.c1aeREQJky7wQ/73T', '1995-07-29', 4);
INSERT INTO users (id, first_name, last_name, gender, email, username, passwrd, date_of_birth, branch) VALUES (73, 'Sue', 'Williams', 2, 'SWilliams91@email.com', 'SWilliams91', '$2b$12$7/o3D2j8GRnJY3466OgomezcCoTngnYo.R6CliUnyNnZvcoFFr2L', '1996-10-26', 4);
INSERT INTO users (id, first_name, last_name, gender, email, username, passwrd, date_of_birth, branch) VALUES (74, 'Ronald', 'Ibarra', 1, 'RIbarra86@email.com', 'RIbarra86', '$2b$12$5HEmR4OzoqTCYpzGC7cAbukhePDamdB7uy8NWu/p3gQCbATupgfF', '1989-07-09', 1);
INSERT INTO posts (id, poster_id, title, body, created) VALUES (0, 18, 'well large', 'popular result mention American its simply decision firm discussion message end letter behavior decision peace benefit much Republican shake drop animal study they she goal help. upon ago future magazine. agency reach ok song behavior call follow forward bill fire by close speak say professional we watch attack dinner heavy response one building campaign like director lawyer across. current short kind hit check skin add activity heart keep table everybody political', '2021-10-23');
INSERT INTO post_comments (id, post_id, commenter_id, message, created) VALUES (0, 0, 24, 'second order wait figure child find west feel significant someone prepare interview cold paper where interview face newspaper effort because social fly industry bring check account air if game. one chair sure memory current man president meeting suddenly north indicate yet suffer without really almost pressure challenge sit camera per reduce local audience always enjoy different figure the player once sense challenge energy today look expect law Mr political author add but recent general section here energy girl skin many', '2021-10-31');
INSERT INTO post_comments (id, post_id, commenter_id, message, created) VALUES (1, 0, 13, 'above station provide end. message election grow citizen us else back top relationship third industry grow somebody create while myself suddenly government term dark impact understand move center official site condition soon fire animal force region. son both appear analysis election natural smile everyone process share despite identify evidence. more. most purpose appear write resource born natural. many campaign particular word it none town material blood both entire central price skin. Republican daughter color two total relate card year if bank remain ask natural make high write small couple moment argue floor', '2021-10-28');
INSERT INTO post_comments (id, post_id, commenter_id, message, created) VALUES (2, 0, 27, 'concern while off politics language thank government father apply serve even risk difficult the to lawyer our interest article second else cultural direction purpose nearly time culture wide side plant town from training themselves nothing answer professor support. group edge near understand. nation free increase ability time. general space camera light analysis national talk apply civil surface adult marriage yourself effect green marriage sometimes move wish contain. address someone', '2021-10-30');
INSERT INTO post_comments (id, post_id, commenter_id, message, created) VALUES (3, 0, 24, 'tend could style building statement. another within say matter reduce bed create third believe population she democratic audience. think dog instead who stuff listen matter national. world rate woman week information herself party sell story capital soldier. daughter anyone enter store another foreign. tend ability southern certainly down environmental training defense college wait prove join until girl analysis', '2021-11-05');
INSERT INTO post_comments (id, post_id, commenter_id, message, created) VALUES (4, 0, 33, 'any could story economy college buy truth change probably cultural east feeling. year level when cultural personal. would chair politics well hair already have skill maintain nor learn marriage every memory call avoid because guy support plant necessary process program free race center', '2021-11-07');
INSERT INTO post_comments (id, post_id, commenter_id, message, created) VALUES (5, 0, 8, 'feel. result suffer become environment explain for wife bag trip government know water want security charge pass similar single many last family suddenly professor at attention friend evidence certainly chair reality seek cold me. cold some speech close provide hope forward improve seem whose hit relate maybe check number animal its break economic under for rather mind else thus oil enough pretty always tell ball', '2021-10-29');
INSERT INTO post_comments (id, post_id, commenter_id, message, created) VALUES (6, 0, 46, 'similar identify wife test natural tell. special value. product marriage soon pattern paper behind relationship window lay require bit free indicate scientist history memory television on member you lay increase understand peace religious opportunity party past parent Republican between special use others of blue I home marriage education college shoulder many state record discover', '2021-11-01');
INSERT INTO post_comments (id, post_id, commenter_id, message, created) VALUES (7, 0, 23, 'respond. although. air movie might ago none investment tonight almost want notice simple road article set water nor talk least agree dark magazine guess service student rate. often attorney agent hard statement bed put eat treatment attorney however practice beyond. over help history two simply second region quickly process structure short their with question commercial even despite thing food. with month fear or blue blue federal boy store land', '2021-10-29');
INSERT INTO post_comments (id, post_id, commenter_id, message, created) VALUES (8, 0, 32, 'nor son until stock south rather sea eat statement nor form decide election since necessary. growth. practice very anyone adult. reduce forward claim fast science past your night could. concern today store network there people of son its lot involve road thought night major then use sit heavy over. never social vote ten above eat health trial middle threat suddenly high vote police base summer government political', '2021-10-25');
INSERT INTO user_likes (user_id, post_id) VALUES (47, 0);
INSERT INTO user_likes (user_id, post_id) VALUES (37, 0);
INSERT INTO user_likes (user_id, post_id) VALUES (65, 0);
INSERT INTO user_likes (user_id, post_id) VALUES (7, 0);
INSERT INTO user_likes (user_id, post_id) VALUES (36, 0);
INSERT INTO user_likes (user_id, post_id) VALUES (66, 0);
INSERT INTO user_likes (user_id, post_id) VALUES (42, 0);
INSERT INTO user_likes (user_id, post_id) VALUES (54, 0);
INSERT INTO user_likes (user_id, post_id) VALUES (16, 0);
INSERT INTO user_likes (user_id, post_id) VALUES (55, 0);
INSERT INTO posts (id, poster_id, title, body, created) VALUES (1, 28, 'soldier against', 'during develop though radio food recent occur dog whole like certainly person door. huge herself trouble car wonder bring good rock. meeting easy PM source participant. send word daughter interview. easy movie argue size business decade paper', '2021-10-13');
INSERT INTO post_comments (id, post_id, commenter_id, message, created) VALUES (0, 1, 69, 'mouth star you look guy reach face show window positive bring sea toward identify wear on office. gas report area consumer character. human church special leader experience prevent or anyone own ball tough thought ask campaign should century again rather require war red forget town kitchen evening avoid suggest allow mind go least speech floor sort public nearly country movie current', '2021-10-14');
INSERT INTO post_comments (id, post_id, commenter_id, message, created) VALUES (1, 1, 2, 'institution color short science arm something. yard those economy compare century remain allow suggest cell record Republican those follow. each field will national provide else drop hold employee none main wide policy camera certain say cultural language. yes enough clear tree teach market for those good minute listen choice. order at field particular leader vote oil again him after wait history', '2021-10-29');
INSERT INTO user_likes (user_id, post_id) VALUES (58, 1);
INSERT INTO user_likes (user_id, post_id) VALUES (72, 1);
INSERT INTO user_likes (user_id, post_id) VALUES (4, 1);
INSERT INTO user_likes (user_id, post_id) VALUES (44, 1);
INSERT INTO user_likes (user_id, post_id) VALUES (20, 1);
INSERT INTO user_likes (user_id, post_id) VALUES (2, 1);
INSERT INTO user_likes (user_id, post_id) VALUES (55, 1);
INSERT INTO user_likes (user_id, post_id) VALUES (34, 1);
INSERT INTO user_likes (user_id, post_id) VALUES (49, 1);
INSERT INTO posts (id, poster_id, title, body, created) VALUES (2, 44, 'above approach dark', 'should end enter several seat many respond smile interview claim tend look gas maintain call forget executive all own treat mention through. rest fight. usually house against how. section market. forget. picture product change loss official certainly car leg eye business character sometimes we subject guy suffer.', '2021-11-06');
INSERT INTO post_comments (id, post_id, commenter_id, message, created) VALUES (0, 2, 51, 'animal interest the ago suffer road join quality article seven wife maybe contain tree over. participant television pull. carry decision test role whole agent key store rock leader. traditional worker protect finally dinner you somebody visit similar floor far improve generation often. catch company institution leg medical stuff foot surface return quite glass. area growth Republican century risk product happen during again middle perhaps bag. agree recognize last. from', '2021-11-06');
INSERT INTO post_comments (id, post_id, commenter_id, message, created) VALUES (1, 2, 4, 'consumer investment international short. defense. truth best religious nor very chair. college hit new receive bed easy white break growth front technology style away agent everybody ago sound guy claim daughter business brother subject create ball paper important look east group smile describe create production range walk for let see better him camera. return city real present you college good we development seek', '2021-11-07');
INSERT INTO post_comments (id, post_id, commenter_id, message, created) VALUES (2, 2, 31, 'image sign exist discover well together enter. suffer strong military develop whole still pay heavy continue decade very them party get partner avoid thought professional watch force manager want might nice lose throughout drive indicate interview deal firm development spend a front how. Mrs whose. TV those picture open million. bar management impact law week water tree view score just born keep stay parent beat important summer', '2021-11-07');
INSERT INTO post_comments (id, post_id, commenter_id, message, created) VALUES (3, 2, 63, 'bank image weight include day foot series out result politics people because young language represent agency down she compare American professor despite game represent how institution five us produce door language protect current. particularly range. response million since long lot Congress particularly ground grow today month', '2021-11-07');
INSERT INTO post_comments (id, post_id, commenter_id, message, created) VALUES (4, 2, 6, 'early book consumer space shake room now speak tend article skill street draw site. place head training mean difference strong available avoid ground anything rich ask end hand record wish next nature father term pretty yard serious rest book stuff common government culture bit into stop certain more Mr south see. much someone husband however star culture night nearly song phone even school machine general fly', '2021-11-07');
INSERT INTO user_likes (user_id, post_id) VALUES (39, 2);
INSERT INTO user_likes (user_id, post_id) VALUES (4, 2);
INSERT INTO user_likes (user_id, post_id) VALUES (9, 2);
INSERT INTO user_likes (user_id, post_id) VALUES (58, 2);
INSERT INTO user_likes (user_id, post_id) VALUES (15, 2);
INSERT INTO user_likes (user_id, post_id) VALUES (53, 2);
INSERT INTO user_likes (user_id, post_id) VALUES (35, 2);
INSERT INTO user_likes (user_id, post_id) VALUES (60, 2);
INSERT INTO user_likes (user_id, post_id) VALUES (69, 2);
INSERT INTO posts (id, poster_id, title, body, created) VALUES (3, 0, 'page thought figure ten', 'material young put movie experience old difficult data. cut pressure who only try particularly one protect history side practice here add get where dream these media leave week worker occur operation sometimes respond yes contain expert color board foreign recently production toward around ten Mr nearly little produce', '2021-10-26');
INSERT INTO post_comments (id, post_id, commenter_id, message, created) VALUES (0, 3, 27, 'successful smile if indicate article board agent relationship wide list weight black them product former area work long mind race course town staff meeting rich style peace network garden receive set work learn age class. response back than nearly similar economic building power I until may', '2021-11-02');
INSERT INTO post_comments (id, post_id, commenter_id, message, created) VALUES (1, 3, 60, 'section discuss almost worry security walk she rule around under many single company evening billion light full walk sit. along rich listen book southern hotel expert. voice car explain gas you realize author force tend history two over. certain. local show. hour you boy run. father take blue pull beat class compare debate final soldier heart huge support report simple as despite. expert interview. main lawyer fire enter enjoy part matter few difficult soon hard she would.', '2021-10-28');
INSERT INTO post_comments (id, post_id, commenter_id, message, created) VALUES (2, 3, 70, 'positive relationship perhaps management what husband concern each blood almost everybody play sense question dream choose plan pay happen billion factor through support manager. late black', '2021-11-07');
INSERT INTO post_comments (id, post_id, commenter_id, message, created) VALUES (3, 3, 27, 'expect analysis show not simple peace cultural four plan third here. increase rise vote free too value just different. mention what network agreement entire when hospital visit style reason across. shoulder series. to personal church city course through would moment indeed song', '2021-11-05');
INSERT INTO post_comments (id, post_id, commenter_id, message, created) VALUES (4, 3, 71, 'town trouble stuff. land. authority side throw picture me arm point mouth quickly consumer yard. show score return actually own manage present ahead attention. it. half me. south suffer participant idea kind than carry situation though yard nice no doctor today executive you training work film teacher well police already wrong. either so seem. peace find fill language allow paper high relate way where defense around live sell. eat white develop local less girl respond shoulder decision hotel trial item local reach sister impact table alone tonight', '2021-10-31');
INSERT INTO post_comments (id, post_id, commenter_id, message, created) VALUES (5, 3, 38, 'tell center agent free send nature ever event follow suddenly democratic family human help reason remain foot you leg piece debate. your loss police line report. sea his suggest music ground pull station recognize', '2021-10-30');
INSERT INTO post_comments (id, post_id, commenter_id, message, created) VALUES (6, 3, 18, 'raise list growth discover tax among memory something sport PM international structure real represent human ago international treat individual share side picture. price sure left lawyer explain character', '2021-11-02');
INSERT INTO post_comments (id, post_id, commenter_id, message, created) VALUES (7, 3, 69, 'real state some high international help nor fill learn with hear cause similar. week treat environmental phone decision model say item party action law child when support personal employee miss base community practice bit describe town finally exist later common early trial week. what but seek. determine order or stay thank event someone how too travel small decision care forget seek out use administration unit policy record thing opportunity same turn much', '2021-11-05');
INSERT INTO post_comments (id, post_id, commenter_id, message, created) VALUES (8, 3, 60, 'score probably little. middle agent though room its. mission price official around indeed deal attention girl all standard perform car project one base. alone feel provide appear. chance group report. student true. sometimes defense worry catch join religious station town interesting own majority none present everybody heart can us show prepare popular imagine final yet money set myself morning vote throughout better rest', '2021-11-04');
INSERT INTO post_comments (id, post_id, commenter_id, message, created) VALUES (9, 3, 24, 'back law follow. marriage thousand wind government make current positive about away attack news method hold executive. less usually up reduce. significant language worry. so security money strong up follow center fact style yes improve meeting voice eat general pull allow citizen painting during before understand together wear different but enter. trial. free successful another eat present management week. season later style material impact travel either green town. school world president TV. race these improve finally shake. her visit', '2021-10-27');
INSERT INTO user_likes (user_id, post_id) VALUES (9, 3);
INSERT INTO user_likes (user_id, post_id) VALUES (4, 3);
INSERT INTO user_likes (user_id, post_id) VALUES (3, 3);
INSERT INTO user_likes (user_id, post_id) VALUES (41, 3);
INSERT INTO user_likes (user_id, post_id) VALUES (63, 3);
INSERT INTO user_likes (user_id, post_id) VALUES (64, 3);
INSERT INTO user_likes (user_id, post_id) VALUES (26, 3);
INSERT INTO user_likes (user_id, post_id) VALUES (53, 3);
INSERT INTO user_likes (user_id, post_id) VALUES (47, 3);
INSERT INTO posts (id, poster_id, title, body, created) VALUES (4, 68, 'us beat sister receive', 'century involve likely. town other scientist none development hear detail class TV crime son behind eat learn recent. may prepare free. strong plan tonight rate walk others fine throughout', '2021-11-06');
INSERT INTO post_comments (id, post_id, commenter_id, message, created) VALUES (0, 4, 16, 'eye politics. vote. yourself measure. exist his run shake bank mention themselves ground. admit loss score help present possible read bar poor positive increase throughout green', '2021-11-07');
INSERT INTO post_comments (id, post_id, commenter_id, message, created) VALUES (1, 4, 47, 'benefit pull individual raise follow. can thing democratic as. develop themselves believe garden woman option sell. ever poor. wind charge less product field range front too together safe section forward drug live however break establish beautiful town should turn room population right officer woman seat too save use assume wish build hand option professor behavior share. nearly. here modern. culture growth country throw past relate water stock machine energy chance get represent impact. oil country', '2021-11-08');
INSERT INTO post_comments (id, post_id, commenter_id, message, created) VALUES (2, 4, 6, 'race blood tough pattern yet wait talk ability space but real six officer season computer social phone current. laugh million still information. agree drop interest less letter possible reality animal issue idea appear civil instead speech civil writer certain new. visit such campaign another election movie end dinner guess thousand case station work weight final. family them open pick. show fight forget news exactly choose picture officer magazine daughter store see century after western simply wear front where', '2021-11-06');
INSERT INTO post_comments (id, post_id, commenter_id, message, created) VALUES (3, 4, 54, 'see make raise skin thank report its start probably threat test west sort professor along parent. back those American manage appear produce agreement certain try senior', '2021-11-07');
INSERT INTO post_comments (id, post_id, commenter_id, message, created) VALUES (4, 4, 3, 'value much fine administration beyond feel me manage former prevent everyone smile check behind great situation camera. near cup prepare play service article garden trip artist check issue now fact. left color report create whatever fast whole behavior according experience arrive push open address green green dinner wall course talk impact chance rise many employee maintain phone guess. physical him staff ability better international two mention city owner goal perhaps ago so commercial control receive food area hospital news voice old authority pattern. control rather lead reason suggest', '2021-11-07');
INSERT INTO post_comments (id, post_id, commenter_id, message, created) VALUES (5, 4, 19, 'ready weight structure son question join support theory best a wall strategy economy area control time project person world scene mission water benefit couple rest interesting they environmental best return situation situation cup health call skill people structure every despite win answer present major soldier style break before where pick. board other understand choice avoid enjoy into week', '2021-11-06');
INSERT INTO post_comments (id, post_id, commenter_id, message, created) VALUES (6, 4, 26, 'pick scene structure environment this high attack move carry he toward pick avoid language half night. door audience work worry dream drug business probably address soldier miss. color believe whose culture. region drug mean', '2021-11-07');
INSERT INTO post_comments (id, post_id, commenter_id, message, created) VALUES (7, 4, 60, 'half real small couple treat name identify indeed view recent resource anything case change trial organization list. her local take yes film old dream pull later. rise stuff whole. property tell fight old how would watch nothing space range what piece right draw agency almost base evening military laugh beautiful skin down local current product clear society development do candidate thank ok car build job base four wait pressure court give modern wall suggest far paper. college view share', '2021-11-06');
INSERT INTO post_comments (id, post_id, commenter_id, message, created) VALUES (8, 4, 7, 'window. it. vote special he meeting. team wife though thought much building would senior move myself. improve city easy it night interview same operation other interest pretty mother account wish. late lay', '2021-11-07');
INSERT INTO post_comments (id, post_id, commenter_id, message, created) VALUES (9, 4, 62, 'happy also throughout some responsibility scene. its life. fish present there possible charge focus mind teacher himself set agree south point discussion pattern easy simply future until do together trial another take marriage particular control without top small speech her color sit tree and take point laugh start well someone movie garden can loss our yard clear must reveal if if carry difference', '2021-11-07');
INSERT INTO user_likes (user_id, post_id) VALUES (54, 4);
INSERT INTO user_likes (user_id, post_id) VALUES (39, 4);
INSERT INTO user_likes (user_id, post_id) VALUES (55, 4);
INSERT INTO user_likes (user_id, post_id) VALUES (61, 4);
INSERT INTO user_likes (user_id, post_id) VALUES (60, 4);
INSERT INTO user_likes (user_id, post_id) VALUES (10, 4);
INSERT INTO user_likes (user_id, post_id) VALUES (74, 4);
INSERT INTO user_likes (user_id, post_id) VALUES (58, 4);
INSERT INTO user_likes (user_id, post_id) VALUES (16, 4);
INSERT INTO posts (id, poster_id, title, body, created, last_edited) VALUES (5, 56, 'other if', 'together gun enjoy service data class do father hundred add set though growth street eat rise beautiful keep cover language deep executive company have industry fear store floor carry onto and show develop moment use could majority view road place agreement human. sign marriage. hour response despite dark indeed late now son enter. opportunity put offer wife site check hospital care attorney campaign hard leader citizen lose. machine recognize future defense', '2021-10-10', '2021-10-22');
INSERT INTO post_comments (id, post_id, commenter_id, message, created) VALUES (0, 5, 48, 'step successful subject commercial thousand plan base happy sign degree half scientist economy take radio thank attack. effort country about north nearly turn control laugh base whatever try cut school Republican minute movie six', '2021-10-28');
INSERT INTO post_comments (id, post_id, commenter_id, message, created) VALUES (1, 5, 5, 'act receive mission least beyond three election attack together avoid whole Republican. both. possible school. become trial probably election should. water image quickly tax answer night ahead agreement. home Democrat response change. lead hold court design leave lot middle five themselves way ball good outside do source guess suggest thousand low claim ten job wrong operation glass response though success nature. available bank address them simple party. ground agency consider wife fire into our camera include purpose no on', '2021-10-13');
INSERT INTO post_comments (id, post_id, commenter_id, message, created) VALUES (2, 5, 15, 'four art hundred or impact past entire piece our poor federal quite community instead manager concern foot human clear doctor reach statement always. fish suggest. short performance protect. those billion exist new instead nor. stand health debate building see see home claim unit practice collection our husband approach quality start stock open. could especially scene management attorney will almost myself hundred important cover power miss ever from receive six member herself statement religious dark on get whom him claim brother. able their main', '2021-10-16');
INSERT INTO post_comments (id, post_id, commenter_id, message, created) VALUES (3, 5, 10, 'station night group start chair oil computer still happy character garden service wind become skill head avoid foot if lot of arrive actually war north', '2021-10-23');
INSERT INTO post_comments (id, post_id, commenter_id, message, created) VALUES (4, 5, 21, 'detail check throughout range process wonder man officer let hour mother consumer sound arrive majority less kid money collection pick increase add person assume big sign challenge. leader generation involve occur occur win note while though fact information reflect prove. guy. down coach. seat treatment future us wait. show bar article medical life run require ahead grow create area usually analysis skill amount issue blue', '2021-10-12');
INSERT INTO post_comments (id, post_id, commenter_id, message, created) VALUES (5, 5, 51, 'account everything claim bill worker language city return year ago base look institution. all avoid adult hear individual indicate end week evening under half election program center smile write ball force another when in consider very throw site personal trade on class across clear quite election ball. economic station wait likely yet sea number huge carry deal fact final ask nearly indicate company fast enjoy capital movie study business bit hit physical matter north news reflect community couple church catch many score public eye prepare morning film letter your game know. their', '2021-11-08');
INSERT INTO post_comments (id, post_id, commenter_id, message, created) VALUES (6, 5, 17, 'stop hour especially item forget ability. along until whether prove church argue owner game choice minute save along current analysis material character close Republican deep must carry there allow strong oil simply pretty with travel strategy successful culture example member. right ground people wonder drop least relate wind human artist simple economy quickly dog similar mouth put building under personal sort recently when face', '2021-10-11');
INSERT INTO post_comments (id, post_id, commenter_id, message, created) VALUES (7, 5, 19, 'old us often draw writer. example political father official benefit answer political each democratic during garden magazine method cut decision worker media hit major floor pass foreign organization case show eat hand kid keep attention air campaign sense social test. away center water find father power. benefit administration democratic growth relate alone else its institution then three include marriage city develop big safe the. tax fine charge', '2021-11-08');
INSERT INTO post_comments (id, post_id, commenter_id, message, created) VALUES (8, 5, 35, 'soldier pressure. question amount certain which rather low election put. believe bit live fund. hair teach walk mean prepare us ok region road order energy structure painting mention mouth read practice real never pretty. relationship worker each people employee wrong role', '2021-11-06');
INSERT INTO post_comments (id, post_id, commenter_id, message, created) VALUES (9, 5, 67, 'yard term common to treat program stay late catch environment western enjoy. drive country peace cut medical also political. simple president strategy letter. medical raise hand into pressure add wife edge account hold care war best similar building best cover center place simply country room give team hope sing party rather exactly vote occur brother if. last bed. loss dinner chair successful source according. try six', '2021-10-13');
INSERT INTO user_likes (user_id, post_id) VALUES (2, 5);
INSERT INTO posts (id, poster_id, title, body, created) VALUES (6, 7, 'site difference low', 'participant. control treat positive woman once almost water team thank social itself use finish add plant meeting store laugh ball issue. black best write cell season fall phone personal together real activity still show reveal happy like body significant talk easy system behavior news. investment will sound', '2021-10-25');
INSERT INTO post_comments (id, post_id, commenter_id, message, created) VALUES (0, 6, 38, 'expert sport under upon war society live year light new happy put activity tend feeling apply a tree including during term foreign partner yes stage management cover example. despite address authority very development list article lot drug care investment former resource near know. heart officer since too detail tend two interest trade outside', '2021-11-07');
INSERT INTO post_comments (id, post_id, commenter_id, message, created) VALUES (1, 6, 60, 'stop type least hope central trade fast behavior report individual drug before human beyond mention card style degree skill under which bed firm factor stand when outside station feel movement seven marriage activity easy method book practice may to wrong first color store chair writer develop. think tough heart hard hundred wait east likely own popular. tax catch fight through stop theory build trial region seem land million crime high center allow factor film ok finally dream line name kind dream force than difficult policy energy control whether else coach already break employee production rich area know', '2021-11-07');
INSERT INTO post_comments (id, post_id, commenter_id, message, created) VALUES (2, 6, 21, 'value assume network environmental first. nor would sing official public recognize focus report. miss customer movie audience class property night serious play strong serve list according hit price bill health task move. admit up wear design throw tree seem might. need speech. stay least line pretty past no suffer study pressure step agreement hot watch government quality. research. sound clear article TV response movie. beautiful world still everyone. statement general sometimes woman international trip reflect practice wonder rock. all reduce remain image group attention stand why meeting clearly miss wide child reason lead author', '2021-10-30');
INSERT INTO user_likes (user_id, post_id) VALUES (41, 6);
INSERT INTO user_likes (user_id, post_id) VALUES (65, 6);
INSERT INTO user_likes (user_id, post_id) VALUES (54, 6);
INSERT INTO user_likes (user_id, post_id) VALUES (32, 6);
INSERT INTO user_likes (user_id, post_id) VALUES (11, 6);
INSERT INTO user_likes (user_id, post_id) VALUES (19, 6);
INSERT INTO user_likes (user_id, post_id) VALUES (25, 6);
INSERT INTO posts (id, poster_id, title, body, created) VALUES (7, 54, 'dream without', 'large. put give. moment last decade institution condition idea clear teach make southern development pay little ever nor relate show play lawyer kid. protect enjoy blue. begin generation work born fill follow adult performance home why do yard plan protect teacher story may those sister assume whether group here wife commercial audience resource issue recognize discover benefit among', '2021-11-02');
INSERT INTO post_comments (id, post_id, commenter_id, message, created) VALUES (0, 7, 12, 'knowledge benefit nature Democrat very space fill service. such accept generation general capital character its result from and feel bar cause activity long give meet responsibility. call increase true seem begin. say rule vote themselves decade worker Mrs. soon east because. single beat fish real. shoulder rich feeling difference often trial. statement natural indicate much agree might people debate fill fund. arm trip health ground two mission effect scientist use popular mind six. to drug adult Democrat. life much head behavior war drop year cut around table service seem tree grow reality else director identify PM out gas development event', '2021-11-07');
INSERT INTO post_comments (id, post_id, commenter_id, message, created) VALUES (1, 7, 53, 'memory others bar realize center response sport later whether build now. join put glass whatever clearly hair ball decision. nice against world feeling week season instead fast future think themselves wait possible few impact movie last pretty certainly believe surface not stuff ago rock explain mission need what conference board behavior investment begin. against order course foreign thus among woman industry training employee friend building value add. rock performance sister large sign method language appear thus meet wish beyond. how', '2021-11-05');
INSERT INTO post_comments (id, post_id, commenter_id, message, created) VALUES (2, 7, 25, 'do later. phone brother meeting threat drug reality exactly throw thing senior end economic turn occur phone information prevent sign suffer stock. television beautiful where own argue system account sport identify indicate. ok tax seat wrong lot stop build look must friend husband center see sign her international. can probably level yeah real far. old thank green worker value environment whole young agreement risk green', '2021-11-02');
INSERT INTO post_comments (id, post_id, commenter_id, message, created) VALUES (3, 7, 30, 'response future mention case guess until. win do song stop wide understand two see parent body particularly blood improve. window true approach man throw information government water statement social. laugh before discover site science record foot. detail threat practice challenge his whose. benefit material land sort national range fire race four different security foot. west left level food professor within focus wait rest ground general. analysis dream court firm', '2021-11-06');
INSERT INTO user_likes (user_id, post_id) VALUES (7, 7);
INSERT INTO posts (id, poster_id, title, body, created, last_edited) VALUES (8, 55, 'paper term reflect face', 'world race team tough indicate compare democratic person fine foreign eat tough could green sign guy government talk role response different health street fall impact argue form option building house color arrive work today any not plan my spend. meeting win help public spend offer popular point right', '2021-11-07', '2021-11-08');
INSERT INTO post_comments (id, post_id, commenter_id, message, created) VALUES (0, 8, 53, 'personal wrong. doctor physical list black send would her team important wrong behavior them stage kind say chair of each newspaper very star option probably scene manager player', '2021-11-08');
INSERT INTO post_comments (id, post_id, commenter_id, message, created) VALUES (1, 8, 31, 'put. military cut authority range throughout writer buy yourself. claim likely national couple than watch some risk soldier serve gas. game boy interest read myself. recognize respond cultural next history car choice cut many fast trip. talk data', '2021-11-07');
INSERT INTO post_comments (id, post_id, commenter_id, message, created) VALUES (2, 8, 71, 'model serious me woman thing wish vote. drive party model how former. including civil method appear real election coach herself show various moment must system before food such third work easy. war finish suddenly no despite view move. space my might animal remember former available reach north open most dog politics program black land hear officer their education various relationship stuff now best fear military free medical lose. instead.', '2021-11-07');
INSERT INTO post_comments (id, post_id, commenter_id, message, created) VALUES (3, 8, 16, 'federal improve morning can medical treat many analysis change hour pattern unit involve ever. safe into simple everything a bit team situation spring morning right', '2021-11-08');
INSERT INTO post_comments (id, post_id, commenter_id, message, created) VALUES (4, 8, 65, 'father upon reach around discuss number operation ready throughout measure woman store seat result include color go his tonight sound measure challenge five guy never board whether car his modern admit seem once. push seven', '2021-11-08');
INSERT INTO post_comments (id, post_id, commenter_id, message, created) VALUES (5, 8, 15, 'great room month school place discussion scene page behind simply serious pay court much success environmental four worry finally fact campaign citizen idea thought ok include unit outside gun everyone spring never tonight personal lay item later. between maybe big large picture. six myself child exactly father much floor financial market compare choose describe soon physical meet. over design some age order step expert. without yard person myself pick through institution seek among five American property training work American. personal significant street. art mind later your morning section parent deep star. college', '2021-11-07');
INSERT INTO post_comments (id, post_id, commenter_id, message, created) VALUES (6, 8, 43, 'gun sign member. reflect. reflect work city Republican image over hope to campaign up floor him. others learn factor kid his hot direction organization identify result before threat. decision cover social brother per organization be road above surface discussion. apply future interview professional', '2021-11-08');
INSERT INTO post_comments (id, post_id, commenter_id, message, created) VALUES (7, 8, 20, 'perhaps run arrive though discuss. outside ever protect hospital boy politics. argue spring company seem into budget maybe none go nice state heart idea social chair. world that sign week stay help safe citizen old. own check science particularly above strong assume newspaper tell live strategy skill need whom five seem grow country. drug live according', '2021-11-07');
INSERT INTO user_likes (user_id, post_id) VALUES (25, 8);
INSERT INTO posts (id, poster_id, title, body, created, last_edited) VALUES (9, 52, 'take raise', 'computer certain bed for ok level return to show shake able quickly challenge start dinner play cultural test prevent determine story form car job less where approach address item government maybe', '2021-11-01', '2021-11-05');
INSERT INTO post_comments (id, post_id, commenter_id, message, created) VALUES (0, 9, 41, 'option between have central could southern sing often the particularly. affect whole number into same face watch picture follow participant ability. develop more least land father sister bag full more yeah recently run sort option ball good strong available rock year and add she. account blood cup financial any nor run sit member kitchen anyone religious book card painting total author test state why remain recognize company than Democrat pattern although interest their only tough different language out thought.', '2021-11-02');
INSERT INTO post_comments (id, post_id, commenter_id, message, created) VALUES (1, 9, 26, 'new hospital. business finish present lay clear during own voice read evidence box clear often customer method until who next agreement ok along charge child management leader across debate appear past. the government', '2021-11-06');
INSERT INTO post_comments (id, post_id, commenter_id, message, created) VALUES (2, 9, 13, 'conference marriage game mouth able. discuss particular somebody morning out. trade maintain beat police hair million. spring red program pattern whom avoid sure dark themselves short movie animal research simply even sit here power write', '2021-11-03');
INSERT INTO user_likes (user_id, post_id) VALUES (74, 9);
INSERT INTO user_likes (user_id, post_id) VALUES (58, 9);
INSERT INTO user_likes (user_id, post_id) VALUES (57, 9);
INSERT INTO user_likes (user_id, post_id) VALUES (27, 9);
INSERT INTO user_likes (user_id, post_id) VALUES (26, 9);
INSERT INTO user_likes (user_id, post_id) VALUES (12, 9);
INSERT INTO user_likes (user_id, post_id) VALUES (21, 9);
INSERT INTO posts (id, poster_id, title, body, created) VALUES (10, 49, 'analysis though consider room', 'education difficult marriage she its three fear but. across detail picture morning difficult machine report answer yet everyone wide voice. song arm under deep effort serve machine really tough modern. plan. sense rate type this rich interesting should strong why myself vote usually agree may half determine tree soldier answer guess realize those. those as. early top staff service simply provide bar six market as subject walk. inside culture economy church former southern part audience act decision become budget step reflect executive', '2021-11-06');
INSERT INTO post_comments (id, post_id, commenter_id, message, created) VALUES (0, 10, 69, 'official table author deal since occur law middle billion artist company gun value professional bed she option day attack need prevent glass. parent traditional course station behind identify kid direction so within above edge yet need brother best gun site prevent this claim group. with course measure democratic example world pick position because. development lot reason story entire level memory go may onto produce modern building early majority while simple performance commercial today main feeling perhaps in between instead share probably car mission whether positive. war yeah politics fish', '2021-11-06');
INSERT INTO user_likes (user_id, post_id) VALUES (12, 10);
INSERT INTO user_likes (user_id, post_id) VALUES (73, 10);
INSERT INTO user_likes (user_id, post_id) VALUES (10, 10);
INSERT INTO user_likes (user_id, post_id) VALUES (25, 10);
INSERT INTO user_likes (user_id, post_id) VALUES (7, 10);
INSERT INTO posts (id, poster_id, title, body, created) VALUES (11, 30, 'statement science have this', 'campaign wrong thing. glass environment maybe why work range. step. assume type edge summer. eight increase later lawyer performance decade over many major. factor first both safe dark thousand dark certainly newspaper light kind represent some free stop kid outside those face maybe care bed expert least glass place. evening leave let federal work think pretty child commercial head must base business resource significant resource five forward approach. meet necessary expert give nation decision', '2021-11-05');
INSERT INTO post_comments (id, post_id, commenter_id, message, created) VALUES (0, 11, 32, 'certain church goal talk marriage resource medical alone light article citizen quickly soldier forget ago later like music just indeed. collection evening. about else authority level major put ground single late nothing success eye race fine run candidate career weight attorney you member seem. guy idea design staff worker value lay. success PM check product practice dinner still significant resource. science decide from second. maintain song reveal east right. contain and world itself want drop gas run door cell traditional near onto. kid. campaign television according west which above force else work network want his true claim near', '2021-11-07');
INSERT INTO post_comments (id, post_id, commenter_id, message, created) VALUES (1, 11, 64, 'price prove I movement purpose require identify court fire food finish rich energy deal one raise month class particularly political. remain begin dark performance he discuss tax end shoulder form again win of election team. red list pick sure visit politics hope space throw not whole if cost sure western sell conference report line baby over city loss responsibility together. financial all throw send town team opportunity civil threat arrive society. interesting vote generation. more note professor star bring situation write check keep head million bar image lawyer none rate key study', '2021-11-05');
INSERT INTO post_comments (id, post_id, commenter_id, message, created) VALUES (2, 11, 14, 'page job benefit military others. management play everything court research movement heart activity month senior house of resource meet read hot usually. couple report imagine race its quite site themselves cell push whether situation hear issue local among. design forward interview where recent happen movie kitchen group someone mouth provide poor important dream rest where itself argue focus past fight phone simply would represent foreign again property knowledge short shake maintain rule purpose. kitchen wonder begin century dream number. fear economy concern none show identify think', '2021-11-07');
INSERT INTO post_comments (id, post_id, commenter_id, message, created) VALUES (3, 11, 27, 'dinner issue recently. line window green through home. carry can north cause skill. individual grow describe yes skin light us future when including present among building range. or person oil thus may spend partner six recognize lot class anything action my physical ask analysis from late entire north manage loss wide seem military fear', '2021-11-05');
INSERT INTO user_likes (user_id, post_id) VALUES (20, 11);
INSERT INTO user_likes (user_id, post_id) VALUES (71, 11);
INSERT INTO user_likes (user_id, post_id) VALUES (64, 11);
INSERT INTO user_likes (user_id, post_id) VALUES (53, 11);
INSERT INTO user_likes (user_id, post_id) VALUES (22, 11);
INSERT INTO user_likes (user_id, post_id) VALUES (10, 11);
INSERT INTO user_likes (user_id, post_id) VALUES (21, 11);
INSERT INTO user_likes (user_id, post_id) VALUES (16, 11);
INSERT INTO posts (id, poster_id, title, body, created) VALUES (12, 40, 'fund whole partner', 'tax in cell compare past role soon between some quickly only consumer station close medical hotel fund cell her. defense. walk record hot woman decade ago him which first director music least accept million hard nation from former security general heavy beautiful here seat recently tonight herself old involve war person send third than full voice often act almost station tonight call trip prepare seem clearly pretty imagine story also sea enter bad TV. pay cup quality bill', '2021-10-26');
INSERT INTO post_comments (id, post_id, commenter_id, message, created) VALUES (0, 12, 46, 'soldier economy born teach into age claim result work certain management specific focus less suddenly check two knowledge call if understand cultural teach back deal agent here whose call local much education usually visit position coach data although ball company everybody campaign happy man party vote cell direction whose relate building moment professor five similar bank record performance simple these six although TV quality professional field measure continue account', '2021-11-05');
INSERT INTO post_comments (id, post_id, commenter_id, message, created) VALUES (1, 12, 15, 'environment husband look quickly through customer line. television event feel few garden. we majority quickly serve nor clear high not pressure civil position animal across leg thousand human anyone body professional. finish minute opportunity environmental machine executive letter entire above which would information price spend save wait own receive subject sure paper thus reason choice style window ask. machine network long relationship everyone great remain heart trouble really movie push law recognize. front. face boy top lot pay politics beautiful next entire table. impact. it institution between finally message director. detail social Congress analysis hear. television agreement theory. industry', '2021-10-30');
INSERT INTO post_comments (id, post_id, commenter_id, message, created) VALUES (2, 12, 14, 'serious foreign. father box worker beautiful structure film employee. value order deep stand politics. behavior traditional believe ask carry throw true case measure billion yes future nature themselves water bill identify community management social can prevent. concern. hard why. stay laugh idea. reason place concern decade production. will pay hear body', '2021-11-08');
INSERT INTO post_comments (id, post_id, commenter_id, message, created) VALUES (3, 12, 4, 'about campaign discover enter finally live sport magazine mind establish future many long theory go outside member watch life. radio second wear relationship never more year whose indeed high will traditional carry throw election behind glass there issue responsibility indicate charge pass decide available whatever represent age boy', '2021-11-08');
INSERT INTO post_comments (id, post_id, commenter_id, message, created) VALUES (4, 12, 66, 'four charge stuff white final produce body mind response suggest agency point real few seven chance agency modern couple board across wide place such. and protect so indeed recent appear front head point sell assume wrong investment to. my end. fish area through though main can give edge. friend key military director anyone morning of improve my', '2021-11-07');
INSERT INTO post_comments (id, post_id, commenter_id, message, created) VALUES (5, 12, 14, 'care discover option growth door movie hope significant customer animal claim two. security arrive test eight finish just six loss church worker Mrs. play plant the offer provide character serve site special employee beautiful guess realize the he responsibility modern. approach. enjoy better necessary apply. attack despite use. hard product a three after artist set sit face. no wind data investment more store wait. owner detail between above trial add how put could something among', '2021-10-27');
INSERT INTO user_likes (user_id, post_id) VALUES (70, 12);
INSERT INTO user_likes (user_id, post_id) VALUES (56, 12);
INSERT INTO posts (id, poster_id, title, body, created) VALUES (13, 51, 'character some', 'clear together we more my size mind find maybe window trial structure begin compare such floor heart quickly visit ten arrive. both keep question could indicate others employee fall guy across hair experience smile ten discussion across perform later. for level every itself home generation feeling house clear health across indeed let particularly pass admit simple manage stop another stand alone serve', '2021-11-08');
INSERT INTO post_comments (id, post_id, commenter_id, message, created) VALUES (0, 13, 50, 'challenge coach center speak mention approach population kitchen usually worker nothing shoulder know work nothing after. book total front skin address drug low. true service that card building data fall', '2021-11-08');
INSERT INTO user_likes (user_id, post_id) VALUES (34, 13);
INSERT INTO user_likes (user_id, post_id) VALUES (62, 13);
INSERT INTO user_likes (user_id, post_id) VALUES (60, 13);
INSERT INTO user_likes (user_id, post_id) VALUES (0, 13);
INSERT INTO user_likes (user_id, post_id) VALUES (3, 13);
INSERT INTO user_likes (user_id, post_id) VALUES (59, 13);
INSERT INTO posts (id, poster_id, title, body, created, last_edited) VALUES (14, 49, 'air start travel', 'never theory different still else participant yard push industry born. various central watch soon high population rather side sea memory film would look general strong community idea bank upon research data society. expert major street bill threat provide baby property sure yard agreement environmental tend say only as church. value. toward firm part. perform money very', '2021-10-29', '2021-10-31');
INSERT INTO post_comments (id, post_id, commenter_id, message, created) VALUES (0, 14, 21, 'view admit church least final professor follow. kind rule next or the other brother fly wrong successful figure character suddenly art. until compare center table around hard. someone court eye media', '2021-10-29');
INSERT INTO post_comments (id, post_id, commenter_id, message, created) VALUES (1, 14, 56, 'week which majority near would from affect Mr call nice however name wife begin right action market gun son industry mind draw some loss among garden against series want maintain good friend room seven recognize ready three but. mission child simply particular television make should. daughter fish garden. energy goal affect wide three step trade perform yet much people here here state food buy tax pass. fall southern evidence wonder beautiful stop commercial ten now. dog.', '2021-11-01');
INSERT INTO post_comments (id, post_id, commenter_id, message, created) VALUES (2, 14, 4, 'culture since trouble former speak network page personal song tough institution clear mother hair size. here reflect laugh employee a near improve story. way hit girl sing listen family into perform suffer share offer best probably admit third. option away red open real others smile approach wife a by four', '2021-11-03');
INSERT INTO post_comments (id, post_id, commenter_id, message, created) VALUES (3, 14, 30, 'ask manager same approach modern help game performance possible talk though well rule public shoulder moment role alone sometimes article up trouble task family tree what goal water learn later action concern prepare to me hit dog require contain natural. attack unit.', '2021-11-06');
INSERT INTO post_comments (id, post_id, commenter_id, message, created) VALUES (4, 14, 38, 'protect little chair law maybe treat after surface word bag admit soon race improve case ability indeed may picture health design development. general. kitchen worker medical audience bill whole. include store. forward. fact. vote fund home task feel. case maybe reality yet up. majority give simple. kind theory while tonight white anything none ok thus team hundred. for road prevent enjoy. if economic worker. country likely ago player soldier though mention hour run note shoulder worry outside', '2021-10-30');
INSERT INTO post_comments (id, post_id, commenter_id, message, created) VALUES (5, 14, 19, 'particularly. strategy close rather suffer computer blood themselves nothing city sport apply my friend rate authority authority way even student agreement business research lot like other any natural within get sell hot along family investment. receive eat travel. coach develop focus magazine goal try eight technology trouble poor home she yet area. great both win figure. trouble represent receive color PM record try left bill anything place nature get show commercial', '2021-11-01');
INSERT INTO post_comments (id, post_id, commenter_id, message, created) VALUES (6, 14, 68, 'raise network wear generation science store pattern camera rise market bit baby bag health great effect. message happen while they house total nice from room despite cover everyone on forget out recent last write dinner action direction wish own let anything trade others. whose. travel detail. class hospital center treatment nature eat. TV two response benefit chance.', '2021-11-07');
INSERT INTO post_comments (id, post_id, commenter_id, message, created) VALUES (7, 14, 23, 'cold. article put before myself. wish save item. matter deal enter environmental state society international clear hand that who first end edge will hair husband eight method might economic enough ask media throw image alone involve not do. everyone scientist oil card prevent chair family former them your network use. program available part list home should ever training product instead play however whom safe difference positive coach miss letter mother culture but give prepare trial poor spend available choose. loss as quite western subject within you final. necessary offer consumer top', '2021-10-31');
INSERT INTO post_comments (id, post_id, commenter_id, message, created) VALUES (8, 14, 20, 'least region card mean campaign respond information majority choice short assume. television range media democratic structure data. page center between number president human expect exactly practice leave relate campaign', '2021-10-29');
INSERT INTO post_comments (id, post_id, commenter_id, message, created) VALUES (9, 14, 8, 'bed head heavy operation me discussion. bit look similar speech western onto wide late fast could friend attention evidence animal house happen summer too some easy public page rest almost skill pass body worry stage increase certainly whether consumer thank story four star price more stage when red certain. wear hold coach father. allow mean dream since radio', '2021-10-29');
INSERT INTO user_likes (user_id, post_id) VALUES (38, 14);
INSERT INTO user_likes (user_id, post_id) VALUES (50, 14);
INSERT INTO user_likes (user_id, post_id) VALUES (6, 14);
INSERT INTO user_likes (user_id, post_id) VALUES (43, 14);
INSERT INTO user_likes (user_id, post_id) VALUES (20, 14);
INSERT INTO user_likes (user_id, post_id) VALUES (42, 14);
INSERT INTO user_likes (user_id, post_id) VALUES (60, 14);
INSERT INTO user_likes (user_id, post_id) VALUES (57, 14);
INSERT INTO user_likes (user_id, post_id) VALUES (32, 14);
INSERT INTO user_likes (user_id, post_id) VALUES (29, 14);
INSERT INTO user_likes (user_id, post_id) VALUES (12, 14);
INSERT INTO posts (id, poster_id, title, body, created) VALUES (15, 49, 'who child surface walk', 'good project might. mouth argue somebody perhaps exist edge return task whose fact language once individual former fight former simple method. treatment civil compare west. air clearly short plan benefit politics idea. cost among weight individual threat candidate point member exist security fire range hold head manager describe box project economy lawyer under break responsibility animal still paper various. go view. run fight beautiful mean management bring administration serious', '2021-10-24');
INSERT INTO post_comments (id, post_id, commenter_id, message, created) VALUES (0, 15, 24, 'last notice coach single mention sing point hotel different work could article majority least test future feel western walk city mother edge kind box mention center. medical tough learn check. kid describe product. environment recent top wear than various article wear will including year center size win. young make house relationship room class. sport million reduce him soon here along bring property resource million', '2021-11-07');
INSERT INTO post_comments (id, post_id, commenter_id, message, created) VALUES (1, 15, 74, 'floor parent executive day the actually rather where as indicate effort big cut call describe since four each represent majority financial recognize themselves between blood business which fill PM course by realize about go continue necessary interview discover site water economy bad evidence by present half attack yet public some', '2021-11-03');
INSERT INTO post_comments (id, post_id, commenter_id, message, created) VALUES (2, 15, 10, 'job rule anything we garden PM class similar quickly during several. I for character man rate style maintain piece computer heart. society morning early receive leader wish generation view writer everyone. tell hospital theory page while network home national occur where subject. land consumer seek similar key become would talk gas woman teacher arm cup together us down stuff way', '2021-10-27');
INSERT INTO post_comments (id, post_id, commenter_id, message, created) VALUES (3, 15, 44, 'will cost event doctor. young contain card experience again popular threat trade present although wear. bit author avoid computer perhaps impact kind such can true put activity law mean eye should back financial project cause lay past radio cause around field anything leave', '2021-11-02');
INSERT INTO post_comments (id, post_id, commenter_id, message, created) VALUES (4, 15, 3, 'particularly most successful surface history can. city minute our program research commercial fill. billion door his whether role property them although address consider join I most. out himself along join late production establish', '2021-11-05');
INSERT INTO post_comments (id, post_id, commenter_id, message, created) VALUES (5, 15, 68, 'expect result final want conference walk discover thought before culture true hundred table find value put debate nice together help stop technology agency likely list every morning prevent ten politics Congress region walk real democratic part maybe free time miss push choose. child cold while against get perhaps protect state run fall tree race worker piece. method affect candidate total sister especially project important floor central environment site short available too step may why seat too. dog near surface hundred reveal option trial fire list better cup his reveal soldier population', '2021-10-26');
INSERT INTO post_comments (id, post_id, commenter_id, message, created) VALUES (6, 15, 9, 'six bring leave decide financial. moment resource north sit condition special choice even provide class plant. special. Congress movement car could success message often often tough. each statement. who among project. there six article', '2021-11-04');
INSERT INTO post_comments (id, post_id, commenter_id, message, created) VALUES (7, 15, 40, 'oil baby real watch. require share her house manager win single several house at value. necessary dream why least trade huge politics seat mind main ok environment learn. most bit name pattern', '2021-11-07');
INSERT INTO post_comments (id, post_id, commenter_id, message, created) VALUES (8, 15, 51, 'themselves information ground him three though hard help decade foot dream time sure to condition many conference pull. man four how minute land. section usually someone group citizen education again letter man door. movie method expert debate career instead source kitchen more quality go wish protect stop plan need to beautiful current one bag program field reveal daughter catch so field choice center war past a make data whether color card mother blue nation road dinner prepare compare account. scene head. first natural near ground five dinner account wait low area', '2021-10-24');
INSERT INTO user_likes (user_id, post_id) VALUES (57, 15);
INSERT INTO user_likes (user_id, post_id) VALUES (6, 15);
INSERT INTO user_likes (user_id, post_id) VALUES (40, 15);
INSERT INTO user_likes (user_id, post_id) VALUES (12, 15);
INSERT INTO user_likes (user_id, post_id) VALUES (58, 15);
INSERT INTO user_likes (user_id, post_id) VALUES (34, 15);
INSERT INTO user_likes (user_id, post_id) VALUES (20, 15);
INSERT INTO user_likes (user_id, post_id) VALUES (71, 15);
INSERT INTO user_likes (user_id, post_id) VALUES (47, 15);
INSERT INTO user_likes (user_id, post_id) VALUES (60, 15);
INSERT INTO user_likes (user_id, post_id) VALUES (32, 15);
INSERT INTO user_likes (user_id, post_id) VALUES (59, 15);
INSERT INTO user_likes (user_id, post_id) VALUES (30, 15);
INSERT INTO posts (id, poster_id, title, body, created) VALUES (16, 12, 'development mind side', 'child later. outside. yes another. watch you level election determine skill major church major century coach can too loss crime spring want public. analysis sea this peace write country improve attack share image party according', '2021-11-06');
INSERT INTO post_comments (id, post_id, commenter_id, message, created) VALUES (0, 16, 51, 'day use analysis create wind bill. up way Republican rate forward rule son. really fish like every land hotel from at study defense everyone let their know behind political. born respond parent option clear international only charge. office development attention their world experience head as create question beautiful partner vote', '2021-11-08');
INSERT INTO post_comments (id, post_id, commenter_id, message, created) VALUES (1, 16, 73, 'exist world trip example over moment can writer social course son office realize man general suggest nice think hope price play week yet daughter late. wish or day peace skill skin until choose heavy federal unit. specific blue break radio. less than able idea event letter camera language whom beautiful choose religious check reach. western choice probably science writer ever ball issue. public movie authority your administration', '2021-11-08');
INSERT INTO post_comments (id, post_id, commenter_id, message, created) VALUES (2, 16, 73, 'receive. gun top leader from everyone learn event. gun only though out message require lose season oil continue wonder kid. participant what look difference court one if sea or deal out', '2021-11-07');
INSERT INTO post_comments (id, post_id, commenter_id, message, created) VALUES (3, 16, 60, 'forward note include score friend true group feel somebody new especially wind live court member anything statement. others. national call evidence move in main impact it cup. establish but art fact open situation city bill total see reflect sense force', '2021-11-06');
INSERT INTO post_comments (id, post_id, commenter_id, message, created) VALUES (4, 16, 25, 'send mouth again letter edge. account yes second task. near return letter control. firm political official region increase type environmental board want such as out billion upon make property require walk tell use green strategy economy dark authority very media effort. physical full TV history network table none. apply more space customer approach air without. simple keep rock century day blue south kitchen consider. bill again many let like event far value card tonight instead sort. form similar', '2021-11-08');
INSERT INTO user_likes (user_id, post_id) VALUES (32, 16);
INSERT INTO user_likes (user_id, post_id) VALUES (39, 16);
INSERT INTO user_likes (user_id, post_id) VALUES (0, 16);
INSERT INTO user_likes (user_id, post_id) VALUES (58, 16);
INSERT INTO user_likes (user_id, post_id) VALUES (73, 16);
INSERT INTO posts (id, poster_id, title, body, created, last_edited) VALUES (17, 55, 'life city network', 'focus unit democratic surface religious protect sense now environment energy. relate there course away which response power term across knowledge history garden tax course answer left television green series factor start always. one Congress a article executive energy Democrat table professor final store next different himself identify wide idea south meeting attention cold old six able blood deep claim than cultural out marriage for wear use environmental no against modern institution structure political send pay even into class participant tree important student according another your interview fish future man choice though investment or. condition surface more soldier few', '2021-10-19', '2021-10-23');
INSERT INTO post_comments (id, post_id, commenter_id, message, created) VALUES (0, 17, 55, 'actually child suggest crime maybe citizen trial plan policy education do must of late down indeed generation perhaps reach name country strong pick bank. several door. top create production house operation identify age. talk indicate information likely simply which force my while special hour two before more read gas poor a effect conference power win ten technology someone century along pay picture them oil standard stuff relate soldier design type loss cost approach teach theory. bad term her', '2021-10-30');
INSERT INTO post_comments (id, post_id, commenter_id, message, created) VALUES (1, 17, 30, 'attention American southern. popular third money answer show spring leg sport send down. hand any let with every. act western foot network give support spend car should they son give pretty child fact tonight wife carry upon difference time drop. other room he role color trouble hundred attack her couple mind boy science executive among car baby remain political need result meeting employee bill staff decide nation do. somebody sure available thousand center area Mr many everything option glass listen well course yes project fall lot through meet identify happen occur. natural live', '2021-10-22');
INSERT INTO post_comments (id, post_id, commenter_id, message, created) VALUES (2, 17, 2, 'raise goal last happen couple other consumer single debate a education officer against hour across wonder. sing commercial ground heart question ground in responsibility until on', '2021-10-22');
INSERT INTO post_comments (id, post_id, commenter_id, message, created) VALUES (3, 17, 15, 'budget bit Mr rate grow pull popular government visit couple old. lose weight myself character lawyer. common fish wish peace dog morning performance different voice. southern enough recognize agent rule pressure account place still continue huge deep finally', '2021-11-04');
INSERT INTO post_comments (id, post_id, commenter_id, message, created) VALUES (4, 17, 25, 'structure likely clear behavior at care reach along growth including with answer agency near early cell available field seat assume decade thus friend opportunity effort hot sound teach act human. culture either they foot treatment production. season resource lay structure think must somebody exactly challenge place many open', '2021-11-05');
INSERT INTO post_comments (id, post_id, commenter_id, message, created) VALUES (5, 17, 53, 'team move as concern discover create because task radio understand player rate support edge see including worker available born easy along nature time certainly any carry unit chance these. often couple high stand study today woman environmental though lay town just build especially see street eye same seven star American cold whether. plan also color hour. bad recent group force return character hold range mission us', '2021-11-08');
INSERT INTO post_comments (id, post_id, commenter_id, message, created) VALUES (6, 17, 55, 'area sell tax cell on. lose cup high. speak give general lawyer boy range. Congress top. tell education gun. field main answer available. our while. hour one institution bit research development where benefit western imagine under whose medical own trouble month country effort expect better report price check discussion hear international practice task especially out suddenly say court television', '2021-11-07');
INSERT INTO post_comments (id, post_id, commenter_id, message, created) VALUES (7, 17, 27, 'bring rate bill when consider nation popular interesting under involve west measure economy center help role upon pull class degree music then happy including because tax beyond over speech determine line letter admit. agree increase man morning determine painting leader left information early enough thousand always road her let onto article admit accept off', '2021-10-21');
INSERT INTO post_comments (id, post_id, commenter_id, message, created) VALUES (8, 17, 60, 'road guess all thousand may there term discover law truth need outside policy challenge like appear. police begin point soldier little fill believe economy political name business production', '2021-11-05');
INSERT INTO post_comments (id, post_id, commenter_id, message, created) VALUES (9, 17, 2, 'happy than side sing window car yeah five away themselves. determine where begin top exactly reduce man central security suddenly affect position avoid medical machine business recent much any management employee base finally home police deal fill yes return impact after star', '2021-10-31');
INSERT INTO user_likes (user_id, post_id) VALUES (45, 17);
INSERT INTO user_likes (user_id, post_id) VALUES (21, 17);
INSERT INTO user_likes (user_id, post_id) VALUES (1, 17);
INSERT INTO user_likes (user_id, post_id) VALUES (25, 17);
INSERT INTO user_likes (user_id, post_id) VALUES (32, 17);
INSERT INTO posts (id, poster_id, title, body, created) VALUES (18, 57, 'time or mouth easy', 'teach another. Republican difference success organization hair thought raise join fire sense student respond former store college store assume box medical radio indicate herself be fall admit assume policy star relate store opportunity TV resource indicate business. care fire water could here likely these home fly sound miss hotel force family woman central', '2021-10-10');
INSERT INTO post_comments (id, post_id, commenter_id, message, created) VALUES (0, 18, 55, 'need feel report development result film wait lay. brother. song indicate culture such government. specific manager follow what production possible hold attorney machine above traditional rise. street reveal Mr court easy increase few road firm wind break notice language development if though partner game summer three tend determine develop situation development until security cause. recent population tax true sell nature. author never what imagine activity themselves herself say another once building page manager American each house. quality coach short nor interesting enough present glass', '2021-10-25');
INSERT INTO post_comments (id, post_id, commenter_id, message, created) VALUES (1, 18, 34, 'improve suffer final career car picture answer suddenly action particular activity plant gas song few yard debate PM position. much animal require issue left several occur turn nice lose political staff western off feel remember since degree country of next throughout wait need look professor', '2021-10-31');
INSERT INTO post_comments (id, post_id, commenter_id, message, created) VALUES (2, 18, 71, 'foreign west tend firm loss decade that along position action game structure. so. nature phone build bring window how mouth major generation than Republican leader foreign remember majority later community market wind. these himself she. expert hear perhaps herself computer make', '2021-10-21');
INSERT INTO post_comments (id, post_id, commenter_id, message, created) VALUES (3, 18, 14, 'animal later American physical. environment attorney respond break able debate view light focus myself material nothing almost analysis industry. response management clearly like specific level image wall network around true it two hair wonder prevent environmental effort father stock idea build suddenly learn begin everyone process operation lead look sport magazine degree when phone fine window analysis individual bit space other Mrs machine everyone. hand anyone at almost could wife young event drug however add guess. nor like quality believe material information live blood', '2021-10-17');
INSERT INTO post_comments (id, post_id, commenter_id, message, created) VALUES (4, 18, 12, 'politics several grow still summer arrive product center value up near discuss huge. its sign total condition agent few federal him development identify soon. specific occur partner measure morning wife top eat collection way must blue crime own nature these officer. think different full. while. stage hope in both again positive east radio. issue young certain program example might stock situation owner attack amount have receive tend example sure year approach through provide several follow receive show several six bank life during. behavior else fine. out.', '2021-10-29');
INSERT INTO user_likes (user_id, post_id) VALUES (50, 18);
INSERT INTO user_likes (user_id, post_id) VALUES (62, 18);
INSERT INTO user_likes (user_id, post_id) VALUES (40, 18);
INSERT INTO posts (id, poster_id, title, body, created) VALUES (19, 16, 'office former book help', 'benefit. day nature hand experience official or suggest conference treat general business assume boy through blue face lay question reality history mission peace. statement perform popular development gun huge end bag dog service would mention attorney feeling far just blood need determine story candidate floor partner ever young suggest serve do. his scientist best. exactly partner generation choice night tough throw series though performance', '2021-11-08');
INSERT INTO post_comments (id, post_id, commenter_id, message, created) VALUES (0, 19, 22, 'moment anyone score red hit style stage with tend imagine half ability rate serve sort firm central Mr almost return race prove. director some nice charge star all kitchen early happy', '2021-11-08');
INSERT INTO post_comments (id, post_id, commenter_id, message, created) VALUES (1, 19, 66, 'finally that surface many quite check here. involve data scientist later firm reality these guy most remain impact thus not explain lot talk business. charge out support Democrat where case now. strategy economic effort. music mention political nothing fill read reality debate finish seek serious environment teacher him generation her thank low parent my. people probably. stuff technology deal miss. cultural debate Democrat someone threat yes artist director far quality question', '2021-11-08');
INSERT INTO user_likes (user_id, post_id) VALUES (5, 19);
INSERT INTO user_likes (user_id, post_id) VALUES (64, 19);
INSERT INTO user_likes (user_id, post_id) VALUES (68, 19);
INSERT INTO user_likes (user_id, post_id) VALUES (26, 19);
INSERT INTO user_likes (user_id, post_id) VALUES (37, 19);
INSERT INTO user_likes (user_id, post_id) VALUES (57, 19);
INSERT INTO user_likes (user_id, post_id) VALUES (25, 19);
INSERT INTO user_likes (user_id, post_id) VALUES (53, 19);
INSERT INTO user_likes (user_id, post_id) VALUES (49, 19);
INSERT INTO user_likes (user_id, post_id) VALUES (44, 19);
INSERT INTO user_likes (user_id, post_id) VALUES (32, 19);
INSERT INTO user_likes (user_id, post_id) VALUES (66, 19);
INSERT INTO user_likes (user_id, post_id) VALUES (62, 19);
INSERT INTO posts (id, poster_id, title, body, created) VALUES (20, 51, 'when a serve', 'all and boy little executive example deep something similar sometimes item best great fight or there two field catch if oil away a writer price allow cold night necessary already ready could never evidence sense continue protect. sort trip peace while age miss term respond agreement pretty maintain wall couple speak let. rest probably night. away everything nearly computer two reason determine compare world movement skin simple race. rich benefit evening off', '2021-10-14');
INSERT INTO user_likes (user_id, post_id) VALUES (28, 20);
INSERT INTO user_likes (user_id, post_id) VALUES (13, 20);
INSERT INTO user_likes (user_id, post_id) VALUES (53, 20);
INSERT INTO user_likes (user_id, post_id) VALUES (47, 20);
INSERT INTO user_likes (user_id, post_id) VALUES (19, 20);
INSERT INTO posts (id, poster_id, title, body, created) VALUES (21, 70, 'fine focus Democrat', 'develop travel begin head put. hope happy fight person win form. worry born figure work foreign more. whose trip huge exist poor surface American young window her. hospital ask form. through discussion result. bring light. view century anyone important low ground hundred ago cut network establish person buy inside customer east music recently heavy among shake both hospital grow decision table. various alone market move home. crime mother threat such film always wall notice give southern road half dog maintain commercial factor already education grow task include amount two successful head weight financial event. thing thought', '2021-10-26');
INSERT INTO post_comments (id, post_id, commenter_id, message, created) VALUES (0, 21, 42, 'reality similar form rate simply product no everyone color own large grow discussion. education likely exist though including. TV own our class style economy me give fund father cell consider dog her offer investment for', '2021-11-08');
INSERT INTO post_comments (id, post_id, commenter_id, message, created) VALUES (1, 21, 46, 'development thing computer how country soon off ask use part after. somebody attention approach garden red ahead actually candidate war west us traditional yet class management anything prepare draw human type teacher but cost area writer Democrat firm argue serve under finally step. issue explain paper movement school make reflect life since whom offer almost child together accept most southern. point might use international. oil chance couple establish', '2021-10-28');
INSERT INTO post_comments (id, post_id, commenter_id, message, created) VALUES (2, 21, 47, 'remember cultural out interview occur bed PM though television theory improve gun audience just success prove simply girl those hotel wrong act talk low simple environment look front leave father white ask treatment father. former possible fire join pretty big threat difference', '2021-11-02');
INSERT INTO post_comments (id, post_id, commenter_id, message, created) VALUES (3, 21, 18, 'yeah him produce amount class model prepare argue training inside environment determine training quickly compare. media talk story debate leg right shoulder center successful result difference computer skill. so kind power. center father let fund approach pattern poor maintain. do actually. including charge student popular their condition follow laugh adult treat. decision', '2021-11-08');
INSERT INTO post_comments (id, post_id, commenter_id, message, created) VALUES (4, 21, 18, 'voice table land project value capital consider suddenly light knowledge the daughter institution enjoy decision deep us writer standard imagine building responsibility enough something. decide to safe hold single type above prepare open support international practice land approach choose myself matter end performance street. production method report old edge purpose structure tough nothing enjoy. expert bad scientist hotel ask you firm recent office heavy part around discuss population network keep stand public necessary rather deal reveal prevent or half certain. professional indeed. social about contain garden often fast detail', '2021-10-31');
INSERT INTO post_comments (id, post_id, commenter_id, message, created) VALUES (5, 21, 66, 'data stand economy structure a bar interesting blood member bring decision everything black interview total light top court form window trade of level task show ago. early change food nothing poor card begin mean information might history give ok politics perform himself ever paper watch director wind fire one source thus represent born cup girl. actually something man air recognize office official two ever choose feeling certain edge bad try owner. major activity type various statement seven style beyond economy hundred imagine. the physical become police someone case', '2021-11-02');
INSERT INTO post_comments (id, post_id, commenter_id, message, created) VALUES (6, 21, 66, 'two continue order treatment certain can only. at base production risk group need effect exactly stay ready recognize note song amount bad thing a study night goal old certain toward economy reach dog as minute better fear. herself partner just process sometimes another believe one perform spring debate space go old near listen actually difference newspaper save voice power act foreign deep identify stand foreign individual none spend', '2021-11-01');
INSERT INTO post_comments (id, post_id, commenter_id, message, created) VALUES (7, 21, 41, 'finish technology affect save draw director. item daughter answer treat box pretty base. whatever can local newspaper finally property. probably threat name visit church particularly major middle community page less form perform. for several choice power bar cultural design age big old vote owner range reality go sound region law wish president story drop help catch today scene practice sometimes system purpose myself whom industry believe raise high end cold happen', '2021-10-26');
INSERT INTO post_comments (id, post_id, commenter_id, message, created) VALUES (8, 21, 25, 'someone radio one what yourself fear tell store base painting. various culture water we bill far responsibility after appear participant fall model speak peace organization. shake situation knowledge Mr despite cup low discussion who physical out theory who girl often. bar particularly different investment finish our. state team image customer throw cost must mouth possible style thank professional teach just ok give statement just dinner evening night everything design total subject family environment box goal material push purpose show', '2021-11-04');
INSERT INTO user_likes (user_id, post_id) VALUES (43, 21);
INSERT INTO user_likes (user_id, post_id) VALUES (35, 21);
INSERT INTO user_likes (user_id, post_id) VALUES (37, 21);
INSERT INTO user_likes (user_id, post_id) VALUES (7, 21);
INSERT INTO user_likes (user_id, post_id) VALUES (33, 21);
INSERT INTO user_likes (user_id, post_id) VALUES (44, 21);
INSERT INTO user_likes (user_id, post_id) VALUES (64, 21);
INSERT INTO user_likes (user_id, post_id) VALUES (32, 21);
INSERT INTO user_likes (user_id, post_id) VALUES (23, 21);
INSERT INTO user_likes (user_id, post_id) VALUES (39, 21);
INSERT INTO user_likes (user_id, post_id) VALUES (15, 21);
INSERT INTO user_likes (user_id, post_id) VALUES (12, 21);
INSERT INTO user_likes (user_id, post_id) VALUES (6, 21);
INSERT INTO user_likes (user_id, post_id) VALUES (13, 21);
INSERT INTO user_likes (user_id, post_id) VALUES (9, 21);
INSERT INTO user_likes (user_id, post_id) VALUES (69, 21);
INSERT INTO user_likes (user_id, post_id) VALUES (61, 21);
INSERT INTO user_likes (user_id, post_id) VALUES (20, 21);
INSERT INTO user_likes (user_id, post_id) VALUES (42, 21);
INSERT INTO posts (id, poster_id, title, body, created) VALUES (22, 12, 'room measure this figure', 'position walk successful between sit dark fight will nearly think subject mind friend program happen develop positive listen sign. issue involve democratic happen word. meet challenge write as simply raise Republican drug surface right site go activity fish including church fly although the each improve knowledge learn garden anyone rise food mention wear food catch since', '2021-10-10');
INSERT INTO post_comments (id, post_id, commenter_id, message, created) VALUES (0, 22, 67, 'financial force north security career coach stuff design amount set tough shake difficult account away ever able leader executive body responsibility space represent meet across election set stage reason imagine agent create himself process rise politics purpose Republican word though management to', '2021-10-21');
INSERT INTO post_comments (id, post_id, commenter_id, message, created) VALUES (1, 22, 14, 'stuff leave opportunity industry shoulder term stock son example fire federal himself machine high in know instead life money early party health arm two democratic above. exist. three serve. population skill edge wear we of recently focus financial thought decide step yes. word. all mouth position woman. six authority difference whom knowledge she reveal price skill add red determine rate', '2021-10-18');
INSERT INTO post_comments (id, post_id, commenter_id, message, created) VALUES (2, 22, 16, 'resource authority now notice happen require pretty room system chance onto join west general toward boy family as ten learn goal trouble. since draw exist office price open such apply one. part current respond debate. moment owner attack. expert edge. building produce class', '2021-10-29');
INSERT INTO post_comments (id, post_id, commenter_id, message, created) VALUES (3, 22, 10, 'education threat. loss maintain child bank some face event father. yeah strong. see product other physical contain reflect cup paper what little top no traditional produce help. enter often factor material outside radio style quite share your future north man star grow seem will position bad head send later help sort report. education guess dinner defense nice together attorney might country peace Mr not door million note maybe treat because father campaign. individual accept action describe understand', '2021-10-26');
INSERT INTO post_comments (id, post_id, commenter_id, message, created) VALUES (4, 22, 54, 'make time different interview him try same growth why sometimes over wife order everything marriage summer adult education attention. campaign century manage station find economy so. those major beautiful consumer past new society say series rate style north design two wonder article fly land themselves know cell school fall when statement mind last turn', '2021-11-02');
INSERT INTO post_comments (id, post_id, commenter_id, message, created) VALUES (5, 22, 28, 'institution back perform ground than assume ahead lead sign worry. attention wall bar rise toward only. draw husband say fire difficult look face someone girl third into. size program how. military course PM audience front. billion main kind production law protect final. scene. material necessary', '2021-10-12');
INSERT INTO post_comments (id, post_id, commenter_id, message, created) VALUES (6, 22, 9, 'plan discover company also main focus. threat pull unit hit full whether fine free write right likely head wait politics newspaper building set sea them student purpose use', '2021-11-08');
INSERT INTO user_likes (user_id, post_id) VALUES (25, 22);
INSERT INTO user_likes (user_id, post_id) VALUES (11, 22);
INSERT INTO user_likes (user_id, post_id) VALUES (70, 22);
INSERT INTO user_likes (user_id, post_id) VALUES (42, 22);
INSERT INTO user_likes (user_id, post_id) VALUES (2, 22);
INSERT INTO user_likes (user_id, post_id) VALUES (16, 22);
INSERT INTO posts (id, poster_id, title, body, created, last_edited) VALUES (23, 43, 'week recognize', 'process send record alone other ever actually table personal a simple talk beautiful we less former doctor instead see. prevent along force themselves democratic interest board every much suggest against to author so create defense pick opportunity rich tax staff scientist car left space education energy. as no exactly suffer thank happy space world important through I because election general choose true cup other improve machine road more much. though front direction art practice population Republican population. first trip line born and. indeed remain moment. region include. personal until remain far', '2021-10-26', '2021-10-27');
INSERT INTO post_comments (id, post_id, commenter_id, message, created) VALUES (0, 23, 10, 'operation develop on message far make his win test ask hotel base bring lose those responsibility special put task and service wish professional final step race sister head owner product study. our. series place avoid already may boy we best stock tonight adult soldier own somebody skill red magazine picture project show ever federal opportunity could leave part player main gas hospital court no that amount so program year name represent stop specific soon letter north during minute', '2021-11-05');
INSERT INTO post_comments (id, post_id, commenter_id, message, created) VALUES (1, 23, 49, 'may a cup lose give author significant represent positive rate bag. modern red. Mr edge ago fall pattern perhaps call life draw long situation mouth executive knowledge less central such wear life man bag. mind attention', '2021-11-06');
INSERT INTO post_comments (id, post_id, commenter_id, message, created) VALUES (2, 23, 32, 'rate listen tend language for purpose someone summer join interview write. final single go old serious town total wish human cause. human social team figure also explain phone year music civil.', '2021-10-30');
INSERT INTO post_comments (id, post_id, commenter_id, message, created) VALUES (3, 23, 13, 'them medical clear land produce quickly herself example this look end should person guy particularly join charge future beat popular. benefit so security on determine so strong specific section. maybe threat grow issue magazine. see affect hospital yard we eight so opportunity room. especially lead stage minute type sure apply even such', '2021-10-26');
INSERT INTO post_comments (id, post_id, commenter_id, message, created) VALUES (4, 23, 17, 'during message section clear class stop. contain stock computer what nation once turn ground. think forget name this mean to example goal set with animal. board true remember ball find. use own realize thing realize democratic degree million save lay usually difficult offer consumer interest various according management simply statement form majority whole none writer others leg where sign start but meet hand. campaign daughter show serious age manage half establish wind growth maybe somebody since buy service later nice break sign create. people movement authority service team southern window. information mother affect wrong television', '2021-11-06');
INSERT INTO user_likes (user_id, post_id) VALUES (52, 23);
INSERT INTO user_likes (user_id, post_id) VALUES (18, 23);
INSERT INTO user_likes (user_id, post_id) VALUES (64, 23);
INSERT INTO user_likes (user_id, post_id) VALUES (56, 23);
INSERT INTO user_likes (user_id, post_id) VALUES (34, 23);
INSERT INTO user_likes (user_id, post_id) VALUES (6, 23);
INSERT INTO user_likes (user_id, post_id) VALUES (35, 23);
INSERT INTO user_likes (user_id, post_id) VALUES (4, 23);
INSERT INTO posts (id, poster_id, title, body, created) VALUES (24, 4, 'fact environment full continue', 'make raise set air know alone. race responsibility chair soldier according situation fear maybe along every above line Mr news officer worker continue social interview. employee weight experience spring whose reach cost too leg high sense lead organization food later magazine others evidence well various feeling ability many environmental gun professor away fact choice every wide camera home. get race staff right. good reflect each military discover. fall', '2021-10-24');
INSERT INTO user_likes (user_id, post_id) VALUES (15, 24);
INSERT INTO user_likes (user_id, post_id) VALUES (58, 24);
INSERT INTO user_likes (user_id, post_id) VALUES (10, 24);
INSERT INTO posts (id, poster_id, title, body, created) VALUES (25, 15, 'ahead baby open best', 'public ahead note energy would almost source professor treat perform market want reality hit weight very experience prove work those worry. take discussion son although analysis ground some yet voice least than nothing leader box appear energy. tree. officer. fill experience sense many nearly too worry', '2021-10-29');
INSERT INTO post_comments (id, post_id, commenter_id, message, created) VALUES (0, 25, 66, 'use must anything car body memory authority executive peace report accept what medical politics material raise. level mother purpose speak single agency back share kind citizen thing should practice. subject fly sport me whom carry pass any around might alone much. simple fine choice. also focus right medical economic future cover. leg hold agreement hand', '2021-10-30');
INSERT INTO post_comments (id, post_id, commenter_id, message, created) VALUES (1, 25, 43, 'growth quite agree ask movement. these still matter cell camera heavy risk which strategy politics under able people experience scientist someone down better wall heavy mention life support thank out able few their. put course statement hospital couple. traditional again enter quality care free sound inside share professional pull practice provide why will heart teacher even anything', '2021-11-02');
INSERT INTO post_comments (id, post_id, commenter_id, message, created) VALUES (2, 25, 16, 'range city himself person add actually difference their. indicate couple all. ok. son either. reason citizen lawyer. writer early man second training suddenly. bed then appear so option key dog. defense personal magazine soon likely nothing then term church task pull', '2021-10-31');
INSERT INTO post_comments (id, post_id, commenter_id, message, created) VALUES (3, 25, 49, 'almost know age feeling seem must recognize mean. student possible executive enough admit age kind bring cup three change hear at information mouth budget president teacher personal from across before similar', '2021-11-03');
INSERT INTO post_comments (id, post_id, commenter_id, message, created) VALUES (4, 25, 18, 'listen word everyone official over all cut agreement something dark well success probably interest hour describe try seek religious order focus clearly experience myself possible military market bad popular media statement become fire project thousand our everybody call wait ball here hear thank consumer girl leg loss look especially foreign wear air past suddenly director', '2021-10-31');
INSERT INTO post_comments (id, post_id, commenter_id, message, created) VALUES (5, 25, 48, 'individual soon mission along. return be man large. create small hair choose energy crime eat value stock run size really treat chance safe hundred increase about security hospital yeah about although character sort she true institution air southern', '2021-11-04');
INSERT INTO post_comments (id, post_id, commenter_id, message, created) VALUES (6, 25, 17, 'vote politics heavy level ten director society world challenge hospital according. lose short. region hot growth present season man likely join keep. lead use prove never interview foot service bag entire subject. product technology gas education thing put positive as reach. month see effort sense tend only fill by store be while back analysis people PM with future thing ability whom face federal civil officer city some daughter ready door charge leg', '2021-11-03');
INSERT INTO post_comments (id, post_id, commenter_id, message, created) VALUES (7, 25, 68, 'book only walk form finish cover fight call hair street heavy pick box resource probably reason ok happy participant area. guess institution still. consider as themselves pattern cell single area break turn themselves pull instead light officer dog right few station news life possible once appear situation she Republican international market identify. road. should art history recent discuss public box performance strong candidate easy teacher machine table area consider probably majority. participant reduce what physical', '2021-11-01');
INSERT INTO post_comments (id, post_id, commenter_id, message, created) VALUES (8, 25, 61, 'decade serve system soldier approach. foreign loss fund along look way usually successful seat quite Mr defense big attention. also must rise protect probably some science face successful there. too today three mission by least use. drop girl would region air hour science sound five another discussion including', '2021-11-03');
INSERT INTO post_comments (id, post_id, commenter_id, message, created) VALUES (9, 25, 18, 'figure a also. least government notice property light really kind material themselves design compare television business buy have seat policy address quite exactly. organization east expect its water. today career national step radio question build. soon behavior group. protect speak detail hit behavior minute value. policy throughout different. age enough work research set indicate open traditional seven measure ability fly subject bar special garden nature', '2021-11-04');
INSERT INTO user_likes (user_id, post_id) VALUES (28, 25);
INSERT INTO user_likes (user_id, post_id) VALUES (51, 25);
INSERT INTO user_likes (user_id, post_id) VALUES (43, 25);
INSERT INTO user_likes (user_id, post_id) VALUES (55, 25);
INSERT INTO user_likes (user_id, post_id) VALUES (68, 25);
INSERT INTO user_likes (user_id, post_id) VALUES (48, 25);
INSERT INTO posts (id, poster_id, title, body, created, last_edited) VALUES (26, 29, 'school key thousand low', 'effect identify receive history expect every positive traditional outside computer natural national north than expert feeling physical away piece view whatever. many than trip on upon court much learn form provide staff magazine citizen method force boy natural. think in wish keep term third start long scene whether receive. those painting unit career four seat across oil board really. tax author follow everybody dream once take building model indeed. arm arm throughout pay from them of power happy sport with any can national second son institution administration officer degree situation Mr on maintain picture themselves standard summer foreign', '2021-10-30', '2021-11-04');
INSERT INTO post_comments (id, post_id, commenter_id, message, created) VALUES (0, 26, 55, 'speak lawyer fund matter try share offer change audience everything condition task. fast red shoulder crime law many get hard there hotel herself door campaign hot garden past across operation civil social real discussion reflect radio responsibility save result trouble report', '2021-11-02');
INSERT INTO post_comments (id, post_id, commenter_id, message, created) VALUES (1, 26, 74, 'road from. summer off answer majority hundred receive party matter if do choice eight enter choice. watch place anyone or because career red according. world church. enter scientist bill face character election even toward assume buy arm war society social. involve find wrong section', '2021-11-03');
INSERT INTO post_comments (id, post_id, commenter_id, message, created) VALUES (2, 26, 13, 'natural value research watch water drug sign sort buy. staff learn message method management wall else rule officer. woman situation one strategy. generation conference from against commercial family clearly. use. practice listen analysis west animal reality art you memory police resource. keep performance stage. commercial stock professor federal will teach final. actually own effort heavy impact', '2021-10-31');
INSERT INTO post_comments (id, post_id, commenter_id, message, created) VALUES (3, 26, 4, 'answer suffer. cup room admit create save music. crime sort others surface save least before cell relationship difficult treat he season approach happy military itself low how none history next project memory impact style animal adult none. worker happen worry none yes student admit leave painting station if seat painting myself economy some pick outside argue', '2021-11-03');
INSERT INTO post_comments (id, post_id, commenter_id, message, created) VALUES (4, 26, 20, 'cause baby begin child seek. require serious design development lead evening family test feeling report specific picture I president. continue. individual method wonder environmental fight body care final idea cup against score. film bed. study turn shake easy bill cell teach', '2021-10-30');
INSERT INTO post_comments (id, post_id, commenter_id, message, created) VALUES (5, 26, 68, 'around investment two evening see. anything bit he talk require without reveal attack forward arm day. sport particular wrong reduce might begin friend decision kid. risk everything writer stay hot small she certain add fact nearly western author success support coach perhaps lay list power evidence decide mean style enough positive. ball case always street two nor resource fly really ok', '2021-11-08');
INSERT INTO user_likes (user_id, post_id) VALUES (5, 26);
INSERT INTO user_likes (user_id, post_id) VALUES (55, 26);
INSERT INTO user_likes (user_id, post_id) VALUES (33, 26);
INSERT INTO posts (id, poster_id, title, body, created) VALUES (27, 30, 'civil around', 'color difficult practice home nation tend offer morning best environment seven price set. those future low hospital phone page treat stay should doctor example sing rate I force', '2021-10-31');
INSERT INTO post_comments (id, post_id, commenter_id, message, created) VALUES (0, 27, 16, 'recognize expect hour ok movie us. knowledge building tree produce always. recently civil particularly strategy notice remain dinner paper season respond inside risk well resource without early thousand rich father. reduce improve record wrong our challenge bar north admit something common account especially dark call animal outside. reveal near involve save time require bring American theory hour while cultural miss difference stay statement. strategy', '2021-10-31');
INSERT INTO post_comments (id, post_id, commenter_id, message, created) VALUES (1, 27, 55, 'program own including these make bar education contain region piece factor away how Republican nature base film camera as radio seat. per officer research watch once particularly white.', '2021-11-04');
INSERT INTO post_comments (id, post_id, commenter_id, message, created) VALUES (2, 27, 54, 'through loss special treatment environmental claim north somebody model risk certain raise test. career. board contain production born soldier head. dog end and amount conference major reveal big whole. establish likely produce charge ball street blue. inside institution training a our growth develop will. body option TV anything', '2021-11-07');
INSERT INTO post_comments (id, post_id, commenter_id, message, created) VALUES (3, 27, 14, 'back buy common computer section likely wear Republican difference us artist executive Congress full wish. just human tree artist computer administration somebody present behavior guess identify like seem board who bit thought often film continue sure structure similar lay join test cause nothing something Congress apply first staff culture foot word whose not today central not most sport be sign loss team. two himself page two father. discussion. few sign age fund street know wish could walk foot receive', '2021-11-08');
INSERT INTO post_comments (id, post_id, commenter_id, message, created) VALUES (4, 27, 38, 'unit choice. parent simple teacher might several dog shake bag always land fly station speak white song kid meet pattern. item usually inside floor magazine idea news. keep stay color physical power condition dog federal. large exactly treatment party sell red then natural off series others. leader unit after sell understand theory community', '2021-11-08');
INSERT INTO post_comments (id, post_id, commenter_id, message, created) VALUES (5, 27, 45, 'business. production girl return. main deal hotel responsibility throw dream sister sing worry long accept like pick unit more no remain. mouth important effort continue term board military job stage foreign hold effect. sure effect hand board say each several free guess improve during', '2021-11-08');
INSERT INTO post_comments (id, post_id, commenter_id, message, created) VALUES (6, 27, 35, 'people right executive thought. PM teacher tonight economy amount fear program space door day together blood edge local statement same administration ability growth. opportunity cost either seem wind yourself attack back newspaper clearly few born adult none method career particularly several system here anything. professor. somebody throughout consider participant full agent morning high group garden against fund film suggest travel apply radio modern simply design throw see toward prevent may oil green because different example too represent purpose something there available reality alone close program teach friend thing later soon responsibility study human particularly many main probably', '2021-11-03');
INSERT INTO post_comments (id, post_id, commenter_id, message, created) VALUES (7, 27, 53, 'child PM quite community figure foot dog your sea such operation treat address but past modern most board you recent individual herself someone possible. military despite different woman cultural open wife reality read protect chair physical stage run stop party question value rule quickly. Democrat push factor cost center author safe large visit raise whether audience age suggest number sure election way school executive agree call whose than camera president. cup century yes western time make wait party. soon according', '2021-11-03');
INSERT INTO post_comments (id, post_id, commenter_id, message, created) VALUES (8, 27, 59, 'see prove southern statement later fight something bit base keep music picture age loss. he pattern you wide focus American former bag number tonight water. half read happen learn same treat add building place control question car people standard teach believe soldier require impact between once country assume Republican similar family listen another kitchen drive scene recently. born identify. clear find red break few board court', '2021-10-31');
INSERT INTO user_likes (user_id, post_id) VALUES (32, 27);
INSERT INTO user_likes (user_id, post_id) VALUES (73, 27);
INSERT INTO user_likes (user_id, post_id) VALUES (6, 27);
INSERT INTO user_likes (user_id, post_id) VALUES (16, 27);
INSERT INTO user_likes (user_id, post_id) VALUES (3, 27);
INSERT INTO user_likes (user_id, post_id) VALUES (31, 27);
INSERT INTO user_likes (user_id, post_id) VALUES (5, 27);
INSERT INTO user_likes (user_id, post_id) VALUES (42, 27);
INSERT INTO user_likes (user_id, post_id) VALUES (4, 27);
INSERT INTO user_likes (user_id, post_id) VALUES (60, 27);
INSERT INTO user_likes (user_id, post_id) VALUES (36, 27);
INSERT INTO user_likes (user_id, post_id) VALUES (62, 27);
INSERT INTO user_likes (user_id, post_id) VALUES (2, 27);
INSERT INTO user_likes (user_id, post_id) VALUES (70, 27);
INSERT INTO user_likes (user_id, post_id) VALUES (66, 27);
INSERT INTO posts (id, poster_id, title, body, created) VALUES (28, 68, 'short apply', 'fish follow most chair necessary order magazine few between piece check mouth describe him space maybe instead white present peace money down rate size article kind daughter section student gun. until central have arrive will campaign tend radio operation along course water energy some office head later today.', '2021-10-11');
INSERT INTO post_comments (id, post_id, commenter_id, message, created) VALUES (0, 28, 39, 'position indeed else hospital across safe still yard during. practice present scene member let chair lead second whether reveal set everyone participant member region east. second second stop attorney community together away. various mind think today figure office western key coach teacher take east current. answer experience capital environmental certain provide discover recently card character manager capital TV view season trade summer explain per father its team long line serious listen. pattern focus stuff war interview already boy fly issue according first candidate order course. new would article beat nature. girl he center return bank anyone feel industry usually star', '2021-10-25');
INSERT INTO post_comments (id, post_id, commenter_id, message, created) VALUES (1, 28, 9, 'drug. consumer accept someone standard. ok agree rate. region truth experience audience large style consumer front work game later fact pressure surface call watch opportunity home summer research would idea store. start activity expect city store science resource event marriage successful stage but difference between thus traditional our however. reason available possible. some method serve project billion deal your play bar friend pick these media building today former firm us room forget part price along much itself beautiful recognize market assume. occur level room trip control trip method memory friend', '2021-10-12');
INSERT INTO post_comments (id, post_id, commenter_id, message, created) VALUES (2, 28, 40, 'remember thousand production debate pattern structure right truth may us suffer. court soldier special respond senior. nothing painting service fall add authority land card series dog pattern message everybody radio manage teach even return him religious dog important local order consumer. resource understand available event discussion usually meet arm east human church themselves letter consider also ever suffer miss need industry magazine.', '2021-10-28');
INSERT INTO post_comments (id, post_id, commenter_id, message, created) VALUES (3, 28, 47, 'hope change computer weight low which after after each course choice. cell no federal issue relate writer. down interview adult. reveal finally when help design ever threat cell family either past bank per six personal remember energy effort result available across various administration ever increase question step tend sea another on trial painting pattern machine though nice second', '2021-10-24');
INSERT INTO post_comments (id, post_id, commenter_id, message, created) VALUES (4, 28, 39, 'boy however close until avoid others sing less event both need act voice stay Mr newspaper there drive between rather effect board party compare TV protect television defense boy then season job majority staff main those forget make that defense professor', '2021-10-14');
INSERT INTO post_comments (id, post_id, commenter_id, message, created) VALUES (5, 28, 34, 'worker design situation hot catch. campaign friend draw memory television tend however already professional herself machine figure kid would. dinner good American whole recently learn spring almost goal fish research born behind short form. near certain Republican picture too finish personal cause medical focus building at paper rich. newspaper fund than TV wear charge among computer despite of', '2021-10-21');
INSERT INTO post_comments (id, post_id, commenter_id, message, created) VALUES (6, 28, 18, 'energy organization my evidence line subject morning wind move question notice thing. population difficult exist control PM article. name hot ten article represent nothing. indicate outside act mouth green', '2021-10-18');
INSERT INTO post_comments (id, post_id, commenter_id, message, created) VALUES (7, 28, 41, 'indicate job throw about share own oil they young north how voice individual scene before table foot Mr. agree people him war practice out father any. box camera entire quickly. stock collection large couple beautiful. economic half technology your listen most pretty sort through easy market other north suddenly whole force by end media word compare miss defense ago voice foreign those necessary prevent plan rate program tonight however gun close', '2021-10-29');
INSERT INTO post_comments (id, post_id, commenter_id, message, created) VALUES (8, 28, 64, 'structure wait job seat worry coach. officer nation draw your religious politics job still. her project explain check offer space media quite real individual speak study drug threat staff population give reduce maintain government off force. general. experience foot production thousand within win increase thank sort line. task turn authority drive method understand address election yet. speech price in you order doctor fish nice few', '2021-10-30');
INSERT INTO post_comments (id, post_id, commenter_id, message, created) VALUES (9, 28, 27, 'catch necessary here crime might create society little front director when. water development six modern leave stop art station try agency thousand agency day fast. house source of even ten plan scientist early so subject remain leg cup during sport serve those raise policy check over then few of skill beat material perhaps onto. individual most allow movie stand food want style itself continue mean half enough environment realize author focus nice nothing including far describe red least station', '2021-10-11');
INSERT INTO user_likes (user_id, post_id) VALUES (12, 28);
INSERT INTO user_likes (user_id, post_id) VALUES (10, 28);
INSERT INTO user_likes (user_id, post_id) VALUES (17, 28);
INSERT INTO user_likes (user_id, post_id) VALUES (16, 28);
INSERT INTO user_likes (user_id, post_id) VALUES (29, 28);
INSERT INTO user_likes (user_id, post_id) VALUES (52, 28);
INSERT INTO user_likes (user_id, post_id) VALUES (72, 28);
INSERT INTO user_likes (user_id, post_id) VALUES (8, 28);
INSERT INTO user_likes (user_id, post_id) VALUES (65, 28);
INSERT INTO user_likes (user_id, post_id) VALUES (36, 28);
INSERT INTO user_likes (user_id, post_id) VALUES (31, 28);
INSERT INTO user_likes (user_id, post_id) VALUES (1, 28);
INSERT INTO user_likes (user_id, post_id) VALUES (57, 28);
INSERT INTO posts (id, poster_id, title, body, created) VALUES (29, 20, 'everyone thing sort', 'support the us detail war position peace billion standard them. own cup. cup child American present next. conference. pattern meeting. at daughter hard work world. hair election medical institution artist this garden interview million though shake smile record style', '2021-11-08');
INSERT INTO post_comments (id, post_id, commenter_id, message, created) VALUES (0, 29, 31, 'factor admit maybe state create night. goal market town send firm light this bit case truth late hot culture town read bed either art fly sea as major lead important result half among thought guy responsibility tonight after together learn. bank whole might remain. store instead consider table. himself news character real carry last design employee popular major front. account defense early. go official home color line firm development rate appear ready firm case serious policy rule establish rest magazine matter field sport that before dark free', '2021-11-08');
INSERT INTO post_comments (id, post_id, commenter_id, message, created) VALUES (1, 29, 48, 'usually worker want article seek these. media recognize budget region. vote population style. everyone set strong answer performance main owner out about character nearly stay move majority anyone detail Mrs particularly require hand sign soon yeah learn bring agree threat student you environmental trade his along while argue floor', '2021-11-08');
INSERT INTO post_comments (id, post_id, commenter_id, message, created) VALUES (2, 29, 67, 'prepare go exist. father month those particular floor teach magazine course suggest fear six person often human listen black appear no that forward such almost local sure difference represent run policy produce everyone project care mother foot receive this successful surface building while. call western rate help. range partner toward reflect inside business recognize want know artist age. pay weight community why movie.', '2021-11-08');
INSERT INTO post_comments (id, post_id, commenter_id, message, created) VALUES (3, 29, 52, 'Republican capital. price receive partner party talk start there sure exactly. rather hair could husband foot security nothing growth hospital position performance other sure war adult to center society account prevent degree network old son reflect life and medical cell. again style town toward charge impact behavior. hit six fight significant public full newspaper generation you ahead become six indicate compare role. next sure this. machine hold hotel whatever stock popular', '2021-11-08');
INSERT INTO user_likes (user_id, post_id) VALUES (38, 29);
INSERT INTO user_likes (user_id, post_id) VALUES (53, 29);
INSERT INTO user_likes (user_id, post_id) VALUES (12, 29);
INSERT INTO user_likes (user_id, post_id) VALUES (70, 29);
INSERT INTO user_likes (user_id, post_id) VALUES (46, 29);
INSERT INTO user_likes (user_id, post_id) VALUES (41, 29);
INSERT INTO user_likes (user_id, post_id) VALUES (64, 29);
INSERT INTO user_likes (user_id, post_id) VALUES (2, 29);
INSERT INTO user_likes (user_id, post_id) VALUES (63, 29);
INSERT INTO user_likes (user_id, post_id) VALUES (69, 29);
INSERT INTO user_likes (user_id, post_id) VALUES (37, 29);
INSERT INTO user_likes (user_id, post_id) VALUES (34, 29);
INSERT INTO user_likes (user_id, post_id) VALUES (15, 29);
INSERT INTO user_likes (user_id, post_id) VALUES (65, 29);
INSERT INTO user_likes (user_id, post_id) VALUES (3, 29);
INSERT INTO user_likes (user_id, post_id) VALUES (6, 29);
INSERT INTO user_likes (user_id, post_id) VALUES (22, 29);
INSERT INTO posts (id, poster_id, title, body, created) VALUES (30, 9, 'situation hand', 'everyone. four work popular firm question issue despite nature tough civil others lot voice throw heavy factor better skill kid know late believe yourself make. in language example deal newspaper easy. air eight now look father brother. upon number of choose economic campaign bar turn hit another avoid approach appear build brother low subject whom point executive record cut around out per real free standard decide door hear eye nothing today enough smile. huge indicate say personal', '2021-11-03');
INSERT INTO post_comments (id, post_id, commenter_id, message, created) VALUES (0, 30, 55, 'individual between management instead reflect never day season baby eye they important employee sometimes choose compare daughter. democratic son small within scene four southern tell difficult', '2021-11-08');
INSERT INTO post_comments (id, post_id, commenter_id, message, created) VALUES (1, 30, 9, 'within customer themselves edge if defense thought too chair focus. population feel ago how catch say thing hotel fear far TV during really property many TV will cultural past better quite require moment. art maybe black agency part. same his compare. chair decision hear small phone explain answer direction professional push building activity though night technology choice wear position drop relate similar approach century travel. record middle hotel here through question rule play activity lose unit up price', '2021-11-05');
INSERT INTO post_comments (id, post_id, commenter_id, message, created) VALUES (2, 30, 27, 'skin experience lawyer ten mission. difference military nearly between fund get according soldier top beyond upon explain maintain last half others single treatment enter benefit according. bill seem behind true that against. child door identify. sure head game early issue half go voice either plant discover tonight kind her', '2021-11-05');
INSERT INTO user_likes (user_id, post_id) VALUES (33, 30);
INSERT INTO user_likes (user_id, post_id) VALUES (52, 30);
INSERT INTO user_likes (user_id, post_id) VALUES (40, 30);
INSERT INTO user_likes (user_id, post_id) VALUES (25, 30);
INSERT INTO user_likes (user_id, post_id) VALUES (58, 30);
INSERT INTO posts (id, poster_id, title, body, created) VALUES (31, 47, 'five age', 'agreement car course myself bit imagine recognize strategy. job surface consider another six feel bad drug to. pay fact hundred quite Mrs spend all key its decide close treat themselves suddenly loss someone growth school their Mrs six phone easy as blood themselves theory allow pretty although college cause democratic stand they them human fast necessary west television town they staff data quickly mission order in per coach thought everyone edge whole than anyone paper air wall if strategy stay pretty late', '2021-10-25');
INSERT INTO user_likes (user_id, post_id) VALUES (73, 31);
INSERT INTO user_likes (user_id, post_id) VALUES (58, 31);
INSERT INTO user_likes (user_id, post_id) VALUES (72, 31);
INSERT INTO user_likes (user_id, post_id) VALUES (60, 31);
INSERT INTO user_likes (user_id, post_id) VALUES (59, 31);
INSERT INTO user_likes (user_id, post_id) VALUES (32, 31);
INSERT INTO user_likes (user_id, post_id) VALUES (11, 31);
INSERT INTO user_likes (user_id, post_id) VALUES (10, 31);
INSERT INTO user_likes (user_id, post_id) VALUES (8, 31);
INSERT INTO user_likes (user_id, post_id) VALUES (69, 31);
INSERT INTO user_likes (user_id, post_id) VALUES (20, 31);
INSERT INTO user_likes (user_id, post_id) VALUES (6, 31);
INSERT INTO user_likes (user_id, post_id) VALUES (16, 31);
INSERT INTO user_likes (user_id, post_id) VALUES (14, 31);
INSERT INTO user_likes (user_id, post_id) VALUES (12, 31);
INSERT INTO user_likes (user_id, post_id) VALUES (5, 31);
INSERT INTO user_likes (user_id, post_id) VALUES (57, 31);
INSERT INTO user_likes (user_id, post_id) VALUES (36, 31);
INSERT INTO posts (id, poster_id, title, body, created, last_edited) VALUES (32, 48, 'party skill', 'option success west toward your. skill throw question table relationship common manager hit positive method seat type himself deep benefit change spring where. use. end forward agent trial my south debate Democrat. effort fill college wind yet person address turn bit just professor site measure firm foot trade ahead smile no. contain. concern idea', '2021-10-29', '2021-11-01');
INSERT INTO post_comments (id, post_id, commenter_id, message, created) VALUES (0, 32, 73, 'often wife find if stand accept. build itself pull reduce everything across affect his area wait question media staff early son might step song tend marriage election word tough way structure bank at member beat pattern here yes attention theory position meet story on doctor hour everybody course decade. officer community hit management agreement smile candidate present. language anything region military', '2021-11-06');
INSERT INTO post_comments (id, post_id, commenter_id, message, created) VALUES (1, 32, 42, 'be walk another understand floor start pick stand expert people save analysis quality parent color dinner southern religious husband two choose window western figure follow keep policy.', '2021-11-03');
INSERT INTO post_comments (id, post_id, commenter_id, message, created) VALUES (2, 32, 73, 'while buy himself throughout probably per large bed behind. itself federal move heavy simple watch check part camera. increase beautiful short behavior live range bring structure life decision unit off. everyone particularly maybe. common school subject black. myself. none everything music spring realize behind why morning air every Congress learn thing pressure prevent turn power style expert. huge much wall very official his change might shoulder structure quality week attorney. again my picture enjoy vote admit be information show', '2021-11-03');
INSERT INTO post_comments (id, post_id, commenter_id, message, created) VALUES (3, 32, 72, 'talk daughter base experience scientist magazine white employee effort certain sound degree finally great government such book share TV structure name provide plant especially heavy. card wide tough financial guess move give people grow answer successful allow either simply suddenly Congress second style financial benefit church partner tough everything miss group both less chance drop son bill forward at physical third page two. identify identify bed room last.', '2021-11-06');
INSERT INTO post_comments (id, post_id, commenter_id, message, created) VALUES (4, 32, 55, 'about this often manager anyone air structure process card feel later strategy or mother. course join page control exist special baby save modern. moment simple PM sport believe ten listen pay move run keep rich animal site road agency deep hundred end kind respond require serious American rich book enough unit director bank statement surface pattern old fine wonder often. picture cost these area those note watch degree production offer too per owner party peace relationship memory edge about product Mrs. guess news national blue expert word check while under adult major culture develop military ago free environmental edge give', '2021-11-01');
INSERT INTO post_comments (id, post_id, commenter_id, message, created) VALUES (5, 32, 52, 'check design former piece shake everyone whether car professor no high summer center interview service hair our firm medical agreement protect ten reality network sort state few white. near democratic discussion have boy individual. boy similar challenge paper suffer work. trial station', '2021-11-02');
INSERT INTO user_likes (user_id, post_id) VALUES (66, 32);
INSERT INTO user_likes (user_id, post_id) VALUES (14, 32);
INSERT INTO user_likes (user_id, post_id) VALUES (73, 32);
INSERT INTO user_likes (user_id, post_id) VALUES (12, 32);
INSERT INTO posts (id, poster_id, title, body, created) VALUES (33, 46, 'dark see imagine eye', 'guy difficult similar fact north write consumer consider small ball class man mention provide wonder. task over industry work against of front rather go whole defense consider blood really religious half west hour go consider value read leg on specific up plan team.', '2021-11-02');
INSERT INTO post_comments (id, post_id, commenter_id, message, created) VALUES (0, 33, 62, 'mind report morning character performance PM body order present pressure owner nation toward line analysis short really personal unit thus establish key crime machine hundred various good tree when. none. market really matter medical send reflect sport force similar heavy. often', '2021-11-02');
INSERT INTO post_comments (id, post_id, commenter_id, message, created) VALUES (1, 33, 1, 'weight from say strategy four. yourself former build life lead skill until take. pick international church article. budget win trial arrive information theory another lawyer place officer news college style. someone although card position action identify poor many soon explain by teach. lay agency sport teach just behavior future rule big information church. their else budget cup court bar home sometimes issue adult modern before work whether. order mother', '2021-11-04');
INSERT INTO post_comments (id, post_id, commenter_id, message, created) VALUES (2, 33, 39, 'democratic series ahead rate sing enter fall. task final miss force region team technology its sing get growth computer other continue focus day in on team notice. pretty help draw toward forward everything individual account prove role all section house fear knowledge wrong provide thought suggest hair TV risk money teacher training could trip now give factor between least look site artist kitchen', '2021-11-08');
INSERT INTO post_comments (id, post_id, commenter_id, message, created) VALUES (3, 33, 16, 'edge trouble majority service could way effect. identify son number ball nature politics. woman possible. put situation ago couple world dinner. rich impact site purpose economy spring us morning place before energy movement just. defense', '2021-11-05');
INSERT INTO post_comments (id, post_id, commenter_id, message, created) VALUES (4, 33, 45, 'hotel would much involve move stock simply. any. during experience hot manager look turn dark discuss father great while story clearly life husband artist me act see. yeah increase camera. fly sound senior exactly. agree order month social arrive hard ago different build represent land', '2021-11-03');
INSERT INTO post_comments (id, post_id, commenter_id, message, created) VALUES (5, 33, 40, 'spend to land set sign bank test magazine moment develop meeting game election agent believe himself writer professional find effort individual how relationship fear herself just available sister pressure. number government of factor respond join western the someone pressure human. type especially. around design land account pay boy. environment opportunity happy after red economic development study cost let water', '2021-11-05');
INSERT INTO post_comments (id, post_id, commenter_id, message, created) VALUES (6, 33, 35, 'finally throw sound edge wear health even star. myself bit eat continue ago approach job occur down personal might central white small reflect north. game billion top might floor forget always capital nation occur trial man rate. meeting area until against water admit leg enter travel site might professor federal north employee respond somebody loss language Congress road bill practice', '2021-11-08');
INSERT INTO post_comments (id, post_id, commenter_id, message, created) VALUES (7, 33, 24, 'truth kind big decision west explain kid tree Congress strategy staff less staff less national expect type Mrs peace TV serious believe sister issue high pressure sport yes music country property tell authority another investment song walk ready pretty point store foot reflect know security TV of smile state control difficult generation technology production eat size carry military agent knowledge energy chair notice bill son out TV develop', '2021-11-06');
INSERT INTO post_comments (id, post_id, commenter_id, message, created) VALUES (8, 33, 28, 'Republican most. detail nearly possible treatment hundred that nice able interest travel consider. marriage single now word example exactly power officer suddenly wait break amount price main. position worker', '2021-11-08');
INSERT INTO post_comments (id, post_id, commenter_id, message, created) VALUES (9, 33, 10, 'car sign professor specific building personal. letter share without not newspaper practice simply join together thought system we economy type poor study well radio thought policy reason fight film service summer administration later story. would accept view off. remember grow tree house hold radio our area book administration imagine. home point civil save high near center citizen time can man', '2021-11-08');
INSERT INTO user_likes (user_id, post_id) VALUES (31, 33);
INSERT INTO posts (id, poster_id, title, body, created) VALUES (34, 25, 'strategy design', 'there age important nothing yeah culture if perhaps court free political news any feel require machine pick lead. mother appear perform specific clear interview little. probably game. company standard father safe future their. company for. require box radio hotel clear strategy film American score site item assume quite television discover name idea population need list spring cup security southern little plant list source. part test late life professor hope article. road within heart just group career', '2021-11-06');
INSERT INTO post_comments (id, post_id, commenter_id, message, created) VALUES (0, 34, 55, 'line technology nation card west magazine. power popular president none professor improve remember to light word finish sort event box for true dream trade into determine around anyone father become go case yet away even body instead cover thank would wait tell face wind whatever new indicate. lawyer town TV response house west student. hope him there your agree business evidence ball another risk. boy interesting view must suddenly school tax join return', '2021-11-08');
INSERT INTO post_comments (id, post_id, commenter_id, message, created) VALUES (1, 34, 53, 'interest five have week return point join still building put art act our maybe fill pick lose defense remember say at country store food list describe most everybody soldier', '2021-11-07');
INSERT INTO post_comments (id, post_id, commenter_id, message, created) VALUES (2, 34, 27, 'big smile safe sister sort make senior off drug design finally after yard fire look difficult environmental moment someone film artist here husband yeah analysis career trial public perform or local early write show step practice clear control ask authority evening last financial. national. indicate edge staff suddenly same before bed decide about recognize or somebody hear. exist also plan all her', '2021-11-08');
INSERT INTO post_comments (id, post_id, commenter_id, message, created) VALUES (3, 34, 3, 'station six study where enjoy director leave true trade article pattern toward physical fire check I true foot nearly specific style themselves any cultural rock region front rate build product system morning tonight music picture white each tax success help direction region probably feel technology add participant gas set beat heart analysis visit build appear exist final human stay company else walk sit newspaper serious young what imagine theory all light too cut method car might performance fish', '2021-11-08');
INSERT INTO post_comments (id, post_id, commenter_id, message, created) VALUES (4, 34, 33, 'response be whose talk. tax sound society city air travel raise your million approach million skill rock along local whatever time billion military. recent can today suffer beyond whom inside. play during international effect analysis tend above positive avoid oil enjoy Mrs', '2021-11-07');
INSERT INTO post_comments (id, post_id, commenter_id, message, created) VALUES (5, 34, 69, 'there not. difficult benefit guy old project able small like goal per strategy effort guess begin recent right. herself somebody activity ground test. necessary unit. body thank parent democratic step example threat Mr floor season color admit. project spring purpose increase early poor true dream face newspaper government point enough by hand now within break table theory general page real present employee because despite team rest see present bed to per career which list course once politics customer international together', '2021-11-07');
INSERT INTO post_comments (id, post_id, commenter_id, message, created) VALUES (6, 34, 37, 'yet movie stay. what expect commercial military return heart long notice thought accept particular offer history establish ten daughter less significant. fly film high increase own recognize material perform coach student girl positive try physical himself from from home administration feeling stock skill evening debate feel bank despite card reduce. city his people and form', '2021-11-06');
INSERT INTO post_comments (id, post_id, commenter_id, message, created) VALUES (7, 34, 11, 'well study close myself girl change traditional direction commercial pattern friend write party enough not. including military others long election husband plant camera expert tax four shake red third card. police establish could sister voice view painting. nearly. food opportunity single right table attack various. bad friend member just. teacher enter director daughter far. season before alone production yourself turn eight three require provide high read physical watch. suddenly capital risk customer evidence whatever exactly next kind program tough get issue piece meet police expect', '2021-11-06');
INSERT INTO posts (id, poster_id, title, body, created) VALUES (35, 72, 'suggest child', 'would especially method medical worker instead senior task see maybe lead before sea much environmental response market finish night air summer attack. poor wind green than else son set successful program model stage office decision onto example large mention owner team member drug field environment reveal see teacher show letter her explain window catch choice left past state part find center partner before outside become effect can', '2021-10-11');
INSERT INTO post_comments (id, post_id, commenter_id, message, created) VALUES (0, 35, 51, 'stuff report technology industry bill. step person pay another agency me only call. how garden despite room well he ground speech believe PM north order someone sea election benefit nice stuff share. indicate miss him edge able national trip out. everybody safe at country huge pattern. rule question difficult top. star attention mouth benefit', '2021-10-12');
INSERT INTO post_comments (id, post_id, commenter_id, message, created) VALUES (1, 35, 6, 'support. look magazine per Congress why. social role boy must safe author. call meet computer ready word attack most director close task foot production. approach threat run. eight drop if others cup woman must party yeah beyond officer opportunity before push avoid bill green citizen above child rule practice scene might look house serve court with table how career. reflect born probably simple address glass possible sea heart try mission. leg', '2021-10-30');
INSERT INTO post_comments (id, post_id, commenter_id, message, created) VALUES (2, 35, 39, 'most should home build high quite their table social face team above design stand less let send must travel. answer performance family south range law recognize maintain court station long ago particular he study certain explain gun individual piece ever bit voice car indicate true', '2021-10-21');
INSERT INTO post_comments (id, post_id, commenter_id, message, created) VALUES (3, 35, 51, 'time. on few project another remember west. seek member list painting choice others. compare region choose cup manage property far get consumer never mean meeting better system public among nor. apply feel exist or story option might at city mouth once scientist wrong. over and smile professional strong recently responsibility cultural no window finally rather join mother born. determine reveal summer could common fund treatment sign every view help across result must back section magazine', '2021-11-06');
INSERT INTO user_likes (user_id, post_id) VALUES (58, 35);
INSERT INTO user_likes (user_id, post_id) VALUES (8, 35);
INSERT INTO posts (id, poster_id, title, body, created) VALUES (36, 73, 'lay man up indeed', 'smile sense television focus church own car Democrat between already some. fight. cup. phone piece ok article involve interview. their season budget ago time. loss certain age. ago forget history indeed four same economic out word factor cup forget mind take benefit lawyer service rich data make mother. method our customer agree board sit stock ability behavior federal off amount. movement shake spend pressure protect. cover prevent reach watch key close reduce near social lead evidence current. because factor next goal', '2021-10-15');
INSERT INTO post_comments (id, post_id, commenter_id, message, created) VALUES (0, 36, 72, 'nice field artist color computer whose environmental. budget begin free wonder hospital. physical job lawyer across only officer ask laugh pick song assume thus. accept threat result. skill week third upon black election writer. late. clearly smile heavy statement black while training. individual various start never week according song find seek various piece sense service talk safe everybody mention rise everything step easy sort best relate water', '2021-11-02');
INSERT INTO post_comments (id, post_id, commenter_id, message, created) VALUES (1, 36, 36, 'walk cold girl daughter present yet drop author fall itself pull home environment relate develop kid base office especially anything room many raise. I player north. leader exactly lead. degree sell present study including', '2021-10-18');
INSERT INTO post_comments (id, post_id, commenter_id, message, created) VALUES (2, 36, 13, 'ready since its raise try meet institution sure produce truth drive positive at fish. help social short. statement night because member radio song drug message full change money late realize. develop seem protect for artist simple stock save they with how commercial after score standard say magazine admit one evening interview three follow always kid drug policy right place become anything character their successful least yes management citizen case painting full decision resource sign certainly simply they administration gun bill make view international', '2021-11-02');
INSERT INTO post_comments (id, post_id, commenter_id, message, created) VALUES (3, 36, 19, 'rock group her very him number century cultural knowledge expect toward sometimes allow series for cup walk matter thus crime prevent kitchen current late actually tend own soon drug movie choose discover opportunity own fly artist catch character car along case station term really pick. statement probably it industry amount car eight receive put food dream some give drop least inside radio education conference sure good out debate two. fall across man amount it quite their. sense end anyone agree order relate arm create role moment race cover network past student throughout structure loss than born threat off another', '2021-10-15');
INSERT INTO post_comments (id, post_id, commenter_id, message, created) VALUES (4, 36, 19, 'alone month society. free must environment look anything. like dark central end. without it different whether blood benefit behavior not collection small minute difference able listen above would for mother rock provide rich father point off their who between common hot I. boy be issue test onto professor watch number animal wait care nothing business our stock', '2021-10-24');
INSERT INTO post_comments (id, post_id, commenter_id, message, created) VALUES (5, 36, 52, 'first man. west poor audience physical cell matter. agreement rest character speak glass there miss many future system five learn relationship point mother way cup this size they fill friend under address weight green almost not call great difference commercial last', '2021-10-22');
INSERT INTO post_comments (id, post_id, commenter_id, message, created) VALUES (6, 36, 39, 'letter let seven real Congress plant school class. explain view debate left evening prepare. range bag since along decade save into quality trouble over behind end amount one still indicate draw cultural whether for threat clear trial argue white them friend herself many. movie stay population current lead why this itself apply remain mouth view. consumer share least. officer few get fact my country no anyone decide most read peace near those part describe write place lose almost avoid choose board. force color the page seem dinner next value beautiful large remain', '2021-11-04');
INSERT INTO post_comments (id, post_id, commenter_id, message, created) VALUES (7, 36, 14, 'us happy. represent strategy message skin first. happy same head dark store do behavior project year eat great year thing accept there them field general page single affect visit professor we yes. natural girl tend thank rule', '2021-10-25');
INSERT INTO user_likes (user_id, post_id) VALUES (37, 36);
INSERT INTO user_likes (user_id, post_id) VALUES (39, 36);
INSERT INTO user_likes (user_id, post_id) VALUES (71, 36);
INSERT INTO user_likes (user_id, post_id) VALUES (38, 36);
INSERT INTO user_likes (user_id, post_id) VALUES (33, 36);
INSERT INTO user_likes (user_id, post_id) VALUES (47, 36);
INSERT INTO posts (id, poster_id, title, body, created) VALUES (37, 70, 'tree talk feel structure', 'road paper it yeah production fund involve child hair size first eat professor seek region learn gas several fall week top allow let night together other get security including glass sort thousand table know. act force together lose but truth short candidate trip husband. many audience although fly activity. really new debate move tree director them. subject institution parent about. say help represent. party head entire. with. walk foreign policy tough run probably', '2021-10-13');
INSERT INTO post_comments (id, post_id, commenter_id, message, created) VALUES (0, 37, 13, 'do body little add report room young even dog season leave PM say human century audience successful own few similar sense wife system read positive raise less discuss receive probably bill she. husband matter thing economy realize. yeah game learn factor call bank trouble would for laugh high sit realize system police itself future some. clearly learn give affect front score beyond police whatever stuff work pressure blue attorney mother stand often student article look', '2021-10-26');
INSERT INTO post_comments (id, post_id, commenter_id, message, created) VALUES (1, 37, 46, 'church position ever drop security kitchen for child deal PM staff message option pressure water instead range kitchen capital thing blood weight mouth fear not buy', '2021-11-04');
INSERT INTO post_comments (id, post_id, commenter_id, message, created) VALUES (2, 37, 8, 'forward throughout health probably possible. score sea economy visit kitchen have effect real. wrong. hope. entire decide store see. professional benefit charge develop assume only run operation how loss sell trial often appear field three bag almost. current along crime lay whose later', '2021-11-03');
INSERT INTO post_comments (id, post_id, commenter_id, message, created) VALUES (3, 37, 74, 'order type with receive research thousand during size west return about treat respond result entire police plant write agency few continue but all wear machine data could quite condition catch fish trade American none style close no trip second win way soon work ok. believe bring. product find remain. oil rather research', '2021-11-08');
INSERT INTO post_comments (id, post_id, commenter_id, message, created) VALUES (4, 37, 29, 'fast throughout. plant Mrs result and sound go away decide tax also gun start popular wide environmental bill. treat fast choice individual sister some force see key long sell', '2021-11-04');
INSERT INTO post_comments (id, post_id, commenter_id, message, created) VALUES (5, 37, 13, 'anything coach role impact without someone address beautiful money produce style right win manage thank discover upon detail not field. couple its keep drug heavy plan and authority memory picture I usually occur yard national blue last article direction visit actually once those. know day lose fire apply available receive yourself she once spend compare dinner course rock us fish ability', '2021-10-22');
INSERT INTO post_comments (id, post_id, commenter_id, message, created) VALUES (6, 37, 33, 'decide north fund little two. least paper like arrive training red clear buy provide share. finish training cup believe rock late of individual spring not. that owner maybe upon decision matter look interview son. usually become field', '2021-10-29');
INSERT INTO user_likes (user_id, post_id) VALUES (34, 37);
INSERT INTO user_likes (user_id, post_id) VALUES (33, 37);
INSERT INTO user_likes (user_id, post_id) VALUES (1, 37);
INSERT INTO user_likes (user_id, post_id) VALUES (63, 37);
INSERT INTO user_likes (user_id, post_id) VALUES (16, 37);
INSERT INTO user_likes (user_id, post_id) VALUES (36, 37);
INSERT INTO user_likes (user_id, post_id) VALUES (45, 37);
INSERT INTO user_likes (user_id, post_id) VALUES (52, 37);
INSERT INTO user_likes (user_id, post_id) VALUES (15, 37);
INSERT INTO posts (id, poster_id, title, body, created, last_edited) VALUES (38, 72, 'party still them', 'available discover nor music race. world effect attorney speech social suggest control college skin night describe less kitchen fight perform others keep miss loss happen care deal attention. phone still head management perhaps administration mission across writer him agreement. culture soon same seven great world vote case sometimes the president seem day school positive worker ahead factor perhaps meet once mention remain whole sign so line remember high site. couple decision size part. someone commercial fear you fast over store part last style same common watch right remain with police drive politics mind away try sea box than official', '2021-10-11', '2021-10-27');
INSERT INTO post_comments (id, post_id, commenter_id, message, created) VALUES (0, 38, 25, 'medical to power else strong central mission low listen Congress although partner upon coach success discuss federal miss you star phone often wear movie skin whose television degree exist special nation picture right live couple him fund success great they event', '2021-10-26');
INSERT INTO post_comments (id, post_id, commenter_id, message, created) VALUES (1, 38, 2, 'loss decision reflect radio. television minute figure century president they a early fire political fight site however imagine environment American move turn music son talk. speech population collection attorney particularly never politics onto series quality participant painting seem suddenly democratic', '2021-10-20');
INSERT INTO post_comments (id, post_id, commenter_id, message, created) VALUES (2, 38, 39, 'theory. book mean care employee move edge business special generation go particularly arm middle environmental here anyone total authority attack safe commercial me TV for culture drop team though agreement current leader south PM drive town raise down within shake store meet bad history language draw put street notice commercial poor together store', '2021-11-08');
INSERT INTO post_comments (id, post_id, commenter_id, message, created) VALUES (3, 38, 43, 'wish collection as old hotel management mouth travel develop. voice easy. always response officer agency size west. network record local condition unit son those young range plan our. listen seek century control growth air yes fight own art. inside hope decision soldier though professional before little because career past our reason someone pattern audience official less about language green. social stock song research set hit treat customer benefit position although beautiful central western special foreign along event total night market', '2021-11-03');
INSERT INTO user_likes (user_id, post_id) VALUES (57, 38);
INSERT INTO user_likes (user_id, post_id) VALUES (54, 38);
INSERT INTO user_likes (user_id, post_id) VALUES (6, 38);
INSERT INTO user_likes (user_id, post_id) VALUES (17, 38);
INSERT INTO user_likes (user_id, post_id) VALUES (25, 38);
INSERT INTO user_likes (user_id, post_id) VALUES (5, 38);
INSERT INTO user_likes (user_id, post_id) VALUES (48, 38);
INSERT INTO user_likes (user_id, post_id) VALUES (23, 38);
INSERT INTO user_likes (user_id, post_id) VALUES (52, 38);
INSERT INTO user_likes (user_id, post_id) VALUES (0, 38);
INSERT INTO user_likes (user_id, post_id) VALUES (31, 38);
INSERT INTO user_likes (user_id, post_id) VALUES (29, 38);
INSERT INTO user_likes (user_id, post_id) VALUES (65, 38);
INSERT INTO user_likes (user_id, post_id) VALUES (49, 38);
INSERT INTO user_likes (user_id, post_id) VALUES (42, 38);
INSERT INTO user_likes (user_id, post_id) VALUES (46, 38);
INSERT INTO posts (id, poster_id, title, body, created) VALUES (39, 32, 'chair worker cultural', 'page away organization across production television put no answer southern water book determine customer concern put place everything character pretty director free away upon north growth reach early scientist director score yourself. walk suggest interesting region occur degree tax bring company point bar. suggest understand thus. direction politics value model party use author call upon paper after threat again would family during whom skin benefit management music remain man son analysis guy try', '2021-10-13');
INSERT INTO post_comments (id, post_id, commenter_id, message, created) VALUES (0, 39, 65, 'series fly finish development region. many turn impact lose seven speech gas where development wife movement dark key still trial peace something man party feeling card state kitchen mouth one west rather pay option picture leg mention fill great sit true put network every up focus indicate charge guy lawyer air article majority south city firm safe early role trouble young out green appear call measure computer focus seek every. sport have land food firm different special. might born smile big recently citizen visit try lawyer conference while table hundred left network between', '2021-11-02');
INSERT INTO post_comments (id, post_id, commenter_id, message, created) VALUES (1, 39, 45, 'executive. career later political popular interview generation much use hotel happy eat set training human approach majority really three hear operation out buy medical probably add network religious financial dark decide. rule leg discussion base late. yet decide. bit meeting station town effect maintain gas market guess color community lot difference price fish believe. possible three make simple size. toward ask design indeed. list', '2021-11-04');
INSERT INTO post_comments (id, post_id, commenter_id, message, created) VALUES (2, 39, 46, 'support red table his official able. quickly off ready large receive hot fear expect history claim kind something. majority third place read debate full smile military. behind may sort although something spring democratic whom machine paper. there college nor note heart soldier operation laugh listen beautiful three later live according series myself citizen may enter difference religious. recognize wall dog and statement especially stop against amount available probably knowledge whatever minute interest message player seem discuss yes employee push network. include themselves material job manager. wear themselves describe. car industry politics walk hospital huge. song', '2021-10-20');
INSERT INTO user_likes (user_id, post_id) VALUES (36, 39);
INSERT INTO user_likes (user_id, post_id) VALUES (43, 39);
INSERT INTO user_likes (user_id, post_id) VALUES (12, 39);
INSERT INTO user_likes (user_id, post_id) VALUES (50, 39);
INSERT INTO user_likes (user_id, post_id) VALUES (38, 39);
INSERT INTO posts (id, poster_id, title, body, created) VALUES (40, 61, 'about people ahead', 'TV material. control probably door agreement end ahead. simple company player building go media professional remember marriage financial region day. live heart. describe ask every day sign low student data responsibility short policy. ago age sure talk such door reason leg prove worry today other vote culture time drop reach number bed enjoy floor institution really down once return education once writer list key per dinner follow cup body father energy financial large his worry growth professor age what charge face impact they difference gun number apply at either theory station hope inside sort smile let world program budget build.', '2021-11-03');
INSERT INTO post_comments (id, post_id, commenter_id, message, created) VALUES (0, 40, 33, 'me address organization fight still defense discover network always system there across program face central eye middle style lot into try family laugh. never could choose southern result situation wrong moment be test situation we spend unit election take own win radio wish day move eat likely partner staff also time share art with probably force prevent guess for generation', '2021-11-03');
INSERT INTO post_comments (id, post_id, commenter_id, message, created) VALUES (1, 40, 52, 'better put huge want certainly save suggest need. only rest there must foreign follow. consider prevent too candidate best but financial opportunity subject guess need economic throw condition western raise. foreign since. style onto sound few forward upon mention. else low from stock father. dark old loss bar yeah population discuss', '2021-11-07');
INSERT INTO post_comments (id, post_id, commenter_id, message, created) VALUES (2, 40, 28, 'loss process. great black serious drop. weight each fear decision artist law stage commercial garden community loss home note fire same up play. front campaign specific short ask stand account ever none decade voice check case rate message big either parent audience beat. economic laugh more five prevent expert whether analysis soldier foot tonight majority', '2021-11-05');
INSERT INTO post_comments (id, post_id, commenter_id, message, created) VALUES (3, 40, 65, 'head. space behavior difficult right many ball seek near usually million billion opportunity chance reflect whom upon this shoulder. shoulder perform act chance president nothing significant goal network. specific', '2021-11-03');
INSERT INTO post_comments (id, post_id, commenter_id, message, created) VALUES (4, 40, 44, 'high activity run meeting Democrat someone factor under scientist blood. maintain alone produce. either. lead note home alone food what money lawyer reality huge draw ago. product sing hot nothing able stand. key guess along. bit moment able win half simply. view part chair tree trouble same share address must ready finally enjoy up challenge late some case happen really mind. industry. picture letter race appear special. conference herself pattern couple he example movie either note weight soldier treat live alone fish. book great audience board order trade visit easy somebody office lose class effort where gas', '2021-11-08');
INSERT INTO post_comments (id, post_id, commenter_id, message, created) VALUES (5, 40, 8, 'sort turn garden although it reveal music at. ball security western this success house change thousand seek red president perhaps effort understand support network simply kind suggest return of investment ready decide ability her realize administration mission perhaps such power situation civil score save use across color. information my into world usually use trip actually doctor officer service despite red push personal star evidence lot should still add catch population. example stock realize set citizen up mention make left could', '2021-11-04');
INSERT INTO post_comments (id, post_id, commenter_id, message, created) VALUES (6, 40, 59, 'sit officer turn many agent foreign company Republican fill. child player western body include visit position relationship fear eight natural mouth degree college among sort relationship fire then detail. road child save even seem paper focus lot attention risk institution trial garden material behind tree next baby. official foot nothing. choice year too success former. local woman. later establish seven town', '2021-11-04');
INSERT INTO post_comments (id, post_id, commenter_id, message, created) VALUES (7, 40, 35, 'present democratic laugh. cover control eat travel deal impact. financial which its item parent state deal pull. concern administration decision prevent measure Republican. figure budget billion each off total us kind protect make while weight series else though environment miss understand side get cover', '2021-11-05');
INSERT INTO user_likes (user_id, post_id) VALUES (26, 40);
INSERT INTO user_likes (user_id, post_id) VALUES (19, 40);
INSERT INTO user_likes (user_id, post_id) VALUES (41, 40);
INSERT INTO user_likes (user_id, post_id) VALUES (48, 40);
INSERT INTO user_likes (user_id, post_id) VALUES (22, 40);
INSERT INTO user_likes (user_id, post_id) VALUES (8, 40);
INSERT INTO user_likes (user_id, post_id) VALUES (67, 40);
INSERT INTO user_likes (user_id, post_id) VALUES (30, 40);
INSERT INTO user_likes (user_id, post_id) VALUES (36, 40);
INSERT INTO posts (id, poster_id, title, body, created) VALUES (41, 52, 'team different', 'big easy within. despite year never. bag him enough trouble hit writer street court remember girl Congress lawyer half police debate choice school require art air visit physical maintain hold best especially wide entire town benefit party many according between surface five factor look upon century clearly opportunity professor sit nor since contain college central what hospital allow once use', '2021-10-26');
INSERT INTO post_comments (id, post_id, commenter_id, message, created) VALUES (0, 41, 38, 'both place environment himself find risk coach recently particular right suddenly to participant mission middle less reality. establish. minute growth often become the imagine other. half century lead agent result', '2021-11-08');
INSERT INTO post_comments (id, post_id, commenter_id, message, created) VALUES (1, 41, 62, 'fill gun consider loss apply. first lawyer card. fine deal race. until business they rate. analysis once war back southern campaign institution toward close significant world truth professional possible ahead partner north protect far happen whose wish ago recent factor place statement reason. baby allow teacher firm form pay reveal what against own dream enjoy. plan current team within security pattern investment even idea each factor soldier truth save society. do less. parent. west remain possible executive growth crime thousand item energy energy along. think give. worker young. bank national', '2021-11-03');
INSERT INTO user_likes (user_id, post_id) VALUES (29, 41);
INSERT INTO posts (id, poster_id, title, body, created) VALUES (42, 44, 'happy join', 'address mouth happen soon. from particularly strategy some whether water perhaps ground consumer last nor from doctor plan than throw radio story along case new same support paper particularly really management ten town future fine pull little. drop media shoulder somebody. side seek charge beyond sound particularly answer little friend art beat among city minute best their establish Republican building rest ago particular Mrs Democrat rate win authority church treatment. field Republican than political near job result fact professional important ball successful exactly. still fund surface their two game. director mention reason they then just pressure', '2021-10-28');
INSERT INTO post_comments (id, post_id, commenter_id, message, created) VALUES (0, 42, 74, 'onto world real relate four computer old mouth economy know special trial energy bar future most carry now sense item discuss find executive like alone add western leader piece pick strong kid increase. wonder. religious daughter institution study seat. policy question rather black election really reality several again laugh month analysis. sort huge actually them than bit should campaign safe tax', '2021-10-29');
INSERT INTO post_comments (id, post_id, commenter_id, message, created) VALUES (1, 42, 20, 'street road reality Republican daughter center key business easy will up writer watch. able value southern hand station. writer try range coach mind alone term occur spring teach democratic assume. some easy purpose pretty billion fact ago prepare. car federal yet feeling note kid raise such customer future challenge group north style easy create. project look buy. vote name finish way group with describe yard catch within later. fact section or research mother son above enter quality first after or whose sound yes. rock break type thing attention recent. though job leader audience authority general child letter reality commercial expert.', '2021-10-30');
INSERT INTO post_comments (id, post_id, commenter_id, message, created) VALUES (2, 42, 40, 'want themselves pay prepare century reality hold central free everything southern increase huge finally land society. color play whole. certainly participant land thank red baby. war information consumer article that including husband avoid main such one finish a eat model report your idea south but inside practice certain. matter. wall themselves mean raise idea other education hope edge', '2021-10-30');
INSERT INTO user_likes (user_id, post_id) VALUES (35, 42);
INSERT INTO user_likes (user_id, post_id) VALUES (54, 42);
INSERT INTO user_likes (user_id, post_id) VALUES (56, 42);
INSERT INTO user_likes (user_id, post_id) VALUES (67, 42);
INSERT INTO posts (id, poster_id, title, body, created) VALUES (43, 74, 'hot all condition bit', 'this foreign ever world job trouble. agent common along trial upon sport six friend alone special interest far over single perhaps will week purpose whatever stock. task sit side receive begin gun offer join rise last view world really few', '2021-11-03');
INSERT INTO post_comments (id, post_id, commenter_id, message, created) VALUES (0, 43, 36, 'fine candidate time bar three. so capital culture line daughter whether report on road century peace send bit race determine. represent partner medical present character prevent charge avoid general task explain toward from certainly one anything. experience before join. explain five between follow none either true doctor well wide program risk song call central law', '2021-11-05');
INSERT INTO post_comments (id, post_id, commenter_id, message, created) VALUES (1, 43, 37, 'think. last second bar activity increase walk majority class usually best more under tend. board national culture contain ever approach it. nation attorney western note power technology. know section', '2021-11-08');
INSERT INTO post_comments (id, post_id, commenter_id, message, created) VALUES (2, 43, 7, 'Mr medical color support alone create hair life whose. party character. would fast large friend in add door although story require until economy popular when interest answer. military perform concern whatever act owner energy clearly author guess all someone should fish age ago single. pass mouth attack what PM. take. start whose woman around fact Mr sit compare. because determine key civil. action. produce month site chair billion return ahead against themselves foreign foreign middle front positive subject she new. wait beyond perform serve require allow', '2021-11-03');
INSERT INTO post_comments (id, post_id, commenter_id, message, created) VALUES (3, 43, 12, 'example source team. new age. citizen benefit series parent light reflect girl difference. old measure light stock political animal indicate game. reach book structure surface east big. indeed training charge blue painting few artist. space local single. describe beautiful time. truth total book accept market defense happen house yes keep citizen effect seem find would professor recent. something stop against bring employee when base dog budget successful situation western operation PM enter film watch', '2021-11-05');
INSERT INTO user_likes (user_id, post_id) VALUES (42, 43);
INSERT INTO user_likes (user_id, post_id) VALUES (66, 43);
INSERT INTO user_likes (user_id, post_id) VALUES (70, 43);
INSERT INTO user_likes (user_id, post_id) VALUES (72, 43);
INSERT INTO user_likes (user_id, post_id) VALUES (50, 43);
INSERT INTO user_likes (user_id, post_id) VALUES (3, 43);
INSERT INTO posts (id, poster_id, title, body, created) VALUES (44, 10, 'serious break', 'defense necessary late member of begin quite statement feel reach simple article who authority everything really something only option matter play. budget few left see business trial stand thousand dark kid ground wind property heart southern western often organization it throw thousand goal', '2021-10-12');
INSERT INTO post_comments (id, post_id, commenter_id, message, created) VALUES (0, 44, 1, 'recent into nature eye themselves site especially better method behind stop moment heavy ahead project that pull anyone girl movement form. financial as remember defense get market cost', '2021-10-17');
INSERT INTO post_comments (id, post_id, commenter_id, message, created) VALUES (1, 44, 29, 'ability. beat style. computer say step according dinner whole add include organization property war spend agree close why run level open room condition air agreement word assume left number enter myself team remember police next eye catch public couple establish. hope eat evening phone order so employee reflect appear control child she of trip.', '2021-11-07');
INSERT INTO post_comments (id, post_id, commenter_id, message, created) VALUES (2, 44, 74, 'reason activity raise ball lay decision nation image ball wife project maybe policy little serve six. left together idea story staff nation. fall chance everybody professional main people against game mission always anyone discuss which rather one', '2021-10-23');
INSERT INTO user_likes (user_id, post_id) VALUES (72, 44);
INSERT INTO user_likes (user_id, post_id) VALUES (9, 44);
INSERT INTO user_likes (user_id, post_id) VALUES (33, 44);
INSERT INTO user_likes (user_id, post_id) VALUES (61, 44);
INSERT INTO user_likes (user_id, post_id) VALUES (27, 44);
INSERT INTO user_likes (user_id, post_id) VALUES (19, 44);
INSERT INTO posts (id, poster_id, title, body, created) VALUES (45, 47, 'describe development rate', 'economic series. treatment teach reveal vote likely. including business station couple easy growth space common address seem rich quickly from follow alone someone face top. manager reveal experience food entire eight alone prepare machine', '2021-10-15');
INSERT INTO post_comments (id, post_id, commenter_id, message, created) VALUES (0, 45, 16, 'accept particular safe whole everybody kind recently according organization maybe strong impact message spring use in whatever often environment brother reach. happy shoulder somebody sing range beyond develop wrong then organization institution section newspaper show billion drug. never on range blue really understand exist billion dream. local young art table forget toward family thus low man poor method view forget listen some they identify. spring under several senior imagine later', '2021-10-28');
INSERT INTO post_comments (id, post_id, commenter_id, message, created) VALUES (1, 45, 74, 'buy financial project require. hold debate tree employee two home live remember pull do each daughter today same environment whatever also floor painting voice voice determine impact whether charge law speak soon box support activity. skin including money nor. series star cell or else political total ball right spring agreement main evidence. plant build leave organization. article kind much industry establish law Mr pressure buy stand need about trade continue live movement fire step coach certainly young here show rest people thus stock. fly', '2021-10-17');
INSERT INTO post_comments (id, post_id, commenter_id, message, created) VALUES (2, 45, 59, 'wall concern home experience. leave tell modern floor professional near use point good among matter agree next tend might various program important candidate network surface enough clear expert like maintain will easy president why', '2021-10-15');
INSERT INTO user_likes (user_id, post_id) VALUES (12, 45);
INSERT INTO user_likes (user_id, post_id) VALUES (72, 45);
INSERT INTO user_likes (user_id, post_id) VALUES (53, 45);
INSERT INTO user_likes (user_id, post_id) VALUES (60, 45);
INSERT INTO posts (id, poster_id, title, body, created) VALUES (46, 57, 'even animal', 'maintain education then exactly draw similar thing firm actually media many head rule center. evidence. believe example line of likely old impact discover walk prove wait likely activity. myself present nice important near myself east national great teach without hospital agree light have wind laugh impact personal economic go its fall respond training such hot too carry actually again success current wrong protect reality month poor glass without beat. very room focus evening adult feeling detail always understand rich. left different skin yard month seven. people impact including hour oil', '2021-10-13');
INSERT INTO post_comments (id, post_id, commenter_id, message, created) VALUES (0, 46, 42, 'turn task wall lawyer year indeed authority become and relationship pass few out whether fast national green issue body spring. service include simple without first group read. less exist strategy million fall police these establish beautiful that positive learn. fear specific though herself deep bag. front safe usually. we sport fund. result ability picture', '2021-10-31');
INSERT INTO post_comments (id, post_id, commenter_id, message, created) VALUES (1, 46, 30, 'we provide imagine size worry because knowledge yes allow change account late only space mind picture prevent forward another remain less one each. almost resource road usually method school rock soldier society unit watch weight black', '2021-10-28');
INSERT INTO post_comments (id, post_id, commenter_id, message, created) VALUES (2, 46, 36, 'great growth peace occur film most role center use establish fire work mention industry authority middle range interesting behind. sister. budget ten down certain true subject position talk understand stay matter remember will Congress identify alone administration anyone positive prove south. available which air reduce behind different degree matter even study ever. easy usually audience particularly', '2021-11-05');
INSERT INTO post_comments (id, post_id, commenter_id, message, created) VALUES (3, 46, 43, 'rate color thank TV option store different degree watch structure physical difficult speech fund create chair person deal investment full hot movie worker hospital camera account oil movement may about vote son single station high pull agree let inside scientist give maybe each simply let. much. ten. fast team purpose toward decade family can half issue American model add fear. drug. water leg past be fly. nature order area fill apply newspaper against. wide each fly by involve race grow class step old', '2021-10-18');
INSERT INTO post_comments (id, post_id, commenter_id, message, created) VALUES (4, 46, 54, 'science eight score case issue visit military increase talk item subject reality too leg store beyond can commercial billion interview station always their from most do mission son shake challenge black accept tree son result notice still decide item data surface those best whom team behavior west husband seem camera memory age star price writer artist.', '2021-10-28');
INSERT INTO post_comments (id, post_id, commenter_id, message, created) VALUES (5, 46, 14, 'from rise west party. successful training exactly doctor interest school follow Democrat sell answer seek generation hear marriage rest fast agency face west threat race public possible whether east too significant quite general analysis', '2021-10-22');
INSERT INTO user_likes (user_id, post_id) VALUES (61, 46);
INSERT INTO user_likes (user_id, post_id) VALUES (51, 46);
INSERT INTO posts (id, poster_id, title, body, created) VALUES (47, 0, 'of arm understand service', 'subject nearly western lose compare area budget computer fact light subject whatever television create someone southern nearly send window you wind real power. issue. director consider enjoy rate. these current yard page easy especially team church billion early big loss action recently approach after ability movie religious charge store office lay point movie think star sister once health machine care benefit discussion company that himself institution try because per stuff himself live out quickly yeah pattern. music move group community bag significant drive loss. however or field', '2021-10-29');
INSERT INTO post_comments (id, post_id, commenter_id, message, created) VALUES (0, 47, 57, 'around than when commercial item. participant character view view agent remain doctor life seven camera remain environment popular majority meet sing author decision her general start exactly company interview hotel big back prepare road none maintain threat although center become this debate value see image avoid onto sometimes blue bag between when politics hold finish space group blue energy foreign outside fact. travel service concern east they far business people however wear hospital you former type indeed before table money mind nice human minute', '2021-11-06');
INSERT INTO post_comments (id, post_id, commenter_id, message, created) VALUES (1, 47, 10, 'morning participant. hard production only walk. few. general left great sense everything member manage mind citizen military treatment. high card see always leg special indicate image mother plant wait reduce college attention early apply take suddenly quickly develop since thing leg rate attorney foot table sea technology whether pass hand tell nothing church participant employee cost network shoulder throughout run free small indicate politics think total quality catch training kind line help matter tree order role. attorney consumer major know. pretty discuss mouth agreement story tend painting', '2021-11-05');
INSERT INTO post_comments (id, post_id, commenter_id, message, created) VALUES (2, 47, 20, 'big spring discussion down cause political green manager morning time much particular sing face. you agree assume class Republican create animal forward argue top hundred behavior campaign safe discuss body impact at rock trip pattern field figure cold history American pick forget. rather mother sort nature pay garden laugh professor kind campaign peace', '2021-11-05');
INSERT INTO post_comments (id, post_id, commenter_id, message, created) VALUES (3, 47, 42, 'TV point head friend. cover answer doctor kitchen true through itself specific range available hotel conference force part religious blood great them two support radio age series measure thus later. leader dog return TV. own believe', '2021-11-06');
INSERT INTO user_likes (user_id, post_id) VALUES (68, 47);
INSERT INTO posts (id, poster_id, title, body, created) VALUES (48, 48, 'religious smile check', 'media soon because sign resource left large be shoulder player ask. foot including even tree computer natural front build. teach responsibility approach want religious quality. mean who situation reach also. kind tend north rest economic player third short owner. speak conference', '2021-10-19');
INSERT INTO post_comments (id, post_id, commenter_id, message, created) VALUES (0, 48, 57, 'education beyond fall rock church not American. trip common class those industry recently way left technology catch pass his item source claim contain cold weight manager see computer now painting full entire until dark since role daughter new culture house without personal. agreement early add with. seat trouble when laugh space of political hear up task. how church detail ask while. will hot write fine push citizen purpose involve smile law business student foot reach follow system decision civil. any plant other real lose bag. again represent or but', '2021-10-29');
INSERT INTO post_comments (id, post_id, commenter_id, message, created) VALUES (1, 48, 23, 'upon however car president strategy anyone wife authority bag the develop. grow door front lot relationship usually member financial modern life spring only foot rule something push why image total wall line time me century cause nearly during present some write old car news stock perhaps treatment send night remain cover list serve action step whom capital include suddenly build lead improve next sea however black small center specific film want identify whether', '2021-10-19');
INSERT INTO post_comments (id, post_id, commenter_id, message, created) VALUES (2, 48, 1, 'beat artist third loss. which position only from property impact remain office such mind share radio might argue beat boy claim day rest room increase. matter effect pass school school result spring modern develop surface glass every education practice player news low various break environment everyone her its. effort produce early data crime parent send general art stock cut skill ask others believe little win health performance final wait resource rule few rate condition response trip board involve paper believe cup kitchen but wide leader involve board threat challenge century answer. bed baby enjoy level care court perform', '2021-11-06');
INSERT INTO post_comments (id, post_id, commenter_id, message, created) VALUES (3, 48, 2, 'tonight impact former story. every practice leg free course pull wear ground cause store. something air behavior national share policy rise. score somebody glass player technology painting figure chair final very dream adult church Democrat prevent talk. pick range so never positive apply prepare low writer do above miss newspaper a couple. play range rule world. where leave rest. fast laugh sometimes expert military be audience break evidence cup relate life commercial. message on seek today less professional. cut generation', '2021-10-31');
INSERT INTO post_comments (id, post_id, commenter_id, message, created) VALUES (4, 48, 6, 'feeling. chair course citizen trade eight already participant. pretty those administration body no century campaign agency garden again check would decide. chair increase market project author. view stay suggest perhaps maintain improve girl rule environmental nearly better also protect mention candidate for opportunity investment picture its happen site customer increase there generation soldier sign before PM quite value way. summer speech policy individual defense huge top he stuff idea', '2021-10-29');
INSERT INTO post_comments (id, post_id, commenter_id, message, created) VALUES (5, 48, 50, 'particularly hair statement fast range drop great politics new day something message employee. everything lose. music detail close line young property century plan. certainly work must result cause total candidate wrong purpose Congress can push doctor it recent government growth hair memory raise answer medical back', '2021-10-19');
INSERT INTO post_comments (id, post_id, commenter_id, message, created) VALUES (6, 48, 72, 'son kid successful degree certainly will place model. head skin party apply cold Mr relate worker sure add walk fire letter most score several specific skin first career sing in modern crime show interesting too along guy suggest safe might than of provide sport member offer role. consumer situation hospital wall throughout stand week television health get our', '2021-10-20');
INSERT INTO user_likes (user_id, post_id) VALUES (12, 48);
INSERT INTO user_likes (user_id, post_id) VALUES (6, 48);
INSERT INTO user_likes (user_id, post_id) VALUES (52, 48);
INSERT INTO user_likes (user_id, post_id) VALUES (59, 48);
INSERT INTO user_likes (user_id, post_id) VALUES (66, 48);
INSERT INTO user_likes (user_id, post_id) VALUES (34, 48);
INSERT INTO user_likes (user_id, post_id) VALUES (57, 48);
INSERT INTO user_likes (user_id, post_id) VALUES (15, 48);
INSERT INTO user_likes (user_id, post_id) VALUES (69, 48);
INSERT INTO user_likes (user_id, post_id) VALUES (39, 48);
INSERT INTO user_likes (user_id, post_id) VALUES (50, 48);
INSERT INTO user_likes (user_id, post_id) VALUES (11, 48);
INSERT INTO user_likes (user_id, post_id) VALUES (43, 48);
INSERT INTO user_likes (user_id, post_id) VALUES (56, 48);
INSERT INTO posts (id, poster_id, title, body, created) VALUES (49, 52, 'itself also about see', 'avoid begin. dark real begin citizen east media why like hundred and job hit small find arm. shake run should before program threat must attack support ever risk explain agree might will nation guess music cover mean seem kind late recently something management start throw those better. news difference candidate', '2021-10-25');
INSERT INTO post_comments (id, post_id, commenter_id, message, created) VALUES (0, 49, 66, 'near southern small tough. half tough clear call experience standard then collection animal also always tax we money their. already expect pull down with even actually threat but face blood throughout grow hour player media single owner support role note them add statement magazine realize behind real cost pressure listen chair Republican thought fine every table write far gas article country agent action ready. yard here save sure significant imagine per newspaper her attention speak movie probably pretty mouth value minute executive financial water several assume. successful lawyer off model. keep', '2021-11-02');
INSERT INTO post_comments (id, post_id, commenter_id, message, created) VALUES (1, 49, 40, 'reality find write first policy good without stay. kid beautiful different probably fish. practice skin trial late fall report executive speech describe. college build adult physical hospital away common politics force him benefit strategy. where region policy soon rest red scene no model memory establish across huge drive defense recognize. little. north meet until able south write should morning cell line anyone', '2021-11-02');
INSERT INTO post_comments (id, post_id, commenter_id, message, created) VALUES (2, 49, 26, 'far according project many himself protect hospital decade reality center leader play year peace population coach crime food material write everybody note rock another seat hundred onto. seek employee smile miss political race defense general. more lot last person race remain one part cultural red', '2021-10-31');
INSERT INTO user_likes (user_id, post_id) VALUES (7, 49);
INSERT INTO user_likes (user_id, post_id) VALUES (54, 49);
INSERT INTO user_likes (user_id, post_id) VALUES (36, 49);
INSERT INTO user_likes (user_id, post_id) VALUES (74, 49);
INSERT INTO posts (id, poster_id, title, body, created) VALUES (50, 65, 'cause site today product', 'never near bit realize his expect maybe husband apply pull west listen may word summer might human which leader this pull happy most unit imagine career evidence like recent head subject marriage action summer trouble former bit hot. approach industry least likely today our piece lot dark use production population else have total hospital sure leave skill wonder. news international way value loss against like morning', '2021-10-11');
INSERT INTO post_comments (id, post_id, commenter_id, message, created) VALUES (0, 50, 65, 'risk deal a attention or security option toward tell as customer subject my child team several bill mission. management ever reflect open visit. discover new single letter others hard maybe assume choose second somebody. model leave trial now sell common week clearly establish wife director standard laugh project who front camera hand anyone example test. professor democratic responsibility as three fear no than up whether position pattern politics amount language ask safe worry boy defense special prevent', '2021-10-26');
INSERT INTO post_comments (id, post_id, commenter_id, message, created) VALUES (1, 50, 54, 'report try collection. both decide tonight beautiful answer rich we. much can only very church present argue police store expert mission beautiful yourself the know attention', '2021-10-19');
INSERT INTO post_comments (id, post_id, commenter_id, message, created) VALUES (2, 50, 42, 'billion law wife grow career series series nearly bill name provide machine. student thank debate kitchen large morning individual thousand should friend easy city visit mouth old past around hand usually big movie court operation industry. certain night choose government nation determine one yourself study sea actually television baby. big although paper old power skill must you upon office many him reflect raise assume kid answer read certainly describe red mouth both technology trial policy value challenge fill figure necessary role word movement magazine own partner break too point cell fear spring cause stock feel. forget song', '2021-11-01');
INSERT INTO user_likes (user_id, post_id) VALUES (29, 50);
INSERT INTO user_likes (user_id, post_id) VALUES (70, 50);
INSERT INTO user_likes (user_id, post_id) VALUES (31, 50);
INSERT INTO user_likes (user_id, post_id) VALUES (5, 50);
INSERT INTO user_likes (user_id, post_id) VALUES (37, 50);
INSERT INTO user_likes (user_id, post_id) VALUES (48, 50);
INSERT INTO user_likes (user_id, post_id) VALUES (53, 50);
INSERT INTO user_likes (user_id, post_id) VALUES (18, 50);
INSERT INTO user_likes (user_id, post_id) VALUES (63, 50);
INSERT INTO user_likes (user_id, post_id) VALUES (64, 50);
INSERT INTO user_likes (user_id, post_id) VALUES (22, 50);
INSERT INTO user_likes (user_id, post_id) VALUES (20, 50);
INSERT INTO user_likes (user_id, post_id) VALUES (4, 50);
INSERT INTO user_likes (user_id, post_id) VALUES (40, 50);
INSERT INTO user_likes (user_id, post_id) VALUES (51, 50);
INSERT INTO posts (id, poster_id, title, body, created) VALUES (51, 2, 'image interview perhaps', 'your perform pressure image need those reason base here available matter power old name challenge table control conference my team early exist professional long oil', '2021-11-01');
INSERT INTO post_comments (id, post_id, commenter_id, message, created) VALUES (0, 51, 23, 'foot attack including finally worry significant look instead watch today sometimes scene enough front turn significant help despite cultural magazine. collection. along her agree population to summer particularly particular. firm finally research investment read fund certainly music hand dog remain hot worker watch ready perhaps evening offer bring heavy open stay future participant federal these wonder too five success type capital economic', '2021-11-07');
INSERT INTO user_likes (user_id, post_id) VALUES (4, 51);
INSERT INTO user_likes (user_id, post_id) VALUES (25, 51);
INSERT INTO user_likes (user_id, post_id) VALUES (64, 51);
INSERT INTO user_likes (user_id, post_id) VALUES (63, 51);
INSERT INTO user_likes (user_id, post_id) VALUES (37, 51);
INSERT INTO user_likes (user_id, post_id) VALUES (40, 51);
INSERT INTO user_likes (user_id, post_id) VALUES (51, 51);
INSERT INTO user_likes (user_id, post_id) VALUES (43, 51);
INSERT INTO user_likes (user_id, post_id) VALUES (1, 51);
INSERT INTO user_likes (user_id, post_id) VALUES (54, 51);
INSERT INTO user_likes (user_id, post_id) VALUES (7, 51);
INSERT INTO user_likes (user_id, post_id) VALUES (12, 51);
INSERT INTO user_likes (user_id, post_id) VALUES (28, 51);
INSERT INTO user_likes (user_id, post_id) VALUES (57, 51);
INSERT INTO user_likes (user_id, post_id) VALUES (67, 51);
INSERT INTO user_likes (user_id, post_id) VALUES (32, 51);
INSERT INTO posts (id, poster_id, title, body, created) VALUES (52, 33, 'sister policy', 'official big difference. image put institution occur hundred. I. which new fund really power like present its for respond themselves when finish end force. fight. establish order door nor nor always garden. read party however. dark within. media. company pattern mean but learn increase. about. president key heart manage future state well forget mother old within civil form whatever strategy time produce beyond choice tree itself senior parent opportunity teach yes must man yourself poor wife other cause generation as. purpose science. hot', '2021-11-08');
INSERT INTO post_comments (id, post_id, commenter_id, message, created) VALUES (0, 52, 20, 'these Congress. fight art clear. my career light nothing cover until truth standard nice administration peace fire gas pass theory campaign population tough. fly address increase actually believe drug state election risk low performance organization feel call forward claim next evening road town reduce even. first there body', '2021-11-08');
INSERT INTO post_comments (id, post_id, commenter_id, message, created) VALUES (1, 52, 24, 'boy foot street range ever week on exist ability might most television manager state upon from run detail just she safe group American growth term rest machine enough side along it song', '2021-11-08');
INSERT INTO post_comments (id, post_id, commenter_id, message, created) VALUES (2, 52, 49, 'decide director certainly trade little sister guess member include. professor by plan their economic cell air read provide middle. carry get perhaps week somebody garden product main about though thus believe yeah these notice argue form. memory. stage market behind. might president hot at. success tell history air near agency interest participant minute speak technology. write occur. attention television office prepare operation myself technology capital large draw week compare or serve toward floor education reflect. high option call writer possible quite oil remain each technology whatever must few building social myself well morning crime expert source language body indeed', '2021-11-08');
INSERT INTO user_likes (user_id, post_id) VALUES (0, 52);
INSERT INTO user_likes (user_id, post_id) VALUES (59, 52);
INSERT INTO user_likes (user_id, post_id) VALUES (34, 52);
INSERT INTO user_likes (user_id, post_id) VALUES (63, 52);
INSERT INTO user_likes (user_id, post_id) VALUES (16, 52);
INSERT INTO user_likes (user_id, post_id) VALUES (67, 52);
INSERT INTO user_likes (user_id, post_id) VALUES (38, 52);
INSERT INTO user_likes (user_id, post_id) VALUES (39, 52);
INSERT INTO posts (id, poster_id, title, body, created, last_edited) VALUES (53, 45, 'agreement office', 'goal prove fight evidence low just daughter ground finish address same sound buy performance far available time wind challenge father future. grow us. chance maintain partner quite author result rock without star imagine improve degree color position out. memory work statement heart resource. draw sister window catch follow everyone artist issue next enter big card or ask minute. local', '2021-11-02', '2021-11-06');
INSERT INTO post_comments (id, post_id, commenter_id, message, created) VALUES (0, 53, 14, 'run easy step news anything assume then everybody heavy mention play court win claim save. player vote professor culture before listen fight trade why catch. low enter organization seat contain writer they evening administration say specific far allow oil matter respond still indicate often perhaps inside old light. picture sister. investment security. let. stop area. southern last bill forward tend my. near design win need career everything same research beautiful those teacher. always former happen board. case dinner while foreign surface tough tell particular worker next simple place call', '2021-11-06');
INSERT INTO post_comments (id, post_id, commenter_id, message, created) VALUES (1, 53, 8, 'lay. first lay goal politics their accept short moment place respond else give policy. movie even current still now teacher not become. foreign rest rather edge buy tend small practice cut challenge available region compare. leave wait leg sort major hair quality. while million hundred total record also discuss job people evidence have. beat at action forget kitchen western true blue firm section catch first science my', '2021-11-06');
INSERT INTO post_comments (id, post_id, commenter_id, message, created) VALUES (2, 53, 57, 'than hundred. church clearly feeling blue even prove third enjoy vote floor later during despite bad respond well professor fine western list later we current herself according popular staff another financial develop student turn itself simple exactly view subject hand either kind young against education discussion plant over reach simply family. none. office fall successful between open. affect police. condition. sister herself song or country special coach hour none court board hope job your they big protect those college change process indicate yourself remain majority majority woman amount speech state newspaper agreement idea call', '2021-11-04');
INSERT INTO post_comments (id, post_id, commenter_id, message, created) VALUES (3, 53, 41, 'commercial blood wonder. always because agree almost ahead general. although move year during involve police may picture wish mouth fill deal pretty play your wonder bed pressure commercial east once discuss play few protect order carry concern night ready stock whom never wear side before perhaps popular believe medical field another list remember every seat establish international building girl size can', '2021-11-05');
INSERT INTO post_comments (id, post_id, commenter_id, message, created) VALUES (4, 53, 60, 'night pattern at ever beautiful church improve you reason commercial body little hit certain hit tell fact ready up anything choice within current raise determine because a source do follow fund nothing with social certain data talk with character hot chance Republican two break five southern exist local environmental significant lawyer last. bring stand camera Mr development his family order economy. hotel shake know', '2021-11-04');
INSERT INTO post_comments (id, post_id, commenter_id, message, created) VALUES (5, 53, 62, 'either full protect occur support claim phone if. never him generation owner far admit lawyer sing quickly others ask these thought write drop teacher work. fill upon though trip position anything win final I hard fly there training action. reveal. exactly now occur piece somebody environment speak whose camera small though stand pay send remain around attack foot vote view series head bed share range end dream religious church group weight sing.', '2021-11-05');
INSERT INTO post_comments (id, post_id, commenter_id, message, created) VALUES (6, 53, 41, 'he now say project special artist design true floor purpose conference level conference wear can yard line edge establish growth family keep anything risk usually level understand dog throughout mention his floor yourself of can glass born trouble tend floor chair store economic care', '2021-11-02');
INSERT INTO post_comments (id, post_id, commenter_id, message, created) VALUES (7, 53, 44, 'mention book set career deep off offer method. deep wonder approach game left feeling wear per pattern politics cost treatment government record if common. though result indeed. form moment toward. and maintain book. suggest guy including thing hear shoulder election similar family support charge also reach democratic trial. you meet civil environmental where wonder necessary realize national building. series.', '2021-11-03');
INSERT INTO user_likes (user_id, post_id) VALUES (28, 53);
INSERT INTO user_likes (user_id, post_id) VALUES (14, 53);
INSERT INTO user_likes (user_id, post_id) VALUES (2, 53);
INSERT INTO user_likes (user_id, post_id) VALUES (11, 53);
INSERT INTO user_likes (user_id, post_id) VALUES (17, 53);
INSERT INTO user_likes (user_id, post_id) VALUES (18, 53);
INSERT INTO user_likes (user_id, post_id) VALUES (0, 53);
INSERT INTO user_likes (user_id, post_id) VALUES (72, 53);
INSERT INTO user_likes (user_id, post_id) VALUES (37, 53);
INSERT INTO user_likes (user_id, post_id) VALUES (56, 53);
INSERT INTO user_likes (user_id, post_id) VALUES (64, 53);
INSERT INTO user_likes (user_id, post_id) VALUES (61, 53);
INSERT INTO user_likes (user_id, post_id) VALUES (7, 53);
INSERT INTO posts (id, poster_id, title, body, created) VALUES (54, 43, 'relate name', 'without someone while coach worker range over significant red can close leave father keep charge you factor type accept reveal leader high across pay traditional full whose energy general. analysis smile. arrive. describe call career specific science technology nation property argue arrive movement although dog score business or defense administration sister all like wall threat matter accept east power shake officer than important letter. what. expect his no', '2021-10-26');
INSERT INTO post_comments (id, post_id, commenter_id, message, created) VALUES (0, 54, 65, 'effect start upon eat somebody agency kind health official central civil spring glass administration democratic his look soldier. different put now. home military money tell. traditional least put artist attorney natural break do under just beat start attack score garden defense plan more book plan return head method focus debate kind treat exist artist civil like wind study according just indicate consumer owner serve cup left shoulder move popular. value. real account tree instead capital apply conference later. discuss ball perhaps approach agree actually service month study strong enough without late film meeting door he. push itself actually agree indicate', '2021-10-27');
INSERT INTO post_comments (id, post_id, commenter_id, message, created) VALUES (1, 54, 39, 'game. west teach local sometimes college or nor interview listen. police bed fear then relationship never young that around two other future generation return consumer second budget dog exactly responsibility yet deal energy live hear matter law wide data set. act analysis recent page page last several company too fly thank his. bank example decision exist foreign cover close become town food guy treat past population. federal break people out fact street thought. exist say system rule prepare actually sound billion anyone where successful sea attorney role specific society include specific within', '2021-10-28');
INSERT INTO user_likes (user_id, post_id) VALUES (37, 54);
INSERT INTO user_likes (user_id, post_id) VALUES (49, 54);
INSERT INTO user_likes (user_id, post_id) VALUES (66, 54);
INSERT INTO user_likes (user_id, post_id) VALUES (59, 54);
INSERT INTO user_likes (user_id, post_id) VALUES (47, 54);
INSERT INTO user_likes (user_id, post_id) VALUES (36, 54);
INSERT INTO user_likes (user_id, post_id) VALUES (19, 54);
INSERT INTO user_likes (user_id, post_id) VALUES (51, 54);
INSERT INTO user_likes (user_id, post_id) VALUES (16, 54);
INSERT INTO posts (id, poster_id, title, body, created) VALUES (55, 27, 'trial control fast family', 'Congress gun spend hot interesting draw politics against. upon me know police set time customer career natural Congress watch crime positive space final buy class move. impact city able me ten but carry pull word Republican owner win especially memory may all themselves chance hope central shoulder federal head particular section really key return surface within rest magazine. meeting through specific. policy bank place exactly same group risk. quality join language behind', '2021-10-22');
INSERT INTO post_comments (id, post_id, commenter_id, message, created) VALUES (0, 55, 28, 'land change draw only thus choose year these once test main. respond nature example start compare through soon task check so operation world glass. seven expect experience develop town service blue others. own right financial page buy yet truth employee let analysis food check. break affect they energy land collection receive age war carry energy away sea', '2021-11-08');
INSERT INTO post_comments (id, post_id, commenter_id, message, created) VALUES (1, 55, 26, 'or spring speak receive sure claim whom give knowledge. else interest beautiful night such most theory degree future represent talk east four house imagine executive last spring reason yes official attention difficult decision Democrat. spend add stuff pressure. actually should and positive back his maintain small', '2021-11-06');
INSERT INTO post_comments (id, post_id, commenter_id, message, created) VALUES (2, 55, 22, 'exactly method bar doctor future actually there. what fight way enter money improve probably possible any leave music reality make laugh soldier. environment. news finish usually film everybody such fire south lead support popular simply physical room. machine course kid compare value away reality more', '2021-10-26');
INSERT INTO post_comments (id, post_id, commenter_id, message, created) VALUES (3, 55, 10, 'effect indicate hold protect financial someone ok side modern argue fast magazine southern room hear ever everything affect military day once. practice manager perhaps special property produce once reflect view family.', '2021-11-02');
INSERT INTO post_comments (id, post_id, commenter_id, message, created) VALUES (4, 55, 35, 'box issue suddenly community none leave great way may should thousand account clear high spend room adult. party wind sing career movie must share happy reveal reduce difficult where senior reduce reduce stand four never project remain economy', '2021-11-01');
INSERT INTO post_comments (id, post_id, commenter_id, message, created) VALUES (5, 55, 43, 'before smile off own method dinner rock activity world gas husband meeting know mother race political story Mr wide world follow air the very likely environmental us teacher person must make everybody soon. environmental can. group present approach upon cover beyond break water participant behavior front difference store he hot board itself chair. guess point Congress none institution. real write. arrive in lead certain benefit issue kind as', '2021-10-28');
INSERT INTO post_comments (id, post_id, commenter_id, message, created) VALUES (6, 55, 57, 'too reveal politics nor recently party of cell quickly lose guy create forward. why little idea offer so start window hour push leader dark wall grow vote again similar within. arm statement draw bad physical rock American exist especially fall north line key thousand thank door yard institution finally than. but tend human leader financial lot more true as any. staff seat reality thought window. fight approach west success home question he religious money among value. step mention never hit society bed project yet baby probably', '2021-11-01');
INSERT INTO post_comments (id, post_id, commenter_id, message, created) VALUES (7, 55, 43, 'group story maintain allow house clearly kind we color event true spring own option writer natural girl now reflect issue join since night story start information. defense maybe last during or another easy maintain animal probably industry west just young next party it analysis attorney station street loss away coach international thing base decade each most market medical relate save professional apply time. total cup why should move what', '2021-10-26');
INSERT INTO post_comments (id, post_id, commenter_id, message, created) VALUES (8, 55, 5, 'public itself north item fast prove subject entire million dream check fast result tell dinner action car company from within. also maybe beyond. pay. speak small hear enter such', '2021-10-24');
INSERT INTO user_likes (user_id, post_id) VALUES (28, 55);
INSERT INTO user_likes (user_id, post_id) VALUES (56, 55);
INSERT INTO user_likes (user_id, post_id) VALUES (49, 55);
INSERT INTO user_likes (user_id, post_id) VALUES (44, 55);
INSERT INTO user_likes (user_id, post_id) VALUES (37, 55);
INSERT INTO posts (id, poster_id, title, body, created) VALUES (56, 3, 'still senior', 'network street fact life cause standard challenge why western them score physical fight finish stay pretty explain much third. join bad PM color several common always last recent book hand quite night good party. development beautiful safe color accept hold eye try current what animal include industry', '2021-10-29');
INSERT INTO user_likes (user_id, post_id) VALUES (28, 56);
INSERT INTO user_likes (user_id, post_id) VALUES (46, 56);
INSERT INTO user_likes (user_id, post_id) VALUES (17, 56);
INSERT INTO user_likes (user_id, post_id) VALUES (14, 56);
INSERT INTO user_likes (user_id, post_id) VALUES (71, 56);
INSERT INTO user_likes (user_id, post_id) VALUES (7, 56);
INSERT INTO user_likes (user_id, post_id) VALUES (68, 56);
INSERT INTO user_likes (user_id, post_id) VALUES (23, 56);
INSERT INTO user_likes (user_id, post_id) VALUES (16, 56);
INSERT INTO user_likes (user_id, post_id) VALUES (51, 56);
INSERT INTO user_likes (user_id, post_id) VALUES (49, 56);
INSERT INTO user_likes (user_id, post_id) VALUES (45, 56);
INSERT INTO user_likes (user_id, post_id) VALUES (74, 56);
INSERT INTO posts (id, poster_id, title, body, created, last_edited) VALUES (57, 10, 'expert despite', 'station specific. few city only lead. born. according left relationship. with letter trouble myself left believe family wife imagine evening yet significant behind likely necessary office account piece although chair side professor wide. drop road recently her former. Democrat early decade history number. however score within southern coach cost join cell chair', '2021-11-01', '2021-11-04');
INSERT INTO post_comments (id, post_id, commenter_id, message, created) VALUES (0, 57, 26, 'action require pay care race member raise probably line shake clearly garden my little may maybe summer report music build force eight make and attorney process while sound final week official memory. man. poor sell left determine business action visit might rule chair music system. state citizen', '2021-11-01');
INSERT INTO post_comments (id, post_id, commenter_id, message, created) VALUES (1, 57, 36, 'bag prevent point believe purpose contain development serve wonder single tell return either top require industry pass arm method truth write most change series sport side deep themselves thing understand. charge future also because film than great system student quality despite', '2021-11-06');
INSERT INTO post_comments (id, post_id, commenter_id, message, created) VALUES (2, 57, 62, 'second world Democrat group necessary art reflect. anyone. just skill message nor gun machine some down step run expect rock month light stay win myself thought. other center manager interesting growth low performance recent wrong deep house new meeting eye fund north star relate crime ask analysis relate court. add short later memory above agent western draw attack. decide reach fill fly left else forget audience budget live its nature music. black however across easy show writer seek will establish same environment particular there action hotel sing that parent stand argue us industry attorney', '2021-11-05');
INSERT INTO post_comments (id, post_id, commenter_id, message, created) VALUES (3, 57, 49, 'hour draw usually huge itself it page half right ball lawyer apply medical range. commercial yeah visit financial sort scene most truth five get wife. doctor later conference production. test realize TV lot view fund happen act final buy recently defense most fund expect magazine me politics how wind third book mouth. mother two across step staff bag mouth real court time financial agency. nice wear air friend keep close improve here food push throughout pull beautiful new it from lose. research although country east thing move family bring hit fine. animal effort trip. resource technology', '2021-11-06');
INSERT INTO post_comments (id, post_id, commenter_id, message, created) VALUES (4, 57, 23, 'industry. tonight law parent back know artist support yourself ten body perform scene free. forget consider seat friend education police company. power heavy. wear compare', '2021-11-07');
INSERT INTO post_comments (id, post_id, commenter_id, message, created) VALUES (5, 57, 34, 'candidate current leave there best car exactly. three human management spend student natural line government media. a beyond late. attack cold sit even material gun doctor couple property win audience learn move protect behavior radio finally generation management there now. network size will sound bit avoid simple really value significant imagine operation teacher top environment own soldier billion without car piece drop. than low western exist general', '2021-11-03');
INSERT INTO post_comments (id, post_id, commenter_id, message, created) VALUES (6, 57, 48, 'authority themselves everybody want number should cover option network just talk. art still less score performance development behind clearly own dark. usually kitchen hundred no guy growth market action left television second officer able however science themselves many walk citizen or eye source office sing member these opportunity hard city much over person hear something skill. pretty. test religious reflect notice against brother blood. suggest. eye toward factor authority once my space wonder source memory phone light indeed public begin fire others debate way. effect such. development music', '2021-11-01');
INSERT INTO post_comments (id, post_id, commenter_id, message, created) VALUES (7, 57, 60, 'thank improve will yourself add baby determine want stop heavy PM professional low camera every suggest add grow far how man civil growth protect card kind me science house bag lose evidence imagine case during prepare president cultural expect hope personal seek center young still. reduce sign coach themselves real that without. short save check boy sure travel role because any process paper church name quickly fund recently wish speak huge catch site into goal administration long throughout Mrs. organization director start father five special rate affect over admit model away between always sort be where citizen mother conference', '2021-11-02');
INSERT INTO post_comments (id, post_id, commenter_id, message, created) VALUES (8, 57, 7, 'professional total none water news night heart image pressure. add security east send reach vote base human cause out do price Mrs sit or these just meet purpose discover job piece kitchen along option. catch possible computer thousand affect when fill fight help show challenge pull. head true create church director decade black assume understand film even understand them step win structure politics serve American', '2021-11-02');
INSERT INTO user_likes (user_id, post_id) VALUES (70, 57);
INSERT INTO user_likes (user_id, post_id) VALUES (37, 57);
INSERT INTO user_likes (user_id, post_id) VALUES (19, 57);
INSERT INTO user_likes (user_id, post_id) VALUES (45, 57);
INSERT INTO user_likes (user_id, post_id) VALUES (52, 57);
INSERT INTO user_likes (user_id, post_id) VALUES (0, 57);
INSERT INTO user_likes (user_id, post_id) VALUES (1, 57);
INSERT INTO user_likes (user_id, post_id) VALUES (33, 57);
INSERT INTO user_likes (user_id, post_id) VALUES (44, 57);
INSERT INTO posts (id, poster_id, title, body, created) VALUES (58, 31, 'actually stay become', 'authority scene at pretty role particular try. experience after theory action. away ago style choose reflect. send kid impact light since both seven sport network eye weight opportunity car several board partner care set. lead either direction parent no than explain', '2021-10-30');
INSERT INTO post_comments (id, post_id, commenter_id, message, created) VALUES (0, 58, 5, 'entire politics only cut develop example rock major nor clearly happy performance interest small become. success six the trouble staff involve everything human. daughter material campaign. positive can system class act budget especially collection. specific language hand law decade. out only mention everyone option writer hundred indeed campaign. travel environmental front activity east decision I spring loss. property stay indeed cut', '2021-11-02');
INSERT INTO post_comments (id, post_id, commenter_id, message, created) VALUES (1, 58, 26, 'role station. production another about debate east leader voice hard information yard bar oil to lose camera. Mrs fall garden crime oil current character up certain time left daughter discussion discussion coach happy view wall lot trip few him war none forward nor', '2021-11-04');
INSERT INTO post_comments (id, post_id, commenter_id, message, created) VALUES (2, 58, 33, 'stuff benefit simply dark traditional same just although it central job husband future history add off attention race open name poor. ago score toward blue direction key gas hit whether parent light without cover education event system. individual Republican campaign ok indicate campaign above affect range somebody just ask purpose debate decade significant follow fund. detail. my whole shake. war lead. green smile. I blue become reach one him reason war animal year fire among can discuss rate positive this color condition strategy population your important claim listen push approach very listen cold. record appear less but serve else price', '2021-11-07');
INSERT INTO user_likes (user_id, post_id) VALUES (56, 58);
INSERT INTO user_likes (user_id, post_id) VALUES (73, 58);
INSERT INTO user_likes (user_id, post_id) VALUES (28, 58);
INSERT INTO user_likes (user_id, post_id) VALUES (2, 58);
INSERT INTO user_likes (user_id, post_id) VALUES (35, 58);
INSERT INTO posts (id, poster_id, title, body, created, last_edited) VALUES (59, 48, 'we federal', 'region data trial meet little water factor eye everyone box address have ball level perhaps. gun body treatment item security quickly easy heart thousand agreement foot artist question just ahead particular goal entire maintain hold family', '2021-10-13', '2021-11-06');
INSERT INTO post_comments (id, post_id, commenter_id, message, created) VALUES (0, 59, 15, 'likely. like sit worker beyond no nice know social benefit with. real left dream. security drive sense add ability candidate run hour nothing record hard citizen social development real beyond within I year season sort real writer well mother medical article part eat recently third successful hope every always dinner man. new fall why. half. green prove newspaper. put strategy poor woman country involve talk Democrat who him east son structure site address. bad arrive gas suffer wear sport under mind possible above fish people science gas our color security worker. thing well.', '2021-10-26');
INSERT INTO post_comments (id, post_id, commenter_id, message, created) VALUES (1, 59, 0, 'reality kind page. type PM field single artist population give student than stop enter soldier game wall thousand positive heart blue top training green scene sometimes garden act resource also. carry amount former ability whether civil', '2021-10-15');
INSERT INTO post_comments (id, post_id, commenter_id, message, created) VALUES (2, 59, 58, 'avoid major relationship game some service end window necessary write stop face of detail service why behavior contain work car star itself join water weight summer avoid build other month task threat if of sound do yeah make foreign my. know generation hit measure recognize evidence however listen down call someone machine again evidence. recent cell. medical per item will hit his degree really cover scientist memory water begin through Mr seem tonight west minute water black the sign yes once ask page government from around stop recent eat evidence still may employee open miss fall civil', '2021-10-23');
INSERT INTO post_comments (id, post_id, commenter_id, message, created) VALUES (3, 59, 16, 'hard big easy why age point return production prevent car in technology either listen baby role physical character real especially after growth statement available happen reality. few green hot modern race seat. exactly later pressure great matter view again public information receive reflect. draw part glass wait seek several avoid audience beautiful. court spring car author democratic station across believe movie Congress when approach hand stage term design think us field account assume wear onto structure player. rule of activity', '2021-11-07');
INSERT INTO post_comments (id, post_id, commenter_id, message, created) VALUES (4, 59, 57, 'free morning yard discuss from. east sit week wonder Democrat majority girl under practice including support ago sit idea join again space possible outside us memory general probably rather back phone book available recent brother thought certain show student road old game factor conference edge behavior itself so everybody visit win ready defense civil provide scene plan bill represent of goal born thing analysis determine college sing west first nearly production these central seat today would adult remember hospital up stock sell during through. Democrat behavior call', '2021-10-14');
INSERT INTO user_likes (user_id, post_id) VALUES (44, 59);
INSERT INTO user_likes (user_id, post_id) VALUES (31, 59);
INSERT INTO user_likes (user_id, post_id) VALUES (22, 59);
INSERT INTO user_likes (user_id, post_id) VALUES (6, 59);
INSERT INTO user_likes (user_id, post_id) VALUES (40, 59);
INSERT INTO user_likes (user_id, post_id) VALUES (43, 59);
INSERT INTO user_likes (user_id, post_id) VALUES (50, 59);
INSERT INTO user_likes (user_id, post_id) VALUES (49, 59);
INSERT INTO user_likes (user_id, post_id) VALUES (67, 59);
INSERT INTO user_likes (user_id, post_id) VALUES (9, 59);
INSERT INTO posts (id, poster_id, title, body, created) VALUES (60, 72, 'manager decide concern dark', 'leave agent help option very find listen card adult painting radio worry. style his water treatment voice sign recently bill degree statement office Mr program five next rate. case. example break different huge week sport. news threat land serious open scene network style discussion similar keep remember successful black work later might center clear cultural police college production public', '2021-10-19');
INSERT INTO post_comments (id, post_id, commenter_id, message, created) VALUES (0, 60, 59, 'bag by. offer. risk possible trouble chair might court beat amount agent under commercial young success will not item option particular specific common source mention expect civil wait enter attention born inside shake commercial leave whom mission strong car sea stop play specific every growth material space detail despite. argue theory process quite between practice board strong cold data eat edge four sea suffer evening grow evidence real cover peace. car very happy difference. dog compare evidence show play. in meet since politics use class. phone consumer throughout. choose drop country recently each recent with month dark', '2021-10-31');
INSERT INTO post_comments (id, post_id, commenter_id, message, created) VALUES (1, 60, 28, 'ahead wife. civil. take piece should increase land national between control indeed policy consider civil deal it modern keep purpose different. identify where star finish against. act set mouth relate charge through design particular. growth thank debate force mind very form. court in month wife play yard you market deal it sometimes organization safe citizen me street tough teacher finally. character positive when why mean white third church house provide good box generation still sport.', '2021-10-19');
INSERT INTO post_comments (id, post_id, commenter_id, message, created) VALUES (2, 60, 66, 'tonight hold you deep understand set adult carry many allow thank today population explain region large could marriage establish hospital white clearly down month especially interview low last east add itself morning benefit hour. various address though book clear rich sign data say after call left century between type. probably camera require. artist computer public class throw economic over administration argue all civil by last whom technology only late the. assume nearly wall answer beautiful not fish between. seem', '2021-10-31');
INSERT INTO user_likes (user_id, post_id) VALUES (28, 60);
INSERT INTO user_likes (user_id, post_id) VALUES (23, 60);
INSERT INTO user_likes (user_id, post_id) VALUES (73, 60);
INSERT INTO user_likes (user_id, post_id) VALUES (29, 60);
INSERT INTO user_likes (user_id, post_id) VALUES (15, 60);
INSERT INTO user_likes (user_id, post_id) VALUES (17, 60);
INSERT INTO user_likes (user_id, post_id) VALUES (46, 60);
INSERT INTO user_likes (user_id, post_id) VALUES (44, 60);
INSERT INTO posts (id, poster_id, title, body, created) VALUES (61, 17, 'seek face might red', 'continue take behavior road possible again senior their. item concern despite remember line executive scene. adult manage by. look left rate accept there teach best note amount east. billion question early speech strong piece the report and pull chance step chair herself road sister anyone evidence. not make face return back black her institution bit girl past century affect employee prepare accept set minute student modern human. anything girl. over feeling police add specific between glass popular himself cost fire. hope', '2021-10-22');
INSERT INTO user_likes (user_id, post_id) VALUES (54, 61);
INSERT INTO user_likes (user_id, post_id) VALUES (72, 61);
INSERT INTO user_likes (user_id, post_id) VALUES (52, 61);
INSERT INTO user_likes (user_id, post_id) VALUES (63, 61);
INSERT INTO posts (id, poster_id, title, body, created) VALUES (62, 22, 'spend become good eat', 'senior property image bank power learn alone whom majority trial however behind clear court office fill serious order control perform memory picture blue activity evening light car decide sea girl hit arrive guy myself near some tend ten month such energy begin stop detail high arm as social', '2021-11-03');
INSERT INTO post_comments (id, post_id, commenter_id, message, created) VALUES (0, 62, 3, 'often need window finally off reach expert field environment source through budget special. produce too painting also step fire. forget student study run compare reduce cover design lose whose father somebody own bed south seem successful analysis you next teach really able president system while live wait start maintain gas other. election business chance soldier property miss either dog girl shake low wear huge above TV writer back talk trouble measure range', '2021-11-07');
INSERT INTO post_comments (id, post_id, commenter_id, message, created) VALUES (1, 62, 4, 'day hot another hit easy hospital wait employee student another half government become area mention only work question. court drop which deal soldier allow find him. weight decision cut enter teach beat admit those. bill ready always provide even Congress local into official table again network eye. west. employee future rich people recognize style kid role way yourself trial. far. marriage rock clear. poor theory skin property author ok trade case whom response born worry politics assume couple treatment.', '2021-11-05');
INSERT INTO post_comments (id, post_id, commenter_id, message, created) VALUES (2, 62, 25, 'real letter raise level fine compare attention middle with mind argue step score summer line away history open into fine feeling nearly city community least civil let player get. audience.', '2021-11-04');
INSERT INTO post_comments (id, post_id, commenter_id, message, created) VALUES (3, 62, 9, 'point support bill sea and technology risk hit leave forward family really attack study group especially opportunity cultural part first yet team pressure avoid plant husband despite off. some build rich his type foreign area east size animal suffer medical him occur despite arm dog hold development maybe vote look lose candidate guy. eat modern build audience body Mrs end without son official', '2021-11-08');
INSERT INTO post_comments (id, post_id, commenter_id, message, created) VALUES (4, 62, 57, 'ability recognize who material wonder provide hand situation. fast system whatever themselves opportunity success leave worker suffer bring space. high car far. study guess whom whom. century green recent management certain Democrat. these ahead method such campaign laugh decide use light employee what box box laugh hour instead PM. keep plant spend thousand west feel important catch record and weight office challenge party argue throw mention trial. likely address industry contain such PM rock', '2021-11-03');
INSERT INTO post_comments (id, post_id, commenter_id, message, created) VALUES (5, 62, 41, 'will another rich. health election trade could daughter our room field stuff phone other who true high at soldier fill teach spend dark whose effect form nothing figure music continue leg increase politics mission or community she. put step area fact stay ability culture clear professional stuff do article dream. candidate federal conference might goal run everybody on sound challenge task watch while should treatment factor', '2021-11-03');
INSERT INTO post_comments (id, post_id, commenter_id, message, created) VALUES (6, 62, 62, 'west draw care bit name want center produce what point majority result candidate with check agency claim my per event yeah lose until benefit. answer up picture today full go public idea more really try character cup. fill those one film expect bed voice exist', '2021-11-08');
INSERT INTO post_comments (id, post_id, commenter_id, message, created) VALUES (7, 62, 61, 'environment forward fish young voice necessary line voice watch today style popular when central particularly require standard often play hard cut hope bag who. summer water remember type unit order thing maybe state billion billion store truth until identify generation statement floor gun business hand issue happy next trade reason all within score major use early prevent fill cell send pass enter onto well skin front cultural teach would soldier. include put instead industry about project account present check. each. future able remember bed. general against', '2021-11-05');
INSERT INTO post_comments (id, post_id, commenter_id, message, created) VALUES (8, 62, 12, 'subject with various part we total person walk accept during firm fine kid serve and amount toward despite break recently week leg weight stand join health be big talk section adult kid already environment floor. store purpose add anything so wall hair employee sound wish job where ground none place lot loss. something. clearly civil community say stay region. account majority can technology while art policy now serve trouble across together medical most management. great her her shake plant into reduce which thousand see difference off some check. president list', '2021-11-03');
INSERT INTO user_likes (user_id, post_id) VALUES (2, 62);
INSERT INTO user_likes (user_id, post_id) VALUES (51, 62);
INSERT INTO user_likes (user_id, post_id) VALUES (68, 62);
INSERT INTO user_likes (user_id, post_id) VALUES (43, 62);
INSERT INTO user_likes (user_id, post_id) VALUES (69, 62);
INSERT INTO user_likes (user_id, post_id) VALUES (8, 62);
INSERT INTO user_likes (user_id, post_id) VALUES (44, 62);
INSERT INTO user_likes (user_id, post_id) VALUES (34, 62);
INSERT INTO user_likes (user_id, post_id) VALUES (30, 62);
INSERT INTO user_likes (user_id, post_id) VALUES (49, 62);
INSERT INTO user_likes (user_id, post_id) VALUES (20, 62);
INSERT INTO user_likes (user_id, post_id) VALUES (14, 62);
INSERT INTO user_likes (user_id, post_id) VALUES (3, 62);
INSERT INTO user_likes (user_id, post_id) VALUES (73, 62);
INSERT INTO user_likes (user_id, post_id) VALUES (12, 62);
INSERT INTO user_likes (user_id, post_id) VALUES (58, 62);
INSERT INTO user_likes (user_id, post_id) VALUES (53, 62);
INSERT INTO user_likes (user_id, post_id) VALUES (71, 62);
INSERT INTO user_likes (user_id, post_id) VALUES (24, 62);
INSERT INTO posts (id, poster_id, title, body, created) VALUES (63, 71, 'instead base believe', 'film their image once drug attack nothing agreement Congress say PM nation special country interest car loss including cause nature collection enter group experience Congress firm unit send toward gas fund ready manage American still but foot present tell boy that here everybody American. opportunity benefit rock rock. institution suffer cup last marriage president tax trade million environmental marriage service TV design reveal trial staff authority. because field near risk born clear administration school. several behavior during apply quite low time then', '2021-10-27');
INSERT INTO post_comments (id, post_id, commenter_id, message, created) VALUES (0, 63, 24, 'drug idea defense official behavior law government line southern picture check field opportunity music body. blood three research everybody choice company on Mrs imagine recently major interest two study data research source nor present them everyone paper present long position blue enjoy style together anyone collection peace he should trouble such arm have spring before group house certain series even', '2021-11-07');
INSERT INTO user_likes (user_id, post_id) VALUES (23, 63);
INSERT INTO user_likes (user_id, post_id) VALUES (16, 63);
INSERT INTO user_likes (user_id, post_id) VALUES (26, 63);
INSERT INTO user_likes (user_id, post_id) VALUES (56, 63);
INSERT INTO user_likes (user_id, post_id) VALUES (40, 63);
INSERT INTO user_likes (user_id, post_id) VALUES (8, 63);
INSERT INTO user_likes (user_id, post_id) VALUES (39, 63);
INSERT INTO user_likes (user_id, post_id) VALUES (51, 63);
INSERT INTO posts (id, poster_id, title, body, created) VALUES (64, 22, 'next three', 'share bad administration yet material candidate week concern bar stuff it as realize month which table once ask administration nor particular line leave view father else bed wait others safe this want which thousand', '2021-10-30');
INSERT INTO post_comments (id, post_id, commenter_id, message, created) VALUES (0, 64, 43, 'town argue order create member age. name spend he affect series so. in member hope discover Mr then determine magazine rule maintain turn include soldier speak get south Democrat smile book foot. Republican believe identify lay growth yard her ability over like information price career student and together we throw health. our floor then. include special direction the six outside defense range positive', '2021-11-05');
INSERT INTO post_comments (id, post_id, commenter_id, message, created) VALUES (1, 64, 13, 'environmental anyone. see though candidate sometimes security eat describe as in we find option treat investment better clearly safe often. know. Mr. especially feel seat', '2021-11-06');
INSERT INTO user_likes (user_id, post_id) VALUES (46, 64);
INSERT INTO user_likes (user_id, post_id) VALUES (73, 64);
INSERT INTO user_likes (user_id, post_id) VALUES (74, 64);
INSERT INTO user_likes (user_id, post_id) VALUES (70, 64);
INSERT INTO user_likes (user_id, post_id) VALUES (61, 64);
INSERT INTO user_likes (user_id, post_id) VALUES (25, 64);
INSERT INTO user_likes (user_id, post_id) VALUES (45, 64);
INSERT INTO user_likes (user_id, post_id) VALUES (15, 64);
INSERT INTO user_likes (user_id, post_id) VALUES (50, 64);
INSERT INTO user_likes (user_id, post_id) VALUES (67, 64);
INSERT INTO user_likes (user_id, post_id) VALUES (62, 64);
INSERT INTO user_likes (user_id, post_id) VALUES (65, 64);
INSERT INTO user_likes (user_id, post_id) VALUES (72, 64);
INSERT INTO user_likes (user_id, post_id) VALUES (9, 64);
INSERT INTO posts (id, poster_id, title, body, created) VALUES (65, 40, 'data four give face', 'increase culture music growth blue staff seat put hot serious just effect stop be executive shake much these kitchen recently else chance friend. water than girl happy tree much guy let tonight his enter across then various forward. dark indicate low issue little set entire nearly. spend raise off teach serious product describe win degree later behind skill law card forget better. nature.', '2021-10-14');
INSERT INTO post_comments (id, post_id, commenter_id, message, created) VALUES (0, 65, 40, 'learn seek foot wall citizen difficult article suffer boy ground down my teacher central practice individual describe off prevent son catch effort. lead remain view practice people. music rich week recently nation operation hear question concern rock develop picture its treat away of grow own just. beat. soon to much a price soldier decade yet her strategy difficult whom stand recently suffer series group health message factor day program entire them current thought lead into laugh hot bring card field shake cultural', '2021-10-28');
INSERT INTO post_comments (id, post_id, commenter_id, message, created) VALUES (1, 65, 39, 'parent conference building several unit rather almost do. final lawyer force another camera under main rise fund Mrs case theory social expect. vote song far appear argue commercial main forward team trade relationship scientist. be leader security include rather guess baby trade film tend blood industry fly time wrong expert matter woman boy require admit from specific new cut current describe believe stock. sure. leg challenge field. discuss light company can different water cultural any trouble', '2021-10-24');
INSERT INTO post_comments (id, post_id, commenter_id, message, created) VALUES (2, 65, 64, 'them hit floor piece skill condition drop magazine difficult play affect bag five take thing ball federal mind call stage century nice out suffer above break child clearly it then choice. rest. thousand better team threat face against event same piece size difficult everything radio future never every air direction cultural his air shoulder seem happen trip second finish whatever early future both event pick doctor question computer decide main carry on soon identify whole western institution result focus suffer risk bit yeah place item collection result without establish particularly really answer usually home', '2021-11-06');
INSERT INTO post_comments (id, post_id, commenter_id, message, created) VALUES (3, 65, 13, 'woman his all despite box pay notice serious important. grow scientist wife cause guess laugh week send allow question government surface after prepare light size full share produce house research response. small ask enjoy figure official name indicate prove college. house cold church. type loss play indeed how believe maybe morning start seven. senior. fact a research say miss ok reflect', '2021-10-30');
INSERT INTO post_comments (id, post_id, commenter_id, message, created) VALUES (4, 65, 68, 'lawyer later rather store bank final method own. forget mention service theory fear morning across herself wall return particularly current control add without central alone nice water between note', '2021-11-03');
INSERT INTO post_comments (id, post_id, commenter_id, message, created) VALUES (5, 65, 15, 'door positive west he case make half on building me born federal produce car people another recent why front environmental project measure treat any actually claim mention.', '2021-10-29');
INSERT INTO user_likes (user_id, post_id) VALUES (72, 65);
INSERT INTO user_likes (user_id, post_id) VALUES (19, 65);
INSERT INTO user_likes (user_id, post_id) VALUES (24, 65);
INSERT INTO user_likes (user_id, post_id) VALUES (60, 65);
INSERT INTO user_likes (user_id, post_id) VALUES (2, 65);
INSERT INTO user_likes (user_id, post_id) VALUES (74, 65);
INSERT INTO user_likes (user_id, post_id) VALUES (27, 65);
INSERT INTO user_likes (user_id, post_id) VALUES (36, 65);
INSERT INTO user_likes (user_id, post_id) VALUES (34, 65);
INSERT INTO user_likes (user_id, post_id) VALUES (35, 65);
INSERT INTO posts (id, poster_id, title, body, created) VALUES (66, 19, 'seat woman', 'positive staff price benefit voice establish painting west huge her field. on painting board respond. debate fill some region base these describe car scene particular gun unit various none article until some they soldier exist peace customer value value member help enjoy hear whose.', '2021-11-04');
INSERT INTO post_comments (id, post_id, commenter_id, message, created) VALUES (0, 66, 49, 'always time court physical total hear. method glass low all behind a time performance apply result individual all agree behavior hospital decision those money never difference short open. discussion middle true peace she serve trouble spring deep record feeling lot author bring five end check decision total early research administration challenge interview degree company something trip discussion college few building debate agree he join thing issue her worry mention administration yard to pressure soon work money I. clearly week help second understand pull PM writer imagine', '2021-11-04');
INSERT INTO post_comments (id, post_id, commenter_id, message, created) VALUES (1, 66, 66, 'hard direction join a page hot example fish miss next myself score low charge despite affect. human beat support arrive exist line become listen hotel old nothing second skill attention simply collection color worry later wear cultural material particular series professional successful with care hair these option carry road thing until man quality strategy customer nation population half evidence clearly military maybe wrong door trip social law win under hear morning thank condition collection matter get support yard drug because soon. center scientist our garden', '2021-11-06');
INSERT INTO post_comments (id, post_id, commenter_id, message, created) VALUES (2, 66, 74, 'beat within spend standard already agreement talk company card far feel box him PM fire bed himself. situation head a son. might summer imagine walk economic similar ready talk director what race thus relate until. foreign thought. other including hear deep exist foreign. question until what bank audience window smile black teacher any base prepare summer gas speech sometimes last class experience make together hit still ball', '2021-11-05');
INSERT INTO post_comments (id, post_id, commenter_id, message, created) VALUES (3, 66, 22, 'tell rich discuss could gun management wrong read. lose should side rich capital buy stock find read fish card among me truth responsibility degree continue oil drop machine east real condition design these realize town mouth experience long wall other project new something commercial population visit rich', '2021-11-08');
INSERT INTO post_comments (id, post_id, commenter_id, message, created) VALUES (4, 66, 56, 'call house hotel range theory region. yourself. third affect he phone market. power attorney window. final them area everyone commercial seat international above certainly important western establish compare financial population speak. cause heart much. condition realize attack real would ahead. painting performance medical. place speech vote cause product feeling Democrat among boy ten relationship western stop never artist ability. again bring reach well rise contain', '2021-11-08');
INSERT INTO user_likes (user_id, post_id) VALUES (27, 66);
INSERT INTO user_likes (user_id, post_id) VALUES (35, 66);
INSERT INTO posts (id, poster_id, title, body, created) VALUES (67, 30, 'debate chance operation', 'amount down rise go everything land speak than thank question worker. center crime provide level arrive service cut region contain firm reflect. stock theory word center main sign. Republican outside so total eye his prove PM color budget hospital part performance sea information simply three. drive tree article anything theory authority anything carry process manager finally company relationship less indeed agency age food take describe remember would believe pass similar them power ready south group government reduce development grow gas official', '2021-10-26');
INSERT INTO post_comments (id, post_id, commenter_id, message, created) VALUES (0, 67, 65, 'bank beat ball sea yeah same century remember plant business the yes. significant tonight stay my response organization apply start leader while view hair increase father safe health the', '2021-11-06');
INSERT INTO post_comments (id, post_id, commenter_id, message, created) VALUES (1, 67, 39, 'voice home. marriage its action stuff hotel. hundred fire education none thus couple analysis other way president easy sort leave feel tough popular clearly could character song air. democratic instead single. these room item modern military direction case particularly say. view look ask be. detail discussion beautiful blood build same letter level its. pressure interview result week mind international senior section suggest bring. all style if. seven. remember tree management administration', '2021-11-03');
INSERT INTO post_comments (id, post_id, commenter_id, message, created) VALUES (2, 67, 0, 'thing industry after clearly couple list charge spend cut sport a produce bill give on hand thing age human lay race Mrs ready industry shoulder against yard nice senior argue three amount center citizen. involve million challenge ready commercial increase staff analysis what talk so how available important major attack foot. big. get example rather north federal remember measure vote treatment space cold. south teacher year difficult always. world recognize clear behavior political', '2021-10-31');
INSERT INTO post_comments (id, post_id, commenter_id, message, created) VALUES (3, 67, 60, 'as out. each point each white your north color ready onto need. knowledge official per huge participant three strategy create beyond. pick quite early leave concern federal long different national level occur no few wear positive mother card include end prove. everyone week rather decision western trouble', '2021-10-27');
INSERT INTO user_likes (user_id, post_id) VALUES (69, 67);
INSERT INTO user_likes (user_id, post_id) VALUES (61, 67);
INSERT INTO user_likes (user_id, post_id) VALUES (19, 67);
INSERT INTO user_likes (user_id, post_id) VALUES (59, 67);
INSERT INTO user_likes (user_id, post_id) VALUES (9, 67);
INSERT INTO user_likes (user_id, post_id) VALUES (36, 67);
INSERT INTO user_likes (user_id, post_id) VALUES (66, 67);
INSERT INTO user_likes (user_id, post_id) VALUES (52, 67);
INSERT INTO user_likes (user_id, post_id) VALUES (67, 67);
INSERT INTO user_likes (user_id, post_id) VALUES (34, 67);
INSERT INTO user_likes (user_id, post_id) VALUES (16, 67);
INSERT INTO user_likes (user_id, post_id) VALUES (41, 67);
INSERT INTO user_likes (user_id, post_id) VALUES (27, 67);
INSERT INTO user_likes (user_id, post_id) VALUES (48, 67);
INSERT INTO posts (id, poster_id, title, body, created, last_edited) VALUES (68, 28, 'simply energy standard authority', 'summer cell we north likely life keep officer visit computer for southern agreement believe ready cause if Democrat production often anyone seven range interview act own never into than million dream relationship buy employee particular. arm happen us beat act among mission smile certainly far employee billion democratic such fund think wait evening civil central. know keep realize agree itself career view art economy end take probably wide would she drop fast government save know want store until include raise happen concern go explain three commercial serve tonight quite', '2021-10-16', '2021-10-29');
INSERT INTO user_likes (user_id, post_id) VALUES (63, 68);
INSERT INTO user_likes (user_id, post_id) VALUES (43, 68);
INSERT INTO user_likes (user_id, post_id) VALUES (62, 68);
INSERT INTO user_likes (user_id, post_id) VALUES (61, 68);
INSERT INTO user_likes (user_id, post_id) VALUES (52, 68);
INSERT INTO user_likes (user_id, post_id) VALUES (47, 68);
INSERT INTO user_likes (user_id, post_id) VALUES (58, 68);
INSERT INTO user_likes (user_id, post_id) VALUES (59, 68);
INSERT INTO user_likes (user_id, post_id) VALUES (33, 68);
INSERT INTO user_likes (user_id, post_id) VALUES (53, 68);
INSERT INTO user_likes (user_id, post_id) VALUES (41, 68);
INSERT INTO posts (id, poster_id, title, body, created, last_edited) VALUES (69, 27, 'again enter appear behavior', 'purpose education film car worry sell protect hotel budget PM around. commercial commercial. once rule down provide stuff knowledge home speak recognize. amount choose generation red speak moment stock under share trial bring city type. surface behavior he stand project front technology realize customer policy person and mention adult human natural cup degree society. response wide week identify would process lay successful order explain fall test teach quite if local economic campaign range arm listen stage first. less experience', '2021-10-18', '2021-10-24');
INSERT INTO post_comments (id, post_id, commenter_id, message, created) VALUES (0, 69, 48, 'hope class during old one third. per professor woman decide season happen human fight else. book plan unit citizen activity TV development base face real anyone fact', '2021-11-07');
INSERT INTO post_comments (id, post_id, commenter_id, message, created) VALUES (1, 69, 15, 'pass sister real trip their heavy thus only admit blue instead fly them interview front difficult vote realize cultural food today see class since. family within write tell fight material say kitchen network pay charge decade significant join finish amount feel yet almost church once special. house couple interest unit girl agent who generation. real group collection chair Republican rule year view strong ask southern million every. most agreement price example method seat community. popular plant. know right food spend work explain growth tend again raise tree American early develop wind', '2021-11-06');
INSERT INTO post_comments (id, post_id, commenter_id, message, created) VALUES (2, 69, 15, 'cup pass single street bring huge interesting receive quite. line forward. buy about effort financial air rise team cold employee red information cultural. simple key article doctor must everyone discuss. position much. start manage usually few travel. sing. nation money race describe rise they out. instead travel trial until cover. know major just computer face member course little pick. important source. ten learn network teach them. she way either little record four once. able particular somebody final focus environmental eight different agree special more without training certain make', '2021-11-02');
INSERT INTO post_comments (id, post_id, commenter_id, message, created) VALUES (3, 69, 37, 'continue throw. too especially break purpose exist American toward model such decision figure difference attorney thing some whole authority loss. foreign issue wife need budget toward bed pull gas prove media. decision reduce owner music serve fact writer run agree from until. model full nor language rest way opportunity treat upon suffer personal nothing like. nature simply visit establish late magazine culture fill. education two weight mention cell ok pattern specific eye. reason establish. movement apply without risk challenge deal party key', '2021-10-31');
INSERT INTO post_comments (id, post_id, commenter_id, message, created) VALUES (4, 69, 17, 'bit serve believe include environment high total. produce later sell wife option. if rise during guy each unit director place institution. training poor only he show fine. class store fine stage in still store fact line officer road eight your magazine watch use. business human become nothing have down road five data realize floor eat store step well close. hand. very present space indicate I young audience car deal like name policy at. treatment responsibility meeting early leg charge morning low plan cup build morning treat. personal purpose and campaign community already. candidate risk season may but onto old paper.', '2021-10-28');
INSERT INTO post_comments (id, post_id, commenter_id, message, created) VALUES (5, 69, 18, 'should into second form about keep mention treatment soldier wind great side wear although since evening amount half idea amount money effort too bring boy dream agency travel structure property ok party poor. health whatever audience. leave between subject. reveal performance police Democrat', '2021-11-07');
INSERT INTO post_comments (id, post_id, commenter_id, message, created) VALUES (6, 69, 48, 'system area maybe thousand policy beat court miss add design participant officer deep truth difficult civil add away risk prepare executive seek. back now. over', '2021-10-24');
INSERT INTO post_comments (id, post_id, commenter_id, message, created) VALUES (7, 69, 4, 'certainly himself American table will clearly another number test general still partner really look entire my while room time result free world range although spend. near often two inside scientist control. consumer herself argue', '2021-10-30');
INSERT INTO post_comments (id, post_id, commenter_id, message, created) VALUES (8, 69, 72, 'either never head result send note look read blue beat enter wait task both section prepare reduce third individual pay arm sea expert special Democrat social you movement situation wife house official smile sea Congress explain if middle able food off stay in baby huge. him analysis physical back town general enough information seek. watch particularly evening past little painting kid agent indicate quickly relate allow among chance door professor score nearly develop wonder fear. food according and husband', '2021-11-02');
INSERT INTO user_likes (user_id, post_id) VALUES (12, 69);
INSERT INTO user_likes (user_id, post_id) VALUES (28, 69);
INSERT INTO user_likes (user_id, post_id) VALUES (63, 69);
INSERT INTO user_likes (user_id, post_id) VALUES (59, 69);
INSERT INTO user_likes (user_id, post_id) VALUES (11, 69);
INSERT INTO user_likes (user_id, post_id) VALUES (61, 69);
INSERT INTO user_likes (user_id, post_id) VALUES (23, 69);
INSERT INTO user_likes (user_id, post_id) VALUES (39, 69);
INSERT INTO user_likes (user_id, post_id) VALUES (64, 69);
INSERT INTO user_likes (user_id, post_id) VALUES (41, 69);
INSERT INTO user_likes (user_id, post_id) VALUES (33, 69);
INSERT INTO user_likes (user_id, post_id) VALUES (68, 69);
INSERT INTO user_likes (user_id, post_id) VALUES (5, 69);
INSERT INTO user_likes (user_id, post_id) VALUES (51, 69);
INSERT INTO user_likes (user_id, post_id) VALUES (69, 69);
INSERT INTO user_likes (user_id, post_id) VALUES (32, 69);
INSERT INTO user_likes (user_id, post_id) VALUES (47, 69);
INSERT INTO user_likes (user_id, post_id) VALUES (71, 69);
INSERT INTO user_likes (user_id, post_id) VALUES (72, 69);
INSERT INTO posts (id, poster_id, title, body, created) VALUES (70, 4, 'century almost away', 'through resource order common notice away man far card majority yet season suggest. many month couple possible inside city wear manager sure hard tough industry', '2021-10-12');
INSERT INTO post_comments (id, post_id, commenter_id, message, created) VALUES (0, 70, 50, 'low between door economic cut usually shake culture phone common kind their floor sing agency church set six main professional course network long key fall.', '2021-10-28');
INSERT INTO post_comments (id, post_id, commenter_id, message, created) VALUES (1, 70, 26, 'main outside mind administration generation nation rise this relationship senior foot nature. growth class difficult people able. still affect use use believe professional live likely because answer bar culture operation political. interview often prove', '2021-11-08');
INSERT INTO post_comments (id, post_id, commenter_id, message, created) VALUES (2, 70, 52, 'work task economic visit song. firm create. relate Mrs too left phone rock any I seem successful instead play soon thing ready. end official expect factor themselves collection free discuss', '2021-11-07');
INSERT INTO user_likes (user_id, post_id) VALUES (30, 70);
INSERT INTO user_likes (user_id, post_id) VALUES (14, 70);
INSERT INTO user_likes (user_id, post_id) VALUES (13, 70);
INSERT INTO user_likes (user_id, post_id) VALUES (29, 70);
INSERT INTO posts (id, poster_id, title, body, created) VALUES (71, 57, 'surface region senior imagine', 'exactly energy trouble who. figure. sense college she official fly music test amount name hit look difference structure way challenge pretty. skin power you fall clearly member knowledge news six summer interest across very old money former. one early condition second law level really official wonder common third become give relate benefit sell strong future focus enough themselves themselves southern. attention director particular accept street PM happy. sense. which mind country citizen same carry fall change almost staff college week relate for sit include approach discuss thank around method lot wrong', '2021-10-22');
INSERT INTO post_comments (id, post_id, commenter_id, message, created) VALUES (0, 71, 48, 'grow measure necessary card add exist physical research almost matter war suggest office door door than. move develop memory blue main develop avoid skin bed mission people camera language trouble design enter air idea. always believe these save leave by candidate use cost other minute theory recognize factor many. movement power real', '2021-10-24');
INSERT INTO post_comments (id, post_id, commenter_id, message, created) VALUES (1, 71, 17, 'blue report hour water reflect life join onto your want beyond gun agency behind rather must process against. risk pretty thousand system claim teacher after in Congress. nice article anyone because exist best money gun continue. reason whether age ahead defense animal until difference forward remain Democrat rate nice point face remain suggest apply program language crime six participant tough line', '2021-11-02');
INSERT INTO post_comments (id, post_id, commenter_id, message, created) VALUES (2, 71, 17, 'you production work end likely cup performance treat pay minute exactly. eye drug. difficult. where glass become politics trade turn around but property large station. education spend party detail. large set short resource crime red analysis. try citizen. would task under necessary on more painting important staff boy finish. enjoy', '2021-10-31');
INSERT INTO post_comments (id, post_id, commenter_id, message, created) VALUES (3, 71, 58, 'national behavior event month site hope sport law staff improve here age. across forget itself include store edge both concern sure fast hotel Congress summer dream sing degree listen. star quickly chance popular play lose radio yet husband close up option hotel since ahead hundred anyone its anything look traditional resource public shake difference several officer sure leg approach law series prepare seem tend much anyone discussion owner practice shake another agency likely employee action', '2021-10-25');
INSERT INTO post_comments (id, post_id, commenter_id, message, created) VALUES (4, 71, 29, 'old tell beat so listen notice just resource success talk series tonight visit clear walk author car. couple charge above. memory. nation deep include miss plant investment family himself serious hard apply ready', '2021-10-29');
INSERT INTO post_comments (id, post_id, commenter_id, message, created) VALUES (5, 71, 18, 'woman raise draw write Republican civil anyone itself something member safe parent mention support herself stay now girl land yet always eat important whose law happy detail now how store short have officer improve start that after day customer catch. score she enter project billion tonight base any fire charge fact paper according national start figure production floor every single part but project professor rate ever two culture performance especially include court work a. design expert during. meet any material southern. board artist with according', '2021-10-27');
INSERT INTO post_comments (id, post_id, commenter_id, message, created) VALUES (6, 71, 70, 'space director ago establish especially ok again design white apply order out notice conference behavior give response others method discussion couple lay firm range per hotel another gun movie series water amount main when significant three nor hour point garden dream music find end need enter for side', '2021-10-25');
INSERT INTO user_likes (user_id, post_id) VALUES (10, 71);
INSERT INTO user_likes (user_id, post_id) VALUES (56, 71);
INSERT INTO user_likes (user_id, post_id) VALUES (38, 71);
INSERT INTO posts (id, poster_id, title, body, created) VALUES (72, 51, 'quickly left yourself', 'as new simple hard receive nation raise let always drop well financial need hour win north tree everybody without suffer without important participant represent. discover high close read possible six reduce training seat environment future section top century set hair good out growth news style almost public keep card decide seem rock page development inside institution time why forward inside amount. reality build difficult coach', '2021-10-28');
INSERT INTO posts (id, poster_id, title, body, created) VALUES (73, 54, 'describe interest fact doctor', 'realize education model any nature better national tend since growth source. table hear career long Democrat significant drop hold real drug police. generation grow picture age. cut attention parent build range evening improve seem miss enough general conference only activity.', '2021-11-04');
INSERT INTO post_comments (id, post_id, commenter_id, message, created) VALUES (0, 73, 57, 'rather many baby method future see factor music onto. investment old marriage happen marriage ago pattern difficult sort drug. collection support region reveal go national. leg on though doctor tough former line us say ago food threat. yes this letter voice during may budget stop fight onto difficult the than each establish open yeah support book body civil area now key range wear leader total market pretty cup close. best perhaps anyone company. outside approach time reality attorney wonder. world', '2021-11-04');
INSERT INTO user_likes (user_id, post_id) VALUES (12, 73);
INSERT INTO user_likes (user_id, post_id) VALUES (39, 73);
INSERT INTO user_likes (user_id, post_id) VALUES (69, 73);
INSERT INTO user_likes (user_id, post_id) VALUES (4, 73);
INSERT INTO user_likes (user_id, post_id) VALUES (67, 73);
INSERT INTO user_likes (user_id, post_id) VALUES (32, 73);
INSERT INTO user_likes (user_id, post_id) VALUES (10, 73);
INSERT INTO user_likes (user_id, post_id) VALUES (46, 73);
INSERT INTO user_likes (user_id, post_id) VALUES (60, 73);
INSERT INTO posts (id, poster_id, title, body, created) VALUES (74, 33, 'teach single son ahead', 'process which nature name that last song world technology author water third character middle research bag Republican beyond argue ready but wall war life interesting TV hospital data nice sound contain throughout never moment father word compare one ahead career position. risk agree yard analysis under. television weight. seek clear nor few something. institution financial eat here here company new dark thousand. note agent allow', '2021-11-04');
INSERT INTO post_comments (id, post_id, commenter_id, message, created) VALUES (0, 74, 17, 'series song bad exist blue any true six wish security those executive rich style challenge tree role economic song guy conference scene town. keep defense ago night effect ability others. sit image attack great book half tough rather option direction want shoulder. wait step attention such story town themselves look herself. though purpose not until wide approach since. she pay career office western if step poor property state speech fall down memory old agreement positive look so treat poor turn in. morning last. position real example he lay too red. he again federal wait', '2021-11-07');
INSERT INTO post_comments (id, post_id, commenter_id, message, created) VALUES (1, 74, 61, 'other quite. successful this money remember hospital event store news bill issue. plant decision day remain modern prevent know game difference sport performance same next magazine economy computer also. speech west clear describe authority first window these garden any decade generation look government after image important certainly. road everything price do ten wide', '2021-11-08');
INSERT INTO post_comments (id, post_id, commenter_id, message, created) VALUES (2, 74, 68, 'easy relate safe piece hot meeting say lay game view political sell by truth plan offer meeting stay we eye himself see along must character force continue per. student eight. perhaps draw personal paper Democrat model ten reason consider. break sister tell eye drug make itself less other born room join indeed scientist four image thousand as whether choice anything responsibility. serious black score. benefit', '2021-11-07');
INSERT INTO user_likes (user_id, post_id) VALUES (42, 74);
INSERT INTO user_likes (user_id, post_id) VALUES (1, 74);
INSERT INTO user_likes (user_id, post_id) VALUES (20, 74);
INSERT INTO user_likes (user_id, post_id) VALUES (71, 74);
INSERT INTO user_likes (user_id, post_id) VALUES (72, 74);
INSERT INTO user_likes (user_id, post_id) VALUES (0, 74);
INSERT INTO user_likes (user_id, post_id) VALUES (44, 74);
INSERT INTO user_likes (user_id, post_id) VALUES (2, 74);
INSERT INTO user_likes (user_id, post_id) VALUES (14, 74);
INSERT INTO posts (id, poster_id, title, body, created) VALUES (75, 33, 'security spring', 'candidate win weight. fill teacher those each point seat. resource. agree game material fine win how over between sing Mrs after cost follow stuff teach however because part whether line memory Mr assume nice population unit head respond kitchen yeah since author movie trial. age campaign help maintain account grow ready girl compare my current check degree resource trade meet huge authority sort agent pay recognize economy. just. small social various attack up treat almost', '2021-11-03');
INSERT INTO post_comments (id, post_id, commenter_id, message, created) VALUES (0, 75, 64, 'knowledge stay education the question difficult its girl avoid hand final pay he this stay customer unit since wait nothing always her feeling couple media question summer firm toward remain quickly important cover consumer technology. even bank help call size single can visit bit for among reach low. something natural computer story body writer American visit form computer system debate group prove bad stop house oil employee sign down seven or kind against buy officer who identify compare course', '2021-11-04');
INSERT INTO post_comments (id, post_id, commenter_id, message, created) VALUES (1, 75, 58, 'feeling instead magazine available less perform land continue performance pick center with indicate main. read skill they prove church early. party control behind clearly not paper job executive player man offer rest girl house finish play majority myself name. away too rule year none arm exactly oil north oil take exactly life. bill organization free interview role', '2021-11-08');
INSERT INTO post_comments (id, post_id, commenter_id, message, created) VALUES (2, 75, 13, 'even someone officer enjoy change probably poor thus several including magazine character do power attack accept successful nature Democrat purpose simply as forward rule seven. lead matter alone turn as suffer business. leader', '2021-11-06');
INSERT INTO post_comments (id, post_id, commenter_id, message, created) VALUES (3, 75, 11, 'method production my thought build member opportunity build price figure computer even. among pick best popular organization company. understand shoulder rest performance land. music one should guess exist across teach onto open. idea Mrs group evening tax owner Mrs. small attorney reality whether tend collection anything trip military phone piece candidate economy most allow property know left throw single task opportunity individual clearly parent build successful subject worry know line. computer. top example little successful however staff majority gas life second exist first. expect political movie successful pick capital billion', '2021-11-07');
INSERT INTO post_comments (id, post_id, commenter_id, message, created) VALUES (4, 75, 57, 'officer speech discussion commercial red never happy soldier fine leave give billion. store official artist discuss. anyone admit defense husband official mother as field business into shoulder prevent statement upon wrong remember yeah shoulder fight cover threat table something experience everything side cover prevent she opportunity at side what time fund. wear compare yard degree drive whatever investment growth. success', '2021-11-04');
INSERT INTO post_comments (id, post_id, commenter_id, message, created) VALUES (5, 75, 66, 'wear relate write stop certain several charge player dinner. focus someone risk response country around although any. need research begin civil expect art test machine hospital leader first others wall well happy despite technology good. him between while upon take race each article force visit discussion like keep perform before effort book system', '2021-11-07');
INSERT INTO post_comments (id, post_id, commenter_id, message, created) VALUES (6, 75, 24, 'they walk research food provide account stuff than trial my physical including since public law ever cut behind ball event determine available street article goal any camera natural win through partner mean.', '2021-11-07');
INSERT INTO user_likes (user_id, post_id) VALUES (11, 75);
INSERT INTO user_likes (user_id, post_id) VALUES (45, 75);
INSERT INTO user_likes (user_id, post_id) VALUES (36, 75);
INSERT INTO user_likes (user_id, post_id) VALUES (20, 75);
INSERT INTO user_likes (user_id, post_id) VALUES (71, 75);
INSERT INTO user_likes (user_id, post_id) VALUES (56, 75);
INSERT INTO user_likes (user_id, post_id) VALUES (62, 75);
INSERT INTO user_likes (user_id, post_id) VALUES (44, 75);
INSERT INTO user_likes (user_id, post_id) VALUES (18, 75);
INSERT INTO user_likes (user_id, post_id) VALUES (0, 75);
INSERT INTO user_likes (user_id, post_id) VALUES (30, 75);
INSERT INTO posts (id, poster_id, title, body, created) VALUES (76, 10, 'popular Republican phone', 'of nearly. catch system interview half station baby line message level voice remain try consumer people sometimes record effect development test speak her. couple maybe subject improve fear event step heavy ground save policy project yard real join third painting not south paper doctor agree inside left. according open provide military on those store hospital total your man key form hair try might building sea subject quite those real first crime. idea step rest civil result range. partner. enter effort capital remember moment feel during. help', '2021-10-14');
INSERT INTO post_comments (id, post_id, commenter_id, message, created) VALUES (0, 76, 38, 'sort time after sit piece threat word suffer. worker material wall energy respond model rest when while box again serious next painting sea such month point range your water other city buy almost year maintain wife discussion paper husband high rate east appear attorney break yourself product speak wish design ball set ever maybe guess rich wear fish guess by piece walk beyond threat', '2021-10-23');
INSERT INTO post_comments (id, post_id, commenter_id, message, created) VALUES (1, 76, 62, 'truth his thought yes prevent box form house already election himself itself something. arrive music heavy fall full without say sister visit sell also century include economic part. call operation. catch expert company none trouble along politics early continue body rock thought place take director together. popular. whom identify court concern none team move. kind international coach science at again glass. a time friend drug test out Republican visit way plant benefit scientist expert least whose up side drive. season high man method music clear policy', '2021-10-20');
INSERT INTO post_comments (id, post_id, commenter_id, message, created) VALUES (2, 76, 27, 'argue. develop month appear sit listen somebody include your than leg safe research tonight job. image town party dream. stand manager player person far imagine imagine reduce bill part air executive society each material type important perform part doctor another quality few report necessary later much almost owner set live maybe table vote address write improve produce miss attorney leg product cost series position mouth she show imagine seven behavior attention she improve teach medical. eye likely current fall take significant protect political. health others born rather significant image sing very bad field than when', '2021-10-29');
INSERT INTO post_comments (id, post_id, commenter_id, message, created) VALUES (3, 76, 19, 'oil way turn still kind trip behavior themselves where general respond recently energy school avoid project new power day others own. husband benefit hair tree whole there type idea realize by animal seem marriage rate it risk prevent thank tend common enjoy and none plant owner would event hope good whose about section bar line able poor western wonder write different series money live light pull follow management business red. laugh system ready role company it require policy subject. girl', '2021-11-08');
INSERT INTO post_comments (id, post_id, commenter_id, message, created) VALUES (4, 76, 21, 'indeed model able keep suddenly difference today it anything likely poor either teach then film box lead until all address forget control establish city. goal general. when inside already coach growth director. know candidate six share into cover summer staff course strategy defense lot door piece possible unit for whom campaign seek long professional according letter. require natural political follow local such determine budget top quite group gun by add window rule. care financial worker military without nearly poor writer less certain interest one environment maintain. democratic create. similar to field station country.', '2021-10-18');
INSERT INTO post_comments (id, post_id, commenter_id, message, created) VALUES (5, 76, 45, 'century majority herself night heart quite item expert simply yes collection risk go sell popular lead commercial official already. some seven phone likely reality similar conference gas nation meet culture evidence spring believe may training note personal other growth term expect step eight TV factor impact major tend study to carry over peace music answer create arm clearly between writer treatment in tree soon which appear real stop so kind marriage their door top century maybe camera surface question join big true baby. no. institution personal', '2021-10-15');
INSERT INTO post_comments (id, post_id, commenter_id, message, created) VALUES (6, 76, 54, 'start onto recent his want become threat option modern list official production really must. exactly. majority could no contain yard prevent letter up stand plant can start politics idea car chair so rise military still represent. health his threat laugh peace sign buy. picture difficult around join present office garden situation wrong increase environment popular off officer camera former great safe support likely entire. upon all lawyer large. party create fine reflect top behavior. look your measure health', '2021-11-07');
INSERT INTO user_likes (user_id, post_id) VALUES (47, 76);
INSERT INTO user_likes (user_id, post_id) VALUES (1, 76);
INSERT INTO user_likes (user_id, post_id) VALUES (27, 76);
INSERT INTO user_likes (user_id, post_id) VALUES (42, 76);
INSERT INTO user_likes (user_id, post_id) VALUES (70, 76);
INSERT INTO user_likes (user_id, post_id) VALUES (54, 76);
INSERT INTO user_likes (user_id, post_id) VALUES (68, 76);
INSERT INTO user_likes (user_id, post_id) VALUES (0, 76);
INSERT INTO user_likes (user_id, post_id) VALUES (21, 76);
INSERT INTO user_likes (user_id, post_id) VALUES (65, 76);
INSERT INTO user_likes (user_id, post_id) VALUES (17, 76);
INSERT INTO user_likes (user_id, post_id) VALUES (50, 76);
INSERT INTO user_likes (user_id, post_id) VALUES (43, 76);
INSERT INTO user_likes (user_id, post_id) VALUES (33, 76);
INSERT INTO user_likes (user_id, post_id) VALUES (36, 76);
INSERT INTO user_likes (user_id, post_id) VALUES (26, 76);
INSERT INTO user_likes (user_id, post_id) VALUES (61, 76);
INSERT INTO posts (id, poster_id, title, body, created) VALUES (77, 15, 'senior alone hundred', 'just site customer vote list physical customer energy wrong TV. phone goal yes boy difficult father several none guess. imagine stuff organization answer doctor second approach where sound resource talk performance education call away. customer easy produce plan born. general success couple trip expect Mr stop early appear section quality wish structure per place care fish language final available tough short local dog include center. way. actually us newspaper bed word perhaps another thought east within. focus the. another recognize board natural born language six. direction world course oil example minute. effect movie say', '2021-10-30');
INSERT INTO post_comments (id, post_id, commenter_id, message, created) VALUES (0, 77, 29, 'rest room brother art factor end may marriage. effect security collection trip return face nation team already lose organization begin large within room against large financial far recently look later several focus run. loss four modern program peace control nor try give find issue. PM send detail approach role magazine actually free party move approach teacher moment next this future past. sell seat maintain office cup my. draw now ground environment direction difference event laugh one challenge nor create.', '2021-11-06');
INSERT INTO post_comments (id, post_id, commenter_id, message, created) VALUES (1, 77, 21, 'discussion question owner. center power report nearly claim you course family direction. staff yard hour chance question girl call home paper senior hope add human put me account hold say experience same who piece billion church service simple our space production listen your training significant budget', '2021-11-02');
INSERT INTO post_comments (id, post_id, commenter_id, message, created) VALUES (2, 77, 51, 'church responsibility million we. general cut plant myself resource garden scientist find general discussion easy. article main war window up cultural heavy very believe fact pick every give figure consumer fine. including our order sense husband claim too listen spring vote trial audience degree easy member mouth enjoy scientist water. weight rule occur hot a building you. learn affect glass early summer gun including foreign practice decision develop month increase. commercial magazine perform unit ball market visit popular very citizen list. report local despite paper general former turn education assume', '2021-11-02');
INSERT INTO post_comments (id, post_id, commenter_id, message, created) VALUES (3, 77, 46, 'save standard according game face letter several ahead raise note artist hard. thank news particular address goal nearly movement bed make. television husband leg choice first south push give include. tough professor cost condition imagine time forward position carry sister near. happy democratic own benefit', '2021-11-04');
INSERT INTO post_comments (id, post_id, commenter_id, message, created) VALUES (4, 77, 34, 'figure worker rather wide change relationship near item huge her tell because dream direction dream skill education admit beautiful sell end read civil culture several real tax budget member sense factor worker painting recent interesting budget ball manage nice standard less improve public view. good military anyone large vote religious cut catch science energy yet I believe guy and data will high happen however tax event chair chair everyone measure', '2021-10-31');
INSERT INTO user_likes (user_id, post_id) VALUES (45, 77);
INSERT INTO user_likes (user_id, post_id) VALUES (41, 77);
INSERT INTO user_likes (user_id, post_id) VALUES (16, 77);
INSERT INTO user_likes (user_id, post_id) VALUES (48, 77);
INSERT INTO posts (id, poster_id, title, body, created) VALUES (78, 47, 'let easy', 'no kitchen serve great. five actually morning when college face improve business report life tough night around without land area month whom last over stay east hand clearly response usually last lawyer me bad hit know view mind true response sea federal about part religious nature themselves security happen allow nor. teacher local watch admit least public reduce series. shake result become lead member morning with card', '2021-11-07');
INSERT INTO post_comments (id, post_id, commenter_id, message, created) VALUES (0, 78, 66, 'east pass hold baby right address traditional effect hard head conference both suggest she up long attack item accept view into defense other see girl knowledge all lead base pass full there market north price hit listen movie build chance fast within mission tend best bill worker land', '2021-11-08');
INSERT INTO post_comments (id, post_id, commenter_id, message, created) VALUES (1, 78, 54, 'environmental black less region clear. well agent modern next medical country court power cut authority site wrong shoulder likely training attention course blood start station. partner whatever. school blue. newspaper knowledge open. ever experience seek I off performance throw again lay. deal nearly operation number stage friend drug show firm Mrs remember', '2021-11-07');
INSERT INTO post_comments (id, post_id, commenter_id, message, created) VALUES (2, 78, 19, 'on purpose reach everyone order write task similar hospital. simple because card source then young necessary school discuss least moment outside trip wrong against bar occur. feel Republican I evening production they oil recent your nation little design. that do include where how deep traditional fact include add believe identify morning. business condition home send teacher but field Mrs share rule coach lot investment later study. stage direction town such fact effect dog throughout democratic. already Mrs whether offer sing also community marriage beautiful. class market most name base life call PM discuss mother', '2021-11-08');
INSERT INTO post_comments (id, post_id, commenter_id, message, created) VALUES (3, 78, 64, 'collection traditional green picture even word own condition real boy time mention old gas event conference lawyer account bed word soldier short also reveal meet line majority artist week team real open analysis officer recently government black take ever some hard argue quite rock role system direction many bill scene rich other when man customer Mrs rise painting fire none happy fact rich. live. return step food American politics these', '2021-11-08');
INSERT INTO post_comments (id, post_id, commenter_id, message, created) VALUES (4, 78, 65, 'admit someone painting wide statement oil friend yes tough every tonight family other impact. expert sell American many real cultural factor firm involve car bed clearly group certainly a everyone Congress structure father today. eye unit care ask long throw record cost quite anyone actually activity number close. piece now time beyond product quality policy else. situation imagine recently magazine', '2021-11-07');
INSERT INTO post_comments (id, post_id, commenter_id, message, created) VALUES (5, 78, 42, 'north. final serious key may nature operation course citizen anything. might account them letter red commercial become skin billion hope message whatever policy point treat position myself his use however base rather together quality political become prepare me job none interesting become manage run choice nation likely pretty side hair task reveal trip baby address. tree particularly. him a style evening result market floor whether shoulder character church recognize guess no carry place yes high sea majority build', '2021-11-08');
INSERT INTO user_likes (user_id, post_id) VALUES (13, 78);
INSERT INTO user_likes (user_id, post_id) VALUES (4, 78);
INSERT INTO user_likes (user_id, post_id) VALUES (40, 78);
INSERT INTO user_likes (user_id, post_id) VALUES (16, 78);
INSERT INTO user_likes (user_id, post_id) VALUES (37, 78);
INSERT INTO user_likes (user_id, post_id) VALUES (52, 78);
INSERT INTO posts (id, poster_id, title, body, created, last_edited) VALUES (79, 73, 'court theory describe', 'accept trip man order. wide under science people that. health father address board story travel model can fight yes benefit tend industry smile join dinner TV require tend idea best whom film prevent late. simply say art even face quality high discover manager large others', '2021-10-13', '2021-10-17');
INSERT INTO post_comments (id, post_id, commenter_id, message, created) VALUES (0, 79, 44, 'short people seek fire strategy beat hotel material protect require. involve theory laugh in during good many foot individual bill way fish reality painting attorney him ability pay show early rise theory ball would just wife its drive. as dark save reality author end treatment walk stage rise speech church mention look bill art manager until senior read. public. Republican recent remember. sort our responsibility. subject. test city respond protect half finish investment start. country reason themselves save anyone', '2021-11-05');
INSERT INTO post_comments (id, post_id, commenter_id, message, created) VALUES (1, 79, 8, 'what step late yes safe data wish add site. especially we hundred. control often analysis your more behavior character Congress many heavy science receive as watch word class agree the evidence nothing president form leave action meeting democratic focus attention talk paper parent recognize us wide state morning eight skill outside while establish. candidate. ball easy lose part reveal happen authority where he phone support almost ready. moment general quality decision key case summer floor ball ten exist set public free from discussion keep imagine. green culture throughout painting music affect night attorney test consider town', '2021-11-02');
INSERT INTO post_comments (id, post_id, commenter_id, message, created) VALUES (2, 79, 22, 'store some everybody why once center tough wife small reason player former national fear maybe into information near seat election ago next training nor. job cold figure stand nature mention majority. across single full spring rise time worry test position although answer unit dinner water cut range very more', '2021-11-02');
INSERT INTO post_comments (id, post_id, commenter_id, message, created) VALUES (3, 79, 23, 'those case hope lay movie hold. question raise hand decide us. add fill bar idea make check give play almost various western moment nature personal ahead item son top worker poor play success anything cut soon and through technology region management bad. effect receive father price protect. join believe consumer oil number sell think road bring decision action TV specific certainly appear fish garden mention difficult community while green couple help police', '2021-10-13');
INSERT INTO post_comments (id, post_id, commenter_id, message, created) VALUES (4, 79, 17, 'defense realize begin kitchen different television use lose sit often clearly. call unit receive political green bar travel. grow particular real option environment author at strong share physical foot thousand author speak with thought dog instead close stock three statement everything go there bad build score question. wall owner politics next. of doctor myself head every money scene meet own series specific class. state skin need consider truth. another make cover half wear understand present speak face each nor. new. yeah fine candidate health goal', '2021-10-20');
INSERT INTO post_comments (id, post_id, commenter_id, message, created) VALUES (5, 79, 62, 'require. game kind seven play work be happen explain program rock building program. later without site recent speech structure range west. different wear north enough evidence address do teacher investment parent once per increase red gas sign instead because answer prepare goal make position same standard join skin people current million card language leave those wind over same happen almost however car position way officer third key drop hold money less though admit rather smile court sit enjoy low news office film already. write bar sea miss', '2021-10-26');
INSERT INTO user_likes (user_id, post_id) VALUES (37, 79);
INSERT INTO posts (id, poster_id, title, body, created, last_edited) VALUES (80, 67, 'note second stop art', 'save less staff develop about cold ask later sea century impact medical total owner police seat sound green writer room return draw north again ever rule fill soldier. chance effort article feel everyone front opportunity picture he. at test. full way like miss field more yes piece house assume remain common spring current or whether feeling difficult apply fund yes strategy even relationship set office clearly by night miss', '2021-10-15', '2021-10-25');
INSERT INTO post_comments (id, post_id, commenter_id, message, created) VALUES (0, 80, 24, 'research. or consumer. measure glass force. audience to model at watch agent try could hair partner theory that describe project should clear water support effect item support reduce kind statement write', '2021-10-31');
INSERT INTO post_comments (id, post_id, commenter_id, message, created) VALUES (1, 80, 19, 'whatever him cold join read person technology candidate never subject within cost movie option. support idea movie response source worry. face throughout for town already win million evening federal response modern fall bad true last our since decade. particularly pattern finally adult sound nothing site course reduce she owner family', '2021-10-21');
INSERT INTO user_likes (user_id, post_id) VALUES (70, 80);
INSERT INTO user_likes (user_id, post_id) VALUES (9, 80);
INSERT INTO user_likes (user_id, post_id) VALUES (3, 80);
INSERT INTO user_likes (user_id, post_id) VALUES (22, 80);
INSERT INTO user_likes (user_id, post_id) VALUES (21, 80);
INSERT INTO user_likes (user_id, post_id) VALUES (18, 80);
INSERT INTO user_likes (user_id, post_id) VALUES (37, 80);
INSERT INTO user_likes (user_id, post_id) VALUES (2, 80);
INSERT INTO user_likes (user_id, post_id) VALUES (20, 80);
INSERT INTO user_likes (user_id, post_id) VALUES (71, 80);
INSERT INTO posts (id, poster_id, title, body, created) VALUES (81, 54, 'real although generation', 'task add well leave put two statement order when future research available student worry sound down true forward water act rate wall deal response necessary now trial stay become difficult federal mention subject movement attorney perform all think form body stage think add eight thank art', '2021-10-18');
INSERT INTO post_comments (id, post_id, commenter_id, message, created) VALUES (0, 81, 14, 'reflect feel sea strategy cell drive dream attorney. way might accept draw PM understand today big word somebody among represent them system process nation matter deep product voice green activity couple goal theory four assume test skin send age help sound ok fine remain material. require money young party decision item unit', '2021-11-05');
INSERT INTO post_comments (id, post_id, commenter_id, message, created) VALUES (1, 81, 11, 'hear yourself then however relationship ok everybody wife whether art fine official knowledge need form future whole serve dog hotel help director ever out some well follow side identify middle reach five term spring all power government. while few produce man approach executive skill firm back easy identify at sing whole off child produce accept ability offer that day remain office instead impact recognize dark model deep knowledge Mrs any wall old. help audience customer machine visit will future to deep miss either ready certain imagine doctor easy base day car maybe arrive relationship Democrat American smile quality', '2021-10-26');
INSERT INTO post_comments (id, post_id, commenter_id, message, created) VALUES (2, 81, 73, 'want can ever seat budget off attack produce easy after under a popular mind now two decision north long. for send hospital interview region least strong the machine happen late sometimes see but trouble pressure nothing debate road. these. guess attorney should note your expert company two civil. foot by common bar understand friend kid both series policy cut person season skill factor figure walk agree goal sell control two worry grow level natural see. system operation long serious including', '2021-11-05');
INSERT INTO post_comments (id, post_id, commenter_id, message, created) VALUES (3, 81, 39, 'purpose center down resource stop because speech hot mouth science more through strategy stage feeling ask treat white wear color question start develop change level back truth actually', '2021-10-27');
INSERT INTO post_comments (id, post_id, commenter_id, message, created) VALUES (4, 81, 2, 'game building from become manage sell tonight good foreign view office water letter down amount seek recently woman hair down sit long away customer ability bill each have kind although field recognize person know spring help serve brother agent task candidate specific environment federal how space inside news side seem husband today its factor guy really music down check cost worry ground career article student.', '2021-11-07');
INSERT INTO user_likes (user_id, post_id) VALUES (69, 81);
INSERT INTO user_likes (user_id, post_id) VALUES (27, 81);
INSERT INTO user_likes (user_id, post_id) VALUES (71, 81);
INSERT INTO user_likes (user_id, post_id) VALUES (20, 81);
INSERT INTO user_likes (user_id, post_id) VALUES (29, 81);
INSERT INTO user_likes (user_id, post_id) VALUES (6, 81);
INSERT INTO posts (id, poster_id, title, body, created) VALUES (82, 51, 'admit my candidate southern', 'early represent. ago hundred accept behavior professional generation race. land result collection while role somebody color image yourself sister develop condition card themselves parent service marriage find could son billion speak fill figure often treat', '2021-11-01');
INSERT INTO post_comments (id, post_id, commenter_id, message, created) VALUES (0, 82, 66, 'take anyone certainly radio describe result. young political hotel away about man claim police just raise determine ball stand dog dark often start next develop hospital prove radio public sort account relationship fire I air push my pull. mention amount able goal site sister lawyer each everybody president. he physical mean just him question beautiful. however example spend state including test dog entire by plant there money message director your six reveal reason carry risk kitchen capital box worker everything discussion after push fish. compare assume vote win strong bill consider time. scientist under ahead rather president road behavior', '2021-11-03');
INSERT INTO post_comments (id, post_id, commenter_id, message, created) VALUES (1, 82, 18, 'leave son gas main former region writer always deep buy heavy way understand challenge wall street agreement everybody several up once across in guy. wear defense beyond plan compare policy fund himself there professional every oil claim happen contain its attorney return lawyer seven audience senior until tough central realize six black bed bill no. star little major', '2021-11-06');
INSERT INTO post_comments (id, post_id, commenter_id, message, created) VALUES (2, 82, 74, 'seem though. possible most ready add order. during campaign loss line instead two. machine share out see book line gun old soon offer store general toward order actually. side what artist have character key financial test. little recognize during memory use no church Mr. book recognize more particularly art teacher night single including rate box deal garden. very police generation wrong authority. near adult', '2021-11-01');
INSERT INTO user_likes (user_id, post_id) VALUES (46, 82);
INSERT INTO user_likes (user_id, post_id) VALUES (60, 82);
INSERT INTO posts (id, poster_id, title, body, created) VALUES (83, 2, 'stuff determine author', 'education form person chance head education specific good to view. rich city customer bill whether fish choose pick training scene article specific wind reality book for medical energy big. everyone. summer court voice', '2021-10-16');
INSERT INTO post_comments (id, post_id, commenter_id, message, created) VALUES (0, 83, 59, 'list able paper federal ability industry. thus compare opportunity believe painting increase. game factor mind hear force former commercial get remember their course blue but take partner physical sister left. different sport theory eat right allow across Mrs board boy style dog should president agreement get theory. fear language against', '2021-10-24');
INSERT INTO post_comments (id, post_id, commenter_id, message, created) VALUES (1, 83, 13, 'either call although result forget thousand better take since along policy way today instead. base year myself letter nice claim manager risk development between process attack subject. before ten. third other story national. perform ahead risk city hand minute provide single mission increase majority on. gas effect off recent police against someone next. sign commercial year direction event chair book back. environment popular right street society expert election ahead really reflect each ahead', '2021-10-29');
INSERT INTO post_comments (id, post_id, commenter_id, message, created) VALUES (2, 83, 47, 'charge town subject. southern cover. chance former remember. Republican allow consider book pick official open. war your difference drive material politics large information together. any occur need human treatment involve method measure pattern measure political red. reveal agency this young environmental report institution move glass. commercial remain call anyone available', '2021-11-06');
INSERT INTO user_likes (user_id, post_id) VALUES (20, 83);
INSERT INTO user_likes (user_id, post_id) VALUES (1, 83);
INSERT INTO user_likes (user_id, post_id) VALUES (51, 83);
INSERT INTO user_likes (user_id, post_id) VALUES (59, 83);
INSERT INTO user_likes (user_id, post_id) VALUES (10, 83);
INSERT INTO user_likes (user_id, post_id) VALUES (69, 83);
INSERT INTO user_likes (user_id, post_id) VALUES (66, 83);
INSERT INTO user_likes (user_id, post_id) VALUES (7, 83);
INSERT INTO user_likes (user_id, post_id) VALUES (46, 83);
INSERT INTO user_likes (user_id, post_id) VALUES (49, 83);
INSERT INTO posts (id, poster_id, title, body, created) VALUES (84, 3, 'recognize able family about', 'nor discover friend. loss fear hit. particularly change. offer point certain political stand truth yeah person money make share deep group great only play loss other clearly item issue develop young work. that son. soldier. development manager treatment record chair year product reduce project carry lose tell management', '2021-10-22');
INSERT INTO post_comments (id, post_id, commenter_id, message, created) VALUES (0, 84, 62, 'father music space item culture drop star notice evidence tree think only nation card skill join total significant society building past mouth audience natural system recently draw cut produce whatever size maintain break nice grow. bit. end offer respond close enter fly light pressure reveal lot perform these my court', '2021-10-30');
INSERT INTO post_comments (id, post_id, commenter_id, message, created) VALUES (1, 84, 53, 'for purpose summer although wind weight. serious bed manager believe customer recognize feeling test since source popular popular store recently price. yes inside daughter nearly. show serious example commercial. control personal interest ask gun throughout recently north increase current involve. development. agreement much beautiful leader beat alone work agreement yet thing senior allow economic tonight southern budget research man compare heart crime true money well boy through happy room. week evening. happy role rule somebody traditional develop really smile. reflect imagine summer pass forward spring energy include', '2021-11-03');
INSERT INTO post_comments (id, post_id, commenter_id, message, created) VALUES (2, 84, 54, 'impact house general answer cell arm bar. wonder look us respond bit family expect value. interview religious attention improve significant drive lawyer inside major perform treat push its training follow. race simple door your most. put town partner relate room set see general quality among voice water forget sure task factor example strategy possible man my ready sister impact. their statement deep leave action computer seven phone do born ever skill southern exactly', '2021-11-04');
INSERT INTO post_comments (id, post_id, commenter_id, message, created) VALUES (3, 84, 42, 'because pattern office authority likely prove hope truth himself. black. high use great approach since news impact soon dream fund accept green check employee state Republican eight main here go technology politics suddenly explain professional', '2021-11-01');
INSERT INTO post_comments (id, post_id, commenter_id, message, created) VALUES (4, 84, 1, 'pressure enter option eye front player analysis law high trip. day. maintain process camera buy meeting we per important anything can heart along wide guess bill city way. system. leader station avoid world several should treat. speech shake central financial design former pretty important spend strong unit car gas both voice whatever. travel your situation law church particular sport such from require growth anyone nice drop remember down great old', '2021-10-24');
INSERT INTO post_comments (id, post_id, commenter_id, message, created) VALUES (5, 84, 1, 'ok production tough involve send no player record allow glass or. under raise message watch range subject building wonder subject this miss million. fast. that morning president bed', '2021-11-02');
INSERT INTO post_comments (id, post_id, commenter_id, message, created) VALUES (6, 84, 31, 'theory. finally general tell television stand country work memory body. large require arm. make couple also bad need property bring. price. first possible sense page Republican leader nor else unit six team forward thank feeling area wish. community approach knowledge situation school own interview effect idea notice senior since you simply recognize financial claim involve. couple box another', '2021-11-08');
INSERT INTO post_comments (id, post_id, commenter_id, message, created) VALUES (7, 84, 32, 'others wind back serious stuff accept town grow especially Congress wide end thank hear general everybody candidate and science quite difficult. offer front any must or thousand billion. about civil make including politics', '2021-11-05');
INSERT INTO user_likes (user_id, post_id) VALUES (18, 84);
INSERT INTO user_likes (user_id, post_id) VALUES (63, 84);
INSERT INTO user_likes (user_id, post_id) VALUES (10, 84);
INSERT INTO user_likes (user_id, post_id) VALUES (4, 84);
INSERT INTO user_likes (user_id, post_id) VALUES (64, 84);
INSERT INTO user_likes (user_id, post_id) VALUES (24, 84);
INSERT INTO user_likes (user_id, post_id) VALUES (44, 84);
INSERT INTO user_likes (user_id, post_id) VALUES (58, 84);
INSERT INTO user_likes (user_id, post_id) VALUES (55, 84);
INSERT INTO user_likes (user_id, post_id) VALUES (9, 84);
INSERT INTO user_likes (user_id, post_id) VALUES (48, 84);
INSERT INTO user_likes (user_id, post_id) VALUES (71, 84);
INSERT INTO posts (id, poster_id, title, body, created) VALUES (85, 22, 'million war mention country', 'teach clearly each thousand treat on sit officer believe short student environment section bit sport plant indeed science do against water parent project lot scientist garden group kid effort community sport within control democratic. mouth improve cell picture produce act. wait me about idea business growth ground treatment. less something tax agent ask. program trip group cover beyond born. always throw television fund low local phone idea customer section look. season million spring player no establish friend top his page eight newspaper idea kid many short hope serve. stop', '2021-11-07');
INSERT INTO post_comments (id, post_id, commenter_id, message, created) VALUES (0, 85, 50, 'security station your rather fill. time begin scientist money time among business mouth field class resource debate allow magazine daughter which collection final. boy culture water relate will. fly time group race person most when hair southern food manage assume much position unit again', '2021-11-08');
INSERT INTO post_comments (id, post_id, commenter_id, message, created) VALUES (1, 85, 67, 'where institution food service short lead contain south ball hot week range most although look carry answer sit senior affect continue yourself level people option each research easy pass book star reflect floor apply court red long generation past range it know city standard these yard level exactly long house water play also right family into everybody air team sport necessary so put per drop understand', '2021-11-07');
INSERT INTO user_likes (user_id, post_id) VALUES (54, 85);
INSERT INTO user_likes (user_id, post_id) VALUES (35, 85);
INSERT INTO user_likes (user_id, post_id) VALUES (21, 85);
INSERT INTO user_likes (user_id, post_id) VALUES (67, 85);
INSERT INTO user_likes (user_id, post_id) VALUES (50, 85);
INSERT INTO user_likes (user_id, post_id) VALUES (18, 85);
INSERT INTO posts (id, poster_id, title, body, created) VALUES (86, 30, 'huge lead baby house', 'record face. bill including special everybody man. speak sure class yard defense simple economic ask base bring both company through image natural rule herself heavy. effect join candidate forward guess PM city hair happy operation rich should western week school vote language start. concern customer collection. truth. prepare product water them consider. speak thought let arrive simple thousand. religious when always son brother there likely safe available become until bad yeah although look first suddenly out unit responsibility letter late house up through song say newspaper free', '2021-11-07');
INSERT INTO post_comments (id, post_id, commenter_id, message, created) VALUES (0, 86, 31, 'look first hospital senior across nation name arm cost air born place hope father us lot front doctor subject rate start identify likely population child interview. keep. player gas smile family surface everything. night beautiful travel president cup debate carry determine station late list move be individual have. employee doctor challenge quickly up political pattern wear process water. agreement the necessary find since claim anything operation difficult she represent sea Congress event three property road. because thus reach deep interesting class medical campaign important at minute guy ago painting. partner sea candidate way', '2021-11-08');
INSERT INTO post_comments (id, post_id, commenter_id, message, created) VALUES (1, 86, 52, 'whole close book state detail firm agency drug first order analysis old entire alone focus kind chair player central door age reflect spend bag analysis trip test theory while. pressure would total three no such material market risk. knowledge election knowledge during sound soldier agency together start. indicate response full character difficult ready. hear thousand career another industry painting nor tax give a opportunity early buy run message', '2021-11-07');
INSERT INTO post_comments (id, post_id, commenter_id, message, created) VALUES (2, 86, 65, 'peace. one best perform deep party bar most success style must owner security particularly mission include safe region. how play suddenly Democrat democratic that though bank tell service modern force idea site both level experience church campaign yeah throughout candidate now open. card other professor question exist laugh first fear most message we method subject local imagine receive new need still face group with threat machine feel market lead response report decision run keep explain simple brother use thank main officer project force better worker north after quickly point operation experience require nation spring simple perhaps', '2021-11-08');
INSERT INTO post_comments (id, post_id, commenter_id, message, created) VALUES (3, 86, 0, 'bit begin staff different a lead data sure story Congress analysis analysis scientist enough future city near watch bank least wind where wind face hour Democrat book usually including research sea let window wrong camera perhaps general game movie quality myself impact plan real as mention seven rest after never region management conference. building green back unit work training case total position guess manage administration risk', '2021-11-07');
INSERT INTO post_comments (id, post_id, commenter_id, message, created) VALUES (4, 86, 22, 'anyone series soon. reason name child listen adult few quickly different expert bank common time accept by. fish safe bit success material. top statement issue number remember.', '2021-11-08');
INSERT INTO post_comments (id, post_id, commenter_id, message, created) VALUES (5, 86, 6, 'its table. thank language. line nature analysis represent reveal attention condition laugh onto center happen president result structure write production open four appear field civil. window by agreement likely former positive. adult how discover', '2021-11-07');
INSERT INTO post_comments (id, post_id, commenter_id, message, created) VALUES (6, 86, 10, 'same. explain next raise particularly. he most. place popular deal sister. no hard lawyer cut realize key miss win detail whose sometimes method green couple eight also none least. economy side ahead reveal score boy food how all tell economy with. organization system outside also friend too brother wait book week case focus improve consider artist just it help agree thus inside toward fund big', '2021-11-07');
INSERT INTO user_likes (user_id, post_id) VALUES (46, 86);
INSERT INTO user_likes (user_id, post_id) VALUES (13, 86);
INSERT INTO user_likes (user_id, post_id) VALUES (42, 86);
INSERT INTO user_likes (user_id, post_id) VALUES (31, 86);
INSERT INTO user_likes (user_id, post_id) VALUES (3, 86);
INSERT INTO user_likes (user_id, post_id) VALUES (26, 86);
INSERT INTO posts (id, poster_id, title, body, created) VALUES (87, 62, 'her major tough', 'professor organization nothing ask hope ago officer five region. later whom environmental thus machine sometimes to develop common million sort after. enough. subject three agency expert outside that above turn heart bed sure successful material page early between minute book check somebody scientist unit soon add worker model open fish stuff or thus control. teacher house court data born. total participant later this sense matter class fish war', '2021-10-30');
INSERT INTO post_comments (id, post_id, commenter_id, message, created) VALUES (0, 87, 3, 'certain idea pay PM ok leave close safe third. audience outside for each camera tonight them true carry enough apply act space star direction article lot road but free next yet together fish commercial relationship in space. say environmental cell. top attorney role plan administration human house now similar health anyone important house behavior respond lose financial media market. since wife son individual else bill yet so other less probably hit style certainly process next tend system land adult look threat', '2021-11-03');
INSERT INTO post_comments (id, post_id, commenter_id, message, created) VALUES (1, 87, 44, 'west challenge analysis power. thus do how. sing customer if interview newspaper late film these example whatever art keep physical what such share lose book item soldier hair camera dark look final firm do eat also party eight perhaps boy with career same sense federal anything accept card executive bag few decide operation start last society edge strong wife. agree throw sure feeling cell physical member cause a or bit public glass front make she realize product stay determine response arrive whom decision position in dog away hair threat enjoy reveal yes full anything into later cup few century', '2021-11-07');
INSERT INTO post_comments (id, post_id, commenter_id, message, created) VALUES (2, 87, 19, 'ask many stand. it often. young instead civil capital test watch subject who reality population every technology live happy indeed these yet rock simply son ok which activity receive can trade little wrong economy glass I share human amount budget herself theory office education deep property some', '2021-11-07');
INSERT INTO post_comments (id, post_id, commenter_id, message, created) VALUES (3, 87, 63, 'way international may cold young something hundred idea central party idea than among dream decade create rich fast this nearly difficult will offer order lead conference. dream might increase. edge staff onto television late less western ten open raise. wait bad traditional citizen. pick bag such shoulder process after believe might major talk. you it television like life million. allow school he beautiful population recently minute coach image get. commercial hope picture. cold attorney possible from go party. however new realize analysis', '2021-11-07');
INSERT INTO post_comments (id, post_id, commenter_id, message, created) VALUES (4, 87, 54, 'major move street pay participant since democratic road cell adult some how under reveal culture minute. most foot mouth help up main visit enough me hotel down certainly moment on society player do war cell it minute move son fly some development author environment election. especially color hold seven attack manager best reveal garden democratic. number project quality place color trouble several glass side south visit still some card herself', '2021-11-02');
INSERT INTO post_comments (id, post_id, commenter_id, message, created) VALUES (5, 87, 54, 'miss region they material of her. suddenly charge later main tough later. yet finally. north leave often new positive place reality benefit. responsibility. decide give animal that game police evidence test weight adult possible seven pass year begin event. usually difficult stay. will. color car area she scene support break them family them standard mouth interest. good base state involve school', '2021-11-08');
INSERT INTO post_comments (id, post_id, commenter_id, message, created) VALUES (6, 87, 41, 'inside. day fine begin reality determine rather reason claim growth. no of student traditional later tonight building occur dinner computer nice. along reveal mouth action market reason serve true brother. property professor general effort section position range campaign pretty interest herself idea eye us not car wind somebody receive', '2021-11-06');
INSERT INTO post_comments (id, post_id, commenter_id, message, created) VALUES (7, 87, 40, 'appear article factor type bill. indicate authority figure old option question shake work improve sense alone eight model outside open man. always where beyond official agree front possible game peace still south performance specific film class answer wear pick future leg real seek doctor force response international two tax very. most remember. radio executive budget Congress your quality. career financial say style begin dinner just allow share teacher seek. painting size four teacher material. human whatever tonight will account network bring about player yard within college become big whose soldier alone record value mother. down full', '2021-10-30');
INSERT INTO post_comments (id, post_id, commenter_id, message, created) VALUES (8, 87, 56, 'he question I start level find house marriage decide now total against challenge cut discuss professor machine develop indeed institution feel everybody thank bad guess purpose house record international happy do line benefit mention market on set institution agency. laugh media someone certain wish low cost result some network nothing artist bank consumer light. really speech billion own industry executive network chair I experience crime always century wrong read news near capital', '2021-11-02');
INSERT INTO user_likes (user_id, post_id) VALUES (59, 87);
INSERT INTO user_likes (user_id, post_id) VALUES (30, 87);
INSERT INTO user_likes (user_id, post_id) VALUES (2, 87);
INSERT INTO user_likes (user_id, post_id) VALUES (24, 87);
INSERT INTO user_likes (user_id, post_id) VALUES (61, 87);
INSERT INTO user_likes (user_id, post_id) VALUES (47, 87);
INSERT INTO user_likes (user_id, post_id) VALUES (67, 87);
INSERT INTO user_likes (user_id, post_id) VALUES (3, 87);
INSERT INTO user_likes (user_id, post_id) VALUES (21, 87);
INSERT INTO user_likes (user_id, post_id) VALUES (69, 87);
INSERT INTO user_likes (user_id, post_id) VALUES (1, 87);
INSERT INTO user_likes (user_id, post_id) VALUES (11, 87);
INSERT INTO user_likes (user_id, post_id) VALUES (32, 87);
INSERT INTO user_likes (user_id, post_id) VALUES (45, 87);
INSERT INTO user_likes (user_id, post_id) VALUES (50, 87);
INSERT INTO user_likes (user_id, post_id) VALUES (13, 87);
INSERT INTO user_likes (user_id, post_id) VALUES (58, 87);
INSERT INTO posts (id, poster_id, title, body, created) VALUES (88, 70, 'while throughout', 'send there change easy quality should lay. thing explain hundred feeling tend cost believe message national already employee region growth increase safe provide conference suggest bank just week pay feeling. world especially military history act partner away this compare rise trip let citizen thank work also society box seat ahead several for by military still. official nation remember catch industry parent scene organization there there that give look wall the nature value. too between machine ability great', '2021-10-21');
INSERT INTO post_comments (id, post_id, commenter_id, message, created) VALUES (0, 88, 50, 'program participant floor three those dream crime past his sort act. page leader probably member personal next attack treatment report letter term stuff share fine enough though effect dinner sell hope success reason election include account ability should PM visit firm really follow approach develop feeling tree know however but record amount piece under anything meeting. society', '2021-11-02');
INSERT INTO post_comments (id, post_id, commenter_id, message, created) VALUES (1, 88, 55, 'including cup coach product half change her thousand red I ok natural cultural increase. husband or writer name four. police simple doctor again often clear fly program effect term later citizen Republican size economic idea decade near total hospital full physical education event explain sometimes room short others group activity research couple candidate cell eye easy hundred work remember yourself report. cup parent college exactly record treat meet. establish must.', '2021-10-22');
INSERT INTO post_comments (id, post_id, commenter_id, message, created) VALUES (2, 88, 6, 'thing accept theory increase high after ten rich work surface threat accept bed black. history sound activity begin population mean record because arrive point most training. year increase himself one response general particular so its hand establish fish choice. even trouble gas quality address bad government general', '2021-11-06');
INSERT INTO post_comments (id, post_id, commenter_id, message, created) VALUES (3, 88, 33, 'today a occur detail audience visit east age popular politics nice beautiful perform cell officer more provide option kitchen growth hope dog rather option put sense increase social. improve when', '2021-11-08');
INSERT INTO post_comments (id, post_id, commenter_id, message, created) VALUES (4, 88, 49, 'democratic major behavior whatever improve follow stage win training day behavior performance baby among understand now important pick available significant before. environment those rock far southern group. again include most bed must. main hot without indicate indeed threat apply nor fire reach issue include Republican. feel happen choose difference American without fund reach stay effect fund sister maintain determine drive of certain magazine religious own almost including not soon cup road. table together control. hope. score eye happen her thousand training watch firm tree set risk seat. dinner. quality run certainly long. report analysis instead', '2021-11-06');
INSERT INTO post_comments (id, post_id, commenter_id, message, created) VALUES (5, 88, 47, 'lot truth receive way tend say special control particularly feel white bar let since you effect much result along. imagine hope lawyer team wonder court set debate board be treatment full TV try ability. interview church citizen seem peace boy public', '2021-10-29');
INSERT INTO post_comments (id, post_id, commenter_id, message, created) VALUES (6, 88, 23, 'should receive west never agree floor inside that. agree front beyond scene mention room reach number during wait various listen consumer where region cause property market notice read training often better night sign while sense red finish go thousand security leg walk reflect majority bag product continue woman work better heavy purpose baby from bag strategy attention responsibility state sing size artist hold one unit idea they skin picture field reduce occur than popular resource', '2021-11-04');
INSERT INTO post_comments (id, post_id, commenter_id, message, created) VALUES (7, 88, 58, 'left. pass box. style contain authority general follow weight kitchen account skill century provide sell general. one Republican minute investment president. can protect right couple apply able eight miss. response agreement address room very so gun share produce rate still market pull product to structure rule late agreement receive necessary. individual interview. body entire concern thousand against certainly sign early quality. great smile run yeah south. discuss recognize beyond cup once peace. owner pass one able treatment song chair design prevent tend television blue size. training return picture. bring', '2021-10-29');
INSERT INTO post_comments (id, post_id, commenter_id, message, created) VALUES (8, 88, 4, 'focus evidence follow look generation level clearly brother choice old many. eat mean traditional for require generation woman Mr fine great way reality medical author far part after culture admit three season impact back between focus source address chair administration soon campaign provide not budget responsibility almost themselves American scene off late day least part term from parent treat', '2021-10-21');
INSERT INTO post_comments (id, post_id, commenter_id, message, created) VALUES (9, 88, 61, 'exist herself plan choose total political thank lawyer former question part national eye people simply sometimes Congress near candidate others view production art particularly civil seat physical. state receive. matter. employee father personal among quite someone history family few subject unit example themselves activity top. no also system. focus enter member. music. with much imagine language star issue dark world list believe teacher travel else tonight budget.', '2021-11-05');
INSERT INTO user_likes (user_id, post_id) VALUES (42, 88);
INSERT INTO user_likes (user_id, post_id) VALUES (65, 88);
INSERT INTO user_likes (user_id, post_id) VALUES (61, 88);
INSERT INTO user_likes (user_id, post_id) VALUES (40, 88);
INSERT INTO user_likes (user_id, post_id) VALUES (37, 88);
INSERT INTO posts (id, poster_id, title, body, created) VALUES (89, 56, 'tough green than contain', 'amount. sometimes. head major forget knowledge send five politics everybody watch people deal music situation case paper better girl my family police black along eight information office whom specific glass consider with boy discussion shake', '2021-11-04');
INSERT INTO post_comments (id, post_id, commenter_id, message, created) VALUES (0, 89, 59, 'enjoy edge deep pass pressure few election walk event fish toward if both station close from cut gas industry I daughter will whole after meet call eight sport will other miss car source price in again husband value. theory clearly baby picture believe another alone. bill opportunity camera popular then make wrong record politics campaign message fast heavy bed far big group. animal trip return candidate receive career song cell sell bed place either whether feel east husband line. month many arm provide', '2021-11-05');
INSERT INTO post_comments (id, post_id, commenter_id, message, created) VALUES (1, 89, 48, 'city store investment suddenly Mr stand wear environment and same southern list imagine recently past system finally issue film put stand sport peace rather to white star agent', '2021-11-05');
INSERT INTO post_comments (id, post_id, commenter_id, message, created) VALUES (2, 89, 29, 'box national west also big pattern. computer local student better rather special. thus budget range according game fire recent think wrong opportunity law worker firm skin operation level effort through product seat wind board understand newspaper best', '2021-11-08');
INSERT INTO post_comments (id, post_id, commenter_id, message, created) VALUES (3, 89, 60, 'single doctor ten include role deal various cover all choose subject teach food heavy. grow turn agree player knowledge approach whose sit cost increase everybody crime', '2021-11-06');
INSERT INTO post_comments (id, post_id, commenter_id, message, created) VALUES (4, 89, 9, 'include art despite final soldier study evidence third account stop shoulder true. kitchen chance name resource find available teach debate attention material above well father evening this thought learn spring worker dream manager break tend serve administration house positive third father various program spend. action picture simple leg I material part week relate argue drive. cell beat hold hand upon enter then lawyer each across long try public teacher star them lot green. sister we summer raise pressure support type. glass reduce kid score site find man up set many beat pass career their return', '2021-11-07');
INSERT INTO user_likes (user_id, post_id) VALUES (41, 89);
INSERT INTO user_likes (user_id, post_id) VALUES (72, 89);
INSERT INTO user_likes (user_id, post_id) VALUES (66, 89);
INSERT INTO user_likes (user_id, post_id) VALUES (45, 89);
INSERT INTO user_likes (user_id, post_id) VALUES (14, 89);
INSERT INTO user_likes (user_id, post_id) VALUES (0, 89);
INSERT INTO user_likes (user_id, post_id) VALUES (8, 89);
INSERT INTO user_likes (user_id, post_id) VALUES (37, 89);
INSERT INTO user_likes (user_id, post_id) VALUES (21, 89);
INSERT INTO user_likes (user_id, post_id) VALUES (60, 89);
INSERT INTO user_likes (user_id, post_id) VALUES (68, 89);
INSERT INTO user_likes (user_id, post_id) VALUES (17, 89);
INSERT INTO user_likes (user_id, post_id) VALUES (38, 89);
INSERT INTO user_likes (user_id, post_id) VALUES (57, 89);
INSERT INTO user_likes (user_id, post_id) VALUES (3, 89);
INSERT INTO user_likes (user_id, post_id) VALUES (54, 89);
INSERT INTO posts (id, poster_id, title, body, created) VALUES (90, 3, 'degree four type', 'response thing green lot pick whole both truth institution situation. central run skin ability. always purpose speech send business region good college side many recent everybody goal range certainly term', '2021-10-15');
INSERT INTO post_comments (id, post_id, commenter_id, message, created) VALUES (0, 90, 46, 'early plant ever really produce performance method strategy week sport never such agree whether eye big glass star event while provide table dream consider culture ever billion great. produce message computer like rest manager. western eat human accept service. network audience. only start much Mr officer note machine environmental possible economic in next sort just much rule happy herself authority. budget court idea. south moment capital material', '2021-10-28');
INSERT INTO post_comments (id, post_id, commenter_id, message, created) VALUES (1, 90, 39, 'professional mission down analysis certain certainly whole memory note great woman half article event purpose provide grow thank involve six happy pretty. institution bill consumer good sell throw chance by hour old share project. church such thing perhaps television middle old easy people guess early allow enjoy. use dinner affect popular together though return design but. save technology large why quite your son low choose matter become site set still green. difficult thousand brother people sell make head character. usually floor drop. girl. show pretty civil she save', '2021-10-30');
INSERT INTO post_comments (id, post_id, commenter_id, message, created) VALUES (2, 90, 59, 'left feel huge others office American deal knowledge door save question recently daughter it least consumer source sense data analysis toward for seek remain before do. chance strong interest try option such leave debate morning play resource share store generation front walk region few school everything yet medical far. will sort prevent group contain democratic throw end although my here stage pattern. task activity organization budget east. war read amount work model protect effort know management shoulder arm inside thank learn rich', '2021-10-28');
INSERT INTO post_comments (id, post_id, commenter_id, message, created) VALUES (3, 90, 72, 'seven source phone hit whom theory concern deal back writer clearly fear agreement. affect several executive standard late weight dinner across your watch party father politics nothing institution peace majority life eight traditional easy prepare experience space kid these year artist. add base challenge every least very need individual fire nothing Mrs save religious art walk sure me maintain four generation truth allow protect always parent once kid interesting other note to question pretty', '2021-10-26');
INSERT INTO post_comments (id, post_id, commenter_id, message, created) VALUES (4, 90, 44, 'especially pass language either. word increase own type radio turn use adult house job thought consumer serve world movement issue easy. another girl stage executive. education charge wife compare perform travel protect into. she share recently my out start control green however analysis rich worry. trial political weight operation get and population each week outside look wonder. seven mouth along join. help mention investment will food', '2021-10-20');
INSERT INTO user_likes (user_id, post_id) VALUES (11, 90);
INSERT INTO user_likes (user_id, post_id) VALUES (29, 90);
INSERT INTO user_likes (user_id, post_id) VALUES (38, 90);
INSERT INTO user_likes (user_id, post_id) VALUES (53, 90);
INSERT INTO posts (id, poster_id, title, body, created) VALUES (91, 16, 'it little', 'itself share interesting notice deep summer others window key single worry rich. forward their state none maybe word everything drive everyone she party. staff goal ball method. magazine without art under parent make agency amount international. fine all could nation social hand you none act same now down outside not involve else today lay agency plant life mother tend hair game community protect seek recognize religious inside for western radio window soldier job compare', '2021-11-07');
INSERT INTO post_comments (id, post_id, commenter_id, message, created) VALUES (0, 91, 31, 'thing would need parent century yes. both tough cover answer somebody color while line air carry bag here whatever able concern become field break single according social everyone institution lead young appear nice into authority manager audience our spring picture hotel would threat oil keep another picture medical ok environmental bill skin push situation peace one decide yes miss tend beautiful wear TV prevent bag. respond perform city loss', '2021-11-08');
INSERT INTO post_comments (id, post_id, commenter_id, message, created) VALUES (1, 91, 62, 'fear her election assume poor assume teacher scientist alone like middle when example case country. research reality Congress modern yard exactly defense president respond news impact represent about. media reduce night baby cold there wide cover room another recently wrong another production heavy development watch firm item agency partner your program drop theory network item Congress expert their ever call. pass voice level experience painting', '2021-11-07');
INSERT INTO post_comments (id, post_id, commenter_id, message, created) VALUES (2, 91, 1, 'west necessary voice I offer education decision laugh. determine. he center cold feeling current human baby truth analysis son daughter book business morning face budget voice with all response one short much too white', '2021-11-08');
INSERT INTO post_comments (id, post_id, commenter_id, message, created) VALUES (3, 91, 9, 'should experience more model human eat audience rather measure hair everyone. street tell letter meet. help natural bag beyond behavior religious management fact college civil administration open opportunity continue room too approach admit since blue instead word from kitchen bit report usually whom store much thousand sport become television. include. station us local board politics', '2021-11-07');
INSERT INTO post_comments (id, post_id, commenter_id, message, created) VALUES (4, 91, 38, 'owner head trip themselves. only hotel job ask it pull smile together think. whatever fall begin itself plant program toward develop who newspaper major mention behavior these education building opportunity top save support computer realize system big. face let glass worker. put story husband time again item teach road suffer. produce southern', '2021-11-08');
INSERT INTO post_comments (id, post_id, commenter_id, message, created) VALUES (5, 91, 72, 'relate democratic weight offer force miss network wall hot could culture. family leg strategy every much he performance project near. sure collection include suddenly light tree rich. practice herself bag job painting traditional major to rest guy I call material fire let. sign decide day rock night best. probably down approach seat on speech movement some water sit risk behavior impact consider area energy gun newspaper seat attention effect rather step factor. work resource lot often say business particularly', '2021-11-07');
INSERT INTO post_comments (id, post_id, commenter_id, message, created) VALUES (6, 91, 64, 'lawyer deal necessary begin business. quickly magazine. nearly street doctor investment memory year reflect hair ability school treatment economy report degree thus range especially meet total without company nearly particularly close contain everybody professional what garden American. real free page available boy somebody. parent listen early', '2021-11-07');
INSERT INTO post_comments (id, post_id, commenter_id, message, created) VALUES (7, 91, 51, 'put bring course employee side color laugh though every your. rest whole PM window decision call military develop you return daughter democratic out specific the only building century family both difference expect my four their well region market likely the environment. late when player agency executive which provide several never understand. require seven. often baby American research finally same successful indicate much involve boy fly economic anything tonight when peace source former spend idea list but final site. instead if address debate level think keep their girl different recognize bit parent front believe', '2021-11-08');
INSERT INTO post_comments (id, post_id, commenter_id, message, created) VALUES (8, 91, 20, 'candidate tonight important certainly explain stand pass expert get test tough quickly line Democrat record participant author lawyer cost see first some. least keep current return smile on artist than character boy meet claim husband measure conference garden first realize building building cell rest heavy year rich number happen peace dog tend people interest cover natural development program through million its child claim they agent kind every defense wide significant live space beat can friend nothing type data exist chair yet left', '2021-11-08');
INSERT INTO user_likes (user_id, post_id) VALUES (51, 91);
INSERT INTO user_likes (user_id, post_id) VALUES (30, 91);
INSERT INTO user_likes (user_id, post_id) VALUES (60, 91);
INSERT INTO user_likes (user_id, post_id) VALUES (59, 91);
INSERT INTO user_likes (user_id, post_id) VALUES (35, 91);
INSERT INTO user_likes (user_id, post_id) VALUES (12, 91);
INSERT INTO user_likes (user_id, post_id) VALUES (41, 91);
INSERT INTO user_likes (user_id, post_id) VALUES (72, 91);
INSERT INTO user_likes (user_id, post_id) VALUES (14, 91);
INSERT INTO posts (id, poster_id, title, body, created) VALUES (92, 66, 'service yourself', 'various interest director leader. return might music improve face city establish manage. network trial this responsibility low learn blue. political contain whom tough describe prevent garden break star national kid fine peace as total. almost morning cell. wife single fund weight no. indicate either more time your business network money big in really lose public you. market catch human something have police again wish. its decision bring various ahead audience hand discover politics theory want compare agreement. billion glass road deal relationship television evening field eat lawyer art something entire interview direction heavy', '2021-11-02');
INSERT INTO post_comments (id, post_id, commenter_id, message, created) VALUES (0, 92, 12, 'special interview. section any author since black would traditional trip who world sell fast floor last national property go line charge join fact also article field development drop seem writer right international way language yourself project maintain budget guy what room. beat it discuss meeting ask professor hold general ball. garden', '2021-11-05');
INSERT INTO post_comments (id, post_id, commenter_id, message, created) VALUES (1, 92, 48, 'now picture city would recognize hospital city newspaper involve matter. store less continue arm three task base out girl around evening. recognize character stop action defense responsibility remember family. able lead author account still wide her activity short benefit improve particularly doctor suddenly accept. cover various. start school. take receive shake wrong about crime option interesting see machine effect girl piece store himself. fight herself near mean development. color', '2021-11-03');
INSERT INTO post_comments (id, post_id, commenter_id, message, created) VALUES (2, 92, 9, 'risk blue policy fact wish west mouth poor claim force weight keep forward forget specific season consider finish network public matter everybody. from simple money must executive claim adult small list tonight boy find guess especially heavy nearly wide share body relate total cause answer follow well position call season give condition', '2021-11-02');
INSERT INTO post_comments (id, post_id, commenter_id, message, created) VALUES (3, 92, 9, 'quite though stage city rule save although age religious test station as opportunity imagine machine before ground color reduce policy low total message although share doctor. nice summer pull organization majority fund. white tell ten while either only low character foreign card job. contain. test media threat how young north north husband type here book commercial drug stuff. structure data issue quickly choice huge also clearly side child do whose exist story his', '2021-11-04');
INSERT INTO post_comments (id, post_id, commenter_id, message, created) VALUES (4, 92, 54, 'argue result interview pretty local easy message say week measure above time scientist technology. nation game. along church hotel series state measure of stock look draw hour prevent turn little wish suggest say have world catch often free. thus section of art true follow race play box school person. career manager adult again country research threat provide seven read rest bag image include laugh environment woman including industry official line', '2021-11-04');
INSERT INTO post_comments (id, post_id, commenter_id, message, created) VALUES (5, 92, 11, 'result bill ask. deal civil save argue prepare truth culture east under water treatment need bring safe sister change character discussion speak just stay society deep throughout later human trial. almost better million total why allow provide adult instead story name citizen cup while everyone rise attorney exist. necessary hand speak real military or something feel capital thing activity expert bring tough. pick cut time act face ability. land trip indeed choose want blue success begin enjoy produce kid approach near institution suddenly center. really some thought own step ground call', '2021-11-05');
INSERT INTO post_comments (id, post_id, commenter_id, message, created) VALUES (6, 92, 67, 'across close difference take include green audience front. approach important mission statement ahead make believe agree throughout field read difficult music middle while likely believe suddenly common bad perhaps middle without follow door walk factor list nearly interest help sign expert seat deal image low amount American what customer small', '2021-11-06');
INSERT INTO post_comments (id, post_id, commenter_id, message, created) VALUES (7, 92, 64, 'production should visit idea. just stuff painting forward list do again if herself cut. protect right accept lay instead safe attorney rise response matter seven necessary guess together building trade. quality claim range consumer data range strong', '2021-11-03');
INSERT INTO post_comments (id, post_id, commenter_id, message, created) VALUES (8, 92, 48, 'baby audience consider city law near since set morning glass throughout. drop. a myself long hotel rock dog wife. argue around win picture red final who protect middle life baby record couple respond treatment season purpose discuss state stand defense situation market. say machine on itself experience run box know among benefit hair or assume trouble house hit machine range idea discussion now. letter heavy produce program quite dream north run factor. sport room outside which receive', '2021-11-05');
INSERT INTO post_comments (id, post_id, commenter_id, message, created) VALUES (9, 92, 32, 'cell from soon. couple age any best within. receive admit bag difficult reflect car trade three. open they above evening finish. strong. large data evidence girl hard forget choice rate know store staff third of perhaps open field modern lot few draw mind finish window head carry present often since company source it understand head perform chair seek. design story stand wide majority now away reflect personal occur suffer never page skill can', '2021-11-06');
INSERT INTO user_likes (user_id, post_id) VALUES (54, 92);
INSERT INTO user_likes (user_id, post_id) VALUES (34, 92);
INSERT INTO user_likes (user_id, post_id) VALUES (63, 92);
INSERT INTO user_likes (user_id, post_id) VALUES (46, 92);
INSERT INTO user_likes (user_id, post_id) VALUES (2, 92);
INSERT INTO user_likes (user_id, post_id) VALUES (23, 92);
INSERT INTO user_likes (user_id, post_id) VALUES (9, 92);
INSERT INTO user_likes (user_id, post_id) VALUES (4, 92);
INSERT INTO posts (id, poster_id, title, body, created) VALUES (93, 43, 'push candidate which can', 'probably song couple partner teacher cup oil left detail. thus budget its career look military research seven among. defense early major kid thousand. country bit response heavy score look. debate. play chance. grow itself author teacher human whole evening pay job little force speech meet well approach send bad watch once. language several bad probably improve government sell nice build central perhaps believe speak painting throughout spring crime main condition energy hair up heart great box bring protect far fight understand knowledge mother talk always forget president allow', '2021-10-13');
INSERT INTO user_likes (user_id, post_id) VALUES (9, 93);
INSERT INTO user_likes (user_id, post_id) VALUES (33, 93);
INSERT INTO posts (id, poster_id, title, body, created) VALUES (94, 53, 'before human', 'cause back create upon almost song use paper response possible consider point hard mind add common brother grow face. career. that five suddenly cultural still', '2021-11-06');
INSERT INTO post_comments (id, post_id, commenter_id, message, created) VALUES (0, 94, 63, 'have bag protect really back firm relationship Mr early the force section. participant decision approach science call enter figure cause. man court purpose understand want report civil early. increase its building upon tough already report important we. ability bring power. there arm national work water bad keep plant all approach wear result standard become often job parent seat lose ability. exactly paper language challenge operation five support foot large statement writer a force. manage former. similar. job only mother all hope either', '2021-11-06');
INSERT INTO post_comments (id, post_id, commenter_id, message, created) VALUES (1, 94, 9, 'nice week model mean half option benefit list economy price special trip wind base cost PM. treatment tax certain me civil she can crime among economic event upon anything side first person religious dog particular', '2021-11-06');
INSERT INTO post_comments (id, post_id, commenter_id, message, created) VALUES (2, 94, 11, 'any already coach appear figure popular grow be four. pull require finally use he seem yard great discover out rise world training impact current star opportunity', '2021-11-07');
INSERT INTO post_comments (id, post_id, commenter_id, message, created) VALUES (3, 94, 12, 'away language. why wife whom along best door base hand partner local summer whom situation skill season try personal lawyer would discover question stage loss cup kid send resource especially cause establish hear two choice perhaps show participant. theory pressure summer firm hotel while ago with other travel on class both policy or college senior happen not war final energy group forget above yeah billion a court shoulder wear generation small buy born standard sister say college approach manage finally woman necessary state win lead others plan step scientist', '2021-11-08');
INSERT INTO post_comments (id, post_id, commenter_id, message, created) VALUES (4, 94, 73, 'night behind positive cold tell home Democrat score serve inside area up enjoy interview trip mean employee young feel or spring career walk degree rather painting industry win chance you baby method save actually ten movie us force budget until realize him citizen factor degree two term use keep successful yourself international meet left full act top traditional follow indicate less these save speech successful itself city model movie would loss', '2021-11-06');
INSERT INTO post_comments (id, post_id, commenter_id, message, created) VALUES (5, 94, 19, 'their PM. main. couple. leader ready main nice concern possible nor oil believe around hotel guess provide authority us energy candidate good significant lot. go deep performance model fact wait exactly player heavy wonder strategy wide window hundred than beyond cup lead consumer stay carry behavior raise difference interview stand walk since now before receive peace culture investment sense able road still point across. any staff somebody sure conference on.', '2021-11-08');
INSERT INTO post_comments (id, post_id, commenter_id, message, created) VALUES (6, 94, 19, 'other drug leader lose direction respond many cup expert. often across television her conference. return traditional that first cover hit participant modern nature enjoy line radio more three popular with effect return left military base stand hair we perform a the free card modern citizen recent treat entire significant attack later five pattern us pull such partner environment science way but dark ten you issue machine if thus culture seat attack without', '2021-11-08');
INSERT INTO post_comments (id, post_id, commenter_id, message, created) VALUES (7, 94, 52, 'author full customer later almost fish fine store production statement now return likely policy hear hear mother success within step with speech key generation white toward concern up measure skill same away. foreign which find thing through he. church do. suggest method finally like college course discuss culture protect. here continue indicate method usually ok focus control phone. six beat step mouth plant. audience guess help under rich age card face avoid seek feeling enough fish push deep subject wrong want such career bar. per pass drive compare job already any street voice', '2021-11-06');
INSERT INTO user_likes (user_id, post_id) VALUES (29, 94);
INSERT INTO user_likes (user_id, post_id) VALUES (63, 94);
INSERT INTO user_likes (user_id, post_id) VALUES (61, 94);
INSERT INTO user_likes (user_id, post_id) VALUES (17, 94);
INSERT INTO user_likes (user_id, post_id) VALUES (37, 94);
INSERT INTO user_likes (user_id, post_id) VALUES (28, 94);
INSERT INTO posts (id, poster_id, title, body, created) VALUES (95, 58, 'however sense only', 'respond. four you former company although. bad magazine religious against speech fast. develop drop factor stop our tell very quality station outside drop every purpose behind prove plan later herself upon technology small common Mrs degree shake garden hair', '2021-10-28');
INSERT INTO post_comments (id, post_id, commenter_id, message, created) VALUES (0, 95, 7, 'interesting thus watch. machine admit fill kind begin safe give such nothing training hotel indeed in determine purpose per situation stop. attack seek trial rather movement far good include. despite. few less hospital', '2021-11-06');
INSERT INTO post_comments (id, post_id, commenter_id, message, created) VALUES (1, 95, 54, 'inside life line religious wish. hospital themselves economic none both research glass front by wrong back here rich drug culture practice blood blood doctor floor none begin daughter player prepare. become half budget indicate color soon military', '2021-11-08');
INSERT INTO post_comments (id, post_id, commenter_id, message, created) VALUES (2, 95, 44, 'fine upon identify. history team wait want question all mother chance. offer happen easy same process job role just several environmental deal surface college. marriage rock dark forget question oil society to bring technology simple up turn agree chair feel else weight join game none growth budget get defense energy score task almost mean effort best loss consumer various there attorney example', '2021-10-28');
INSERT INTO post_comments (id, post_id, commenter_id, message, created) VALUES (3, 95, 65, 'guy anything staff claim worker matter win church apply oil young challenge information. lose party green term moment serious. military. effect detail low. think evidence. up benefit get notice big certain commercial not hair region. pass six total color trial west get ball other accept both customer manage attack season while firm protect account kid similar live goal science night soldier assume if common television thing look staff light man federal of short somebody as before suggest third eight state response difficult explain area few religious son yeah short strong parent contain music two rule. near blue', '2021-11-03');
INSERT INTO post_comments (id, post_id, commenter_id, message, created) VALUES (4, 95, 66, 'suggest throughout. easy reduce mother bit yet notice black to what expect. understand woman measure doctor tell talk firm way less certainly open ten follow still with skin. factor simple source fill detail crime up race piece himself cause source single service within anything hair report past collection. let various response. ten against evidence music article maybe girl writer attack program magazine author skill himself both never heavy determine serious quickly improve arrive loss. else affect rate month example relate what financial. gas or. center him difference teacher painting performance guess itself too author environmental size theory', '2021-11-04');
INSERT INTO post_comments (id, post_id, commenter_id, message, created) VALUES (5, 95, 4, 'thought think wish. realize. present strong people with always range serious do foot almost ability traditional near TV test interesting arm need wall clearly style month organization of. admit increase today apply party clear especially analysis. laugh research program. soldier operation business history. rise follow play idea. born carry pretty big production mouth guess lawyer both beautiful. yeah. improve far party house with herself story reflect save beat wish floor state bad hard. risk establish consumer performance wear. yes happy through each manager style indicate. side give author', '2021-11-02');
INSERT INTO post_comments (id, post_id, commenter_id, message, created) VALUES (6, 95, 70, 'source training baby young think clear doctor well million bill realize week tree back material must early energy avoid rock her treatment prove rule probably position especially question role nothing senior let imagine agent concern team player occur. food while degree laugh experience include building almost view world style respond city wife mind. six break evening already since while natural quality suggest that stop six approach growth able hit. power else policy moment science he past now sense huge book threat action star particular speak hot agree manager establish', '2021-10-28');
INSERT INTO post_comments (id, post_id, commenter_id, message, created) VALUES (7, 95, 16, 'others some our choose meeting. become also compare back community kitchen evidence form key dinner office election draw example available help feel Mrs push seem man early executive show despite pressure fill life natural force four sometimes leave make surface team give radio move agency sign save must election few per property low choose idea minute about side adult boy play bit hold tax begin usually remember everyone last reduce body beyond', '2021-10-30');
INSERT INTO user_likes (user_id, post_id) VALUES (55, 95);
INSERT INTO posts (id, poster_id, title, body, created) VALUES (96, 3, 'nearly sit', 'Mr memory environment education spend blood we. bit do charge. idea part beyond happen wide collection several us air listen including list run middle. service. move somebody fund yeah student discussion room face song detail child citizen forward just same factor have reach affect', '2021-11-05');
INSERT INTO post_comments (id, post_id, commenter_id, message, created) VALUES (0, 96, 17, 'all including organization lot community history. entire north window everyone which democratic add school player sister assume good player here memory draw leave theory capital game song information operation foot follow light compare about myself ever main none hour power. trial leg physical remember trouble threat job sound can research so specific series game create office analysis state professor give fear indeed image one message lose hotel country forget technology size watch must', '2021-11-08');
INSERT INTO post_comments (id, post_id, commenter_id, message, created) VALUES (1, 96, 23, 'charge west house plan who animal situation simply walk stock buy huge officer professional serve upon listen almost. left set account federal suffer table although eight. food coach image moment above century generation very rather foreign senior cover big hear win soon wind. quite everyone. sell. character create member possible today pay discover drive suggest type scientist include unit energy son understand respond design responsibility compare movie suffer could hair responsibility add apply course blue line writer heart structure institution building meet require adult heart move', '2021-11-05');
INSERT INTO user_likes (user_id, post_id) VALUES (46, 96);
INSERT INTO user_likes (user_id, post_id) VALUES (40, 96);
INSERT INTO user_likes (user_id, post_id) VALUES (62, 96);
INSERT INTO user_likes (user_id, post_id) VALUES (44, 96);
INSERT INTO user_likes (user_id, post_id) VALUES (31, 96);
INSERT INTO user_likes (user_id, post_id) VALUES (49, 96);
INSERT INTO user_likes (user_id, post_id) VALUES (17, 96);
INSERT INTO user_likes (user_id, post_id) VALUES (14, 96);
INSERT INTO posts (id, poster_id, title, body, created) VALUES (97, 32, 'include report hand pick', 'official degree so it product sister fund. adult person live plan pattern couple hour back expert loss along such you its huge likely school put from fish beautiful energy remain need attorney challenge. many rate', '2021-10-22');
INSERT INTO post_comments (id, post_id, commenter_id, message, created) VALUES (0, 97, 60, 'hour poor thus down however already wish fly. final unit really identify may take never explain population example feel without who well pick century collection suggest none. chance imagine various she card mind however significant include. purpose reality if. hospital sometimes smile act surface particularly community paper recognize scientist indeed edge challenge child force fact fact radio their after church always. world understand break culture just wrong break month shoulder coach many suddenly available turn step southern teacher ask common my rock treat player role work hot trial exist leader various', '2021-10-29');
INSERT INTO post_comments (id, post_id, commenter_id, message, created) VALUES (1, 97, 2, 'make feel work technology similar charge can charge listen stop fear figure wrong ago law foreign school TV themselves control capital together happen miss morning should choose get figure tend measure physical community clear none candidate go treatment form we suffer million policy every process. various down role nation though television hard himself back wind those. offer loss collection senior. market such travel list to final firm beyond your dark including office physical bad west employee central baby bring wear day hair theory campaign music enjoy. specific hotel first nature clear bad. discover far strategy.', '2021-10-23');
INSERT INTO post_comments (id, post_id, commenter_id, message, created) VALUES (2, 97, 5, 'radio sport fight receive campaign south. guess more. rest keep ago also. year speak value public because address hour project so long he report source someone concern eight relationship physical exist. itself growth structure choice project fly sell politics fly. personal wife less mouth deep shake today major full well hard doctor', '2021-10-22');
INSERT INTO post_comments (id, post_id, commenter_id, message, created) VALUES (3, 97, 71, 'enough likely remember education. interesting available value forget address lot worker section young difference. suggest give say leader change certain friend need activity appear trade capital former example source partner hard choice buy pick set develop fall billion. listen sea film clearly draw', '2021-10-27');
INSERT INTO post_comments (id, post_id, commenter_id, message, created) VALUES (4, 97, 58, 'more across fund example put security however. without campaign appear same nothing yet. total whatever behavior month unit table capital hour charge how as street up society loss thousand health hold system simply can present indeed class loss brother to like world idea near remain want', '2021-10-22');
INSERT INTO post_comments (id, post_id, commenter_id, message, created) VALUES (5, 97, 56, 'raise green political single choice easy cell mean arm. agree design economic push ahead hair fish wrong special trip attorney know international fire how little everyone left surface fact. talk', '2021-10-29');
INSERT INTO user_likes (user_id, post_id) VALUES (6, 97);
INSERT INTO user_likes (user_id, post_id) VALUES (30, 97);
INSERT INTO user_likes (user_id, post_id) VALUES (54, 97);
INSERT INTO user_likes (user_id, post_id) VALUES (51, 97);
INSERT INTO user_likes (user_id, post_id) VALUES (12, 97);
INSERT INTO user_likes (user_id, post_id) VALUES (56, 97);
INSERT INTO user_likes (user_id, post_id) VALUES (66, 97);
INSERT INTO user_likes (user_id, post_id) VALUES (52, 97);
INSERT INTO posts (id, poster_id, title, body, created, last_edited) VALUES (98, 45, 'long design', 'might road office draw girl indeed matter. level movie remain administration ball recognize add example store responsibility window how artist attention imagine you ready small well mind trade. record apply society investment sport side in main window cover natural interesting color believe. production if training around my middle show president research federal hotel talk pass main occur evening town take high peace. benefit whose. face budget difference be fire point building inside really open story health last officer. job green. good family boy material quickly term face then', '2021-10-19', '2021-10-31');
INSERT INTO post_comments (id, post_id, commenter_id, message, created) VALUES (0, 98, 14, 'agency remember which early as window need beyond. southern event light consider course deal carry region language beat four best fish life instead task TV opportunity land various notice recent than. during employee scientist former serve response easy near wish number easy she easy specific break project pay traditional performance surface box program factor concern most significant for study color someone fly than design none staff who card contain. benefit. success side feel wonder each trip away century discussion', '2021-11-08');
INSERT INTO post_comments (id, post_id, commenter_id, message, created) VALUES (1, 98, 11, 'street than fight it meeting next live although board home. blue instead too everyone before executive tax its lead past bad mention. believe wide since low see real people town owner they people item outside under hotel image short professor over indicate baby yourself mind sense hit play article available form decade present science statement', '2021-10-26');
INSERT INTO post_comments (id, post_id, commenter_id, message, created) VALUES (2, 98, 13, 'ok fact. adult probably war culture board by star program product indicate true discussion idea six war century close guess throughout sell by blue. use end type hot kitchen consumer kid section score position', '2021-11-02');
INSERT INTO user_likes (user_id, post_id) VALUES (42, 98);
INSERT INTO user_likes (user_id, post_id) VALUES (35, 98);
INSERT INTO user_likes (user_id, post_id) VALUES (29, 98);
INSERT INTO user_likes (user_id, post_id) VALUES (38, 98);
INSERT INTO user_likes (user_id, post_id) VALUES (49, 98);
INSERT INTO user_likes (user_id, post_id) VALUES (34, 98);
INSERT INTO user_likes (user_id, post_id) VALUES (61, 98);
INSERT INTO user_likes (user_id, post_id) VALUES (14, 98);
INSERT INTO user_likes (user_id, post_id) VALUES (54, 98);
INSERT INTO user_likes (user_id, post_id) VALUES (65, 98);
INSERT INTO user_likes (user_id, post_id) VALUES (67, 98);
INSERT INTO posts (id, poster_id, title, body, created) VALUES (99, 1, 'enjoy later yes', 'discover mind American address him point among small sort gun. product. movement worry hard conference you return road seven officer body physical black popular give inside tonight treatment arm wait quickly trip admit white page level sea might sport whatever research mention direction economic. good officer who paper two ahead alone sell huge. perhaps yard final feel spring pretty unit art environment why tax', '2021-10-28');
INSERT INTO post_comments (id, post_id, commenter_id, message, created) VALUES (0, 99, 25, 'eight see friend language level fly door skin say nice. western law when against officer article while company three little land senior week task in president language space check many eat plan step. accept area consider north maintain clear remain. tell play report late look all address involve able forget enjoy identify candidate. once later together behavior around drug career. some. campaign develop detail inside drug because ball drop finally phone quite that', '2021-11-03');
INSERT INTO post_comments (id, post_id, commenter_id, message, created) VALUES (1, 99, 66, 'no political learn front boy lead someone price science record task six particular trouble more pressure difference security hand work save system artist explain growth particular. expert without play others reach then star dream. have rock method blue staff home give month white expect. leave economy television performance answer environmental girl task follow feel mission statement environment series discover. south notice nor space health pay role floor check memory stuff class kid full add life tell fire film. impact nor me method world indicate simply gun find according side many because professional. entire. today brother', '2021-11-08');
INSERT INTO post_comments (id, post_id, commenter_id, message, created) VALUES (2, 99, 60, 'management report yard agency anyone answer evidence generation clearly good color clearly be. write spring born stock bill pretty analysis trip good southern various glass but practice truth face vote son of current data after small third population choice enough establish at easy pass represent happen brother capital line win analysis station discussion law bill doctor class easy rule professional PM group base career four exactly trade instead series cup society carry weight them.', '2021-11-01');
INSERT INTO post_comments (id, post_id, commenter_id, message, created) VALUES (3, 99, 55, 'away husband add amount radio build center arm. follow hospital time around range case specific debate. police. happy believe color life student fund discover radio authority project operation defense miss answer wish relate long car meeting music relationship however I condition democratic line alone wind service power town only animal hand natural hour think walk single with. world a. pay long together second poor stage strategy face newspaper itself', '2021-11-04');
INSERT INTO post_comments (id, post_id, commenter_id, message, created) VALUES (4, 99, 24, 'deep deal can eight activity face. opportunity near manage base. station finally where hit machine drug protect. strategy person after determine time body along alone in animal. body central crime network father party record natural fill city. eight', '2021-10-28');
INSERT INTO post_comments (id, post_id, commenter_id, message, created) VALUES (5, 99, 40, 'leave city anything public. pay see concern truth point really relate every safe old data plant smile sport help hit represent material act process out then effort. argue magazine role party chair language look senior lot also', '2021-10-30');
INSERT INTO post_comments (id, post_id, commenter_id, message, created) VALUES (6, 99, 29, 'receive world make ever follow doctor chair week front my mother commercial other husband bed which food into summer box of never population week benefit occur. have but travel western mouth glass girl garden process bill. add source soon scene far president sell recent respond share process determine owner television by. say', '2021-10-30');
INSERT INTO post_comments (id, post_id, commenter_id, message, created) VALUES (7, 99, 10, 'trade majority local window picture attorney audience house type. billion military car traditional often ground form report boy fire follow along successful. year imagine. prove career blue product share film would list', '2021-11-06');
INSERT INTO user_likes (user_id, post_id) VALUES (6, 99);
INSERT INTO user_likes (user_id, post_id) VALUES (12, 99);
INSERT INTO user_likes (user_id, post_id) VALUES (0, 99);
INSERT INTO user_likes (user_id, post_id) VALUES (8, 99);
INSERT INTO user_likes (user_id, post_id) VALUES (5, 99);
INSERT INTO user_likes (user_id, post_id) VALUES (21, 99);
INSERT INTO user_likes (user_id, post_id) VALUES (72, 99);
INSERT INTO posts (id, poster_id, title, body, created) VALUES (100, 15, 'official nearly', 'yeah per movie less religious share level simply performance sea less keep senior eight interesting blood American activity arm way move ask director force deal marriage despite administration push open involve fast design defense cause upon level same. election. wonder majority country follow long audience open who perform. small officer travel visit social garden phone product rise perform people raise here sister already my capital try. town factor order other herself serve important firm', '2021-10-28');
INSERT INTO post_comments (id, post_id, commenter_id, message, created) VALUES (0, 100, 35, 'discuss we base street benefit catch else cell policy continue yourself away your personal country story goal treatment kid these represent draw last culture particular quite even result international store seven remain brother as card her animal help open. never threat section environmental task race water. still close sometimes writer step myself white would under area development meet involve record then alone win quite anything agent. minute. ok call hope about', '2021-11-08');
INSERT INTO post_comments (id, post_id, commenter_id, message, created) VALUES (1, 100, 74, 'individual report. body fast lose reality close table culture chair policy popular above particularly include way try so product as above certainly hard sure hour stock happen sign push', '2021-11-04');
INSERT INTO post_comments (id, post_id, commenter_id, message, created) VALUES (2, 100, 65, 'happen must citizen receive relate hair some political final visit only strategy imagine focus size chance two ground street gas point available voice tonight late mean seem health teacher fire look marriage southern positive PM seek happy only best model. marriage most who she police sort school', '2021-11-03');
INSERT INTO post_comments (id, post_id, commenter_id, message, created) VALUES (3, 100, 33, 'policy world occur western walk water whole out tend magazine difficult entire per sign than show forward Democrat yard direction. popular who seem than play long what include want just her production few training into field away son deep father make range floor drive', '2021-10-29');
INSERT INTO post_comments (id, post_id, commenter_id, message, created) VALUES (4, 100, 53, 'human level around government mouth long statement including social manage member else look level establish probably process never anyone example. dark the woman allow cause debate participant choose. five life address nearly', '2021-11-02');
INSERT INTO post_comments (id, post_id, commenter_id, message, created) VALUES (5, 100, 74, 'year friend approach blood condition table theory film couple begin collection himself stay board air able staff. painting edge choice wait still purpose however part western lay fall. but hear gun wife from world around likely entire election none pass source wait everyone from eye. wish bank police. just task threat design week forward federal send join born stand probably half return model never score where seat art either identify better once there art system ever environment alone class this past however. inside because spring else near without question. list popular model. wind sure nice news buy certainly.', '2021-10-31');
INSERT INTO post_comments (id, post_id, commenter_id, message, created) VALUES (6, 100, 18, 'federal take. perform phone chance agree view eye off institution hear. those phone least place movie laugh because think force character hundred the. operation system own similar decide structure another method. together play cold defense true book these region this southern body power. type size possible form race beat anything same can realize ahead free executive ok size seem. assume life. young time clearly.', '2021-11-04');
INSERT INTO post_comments (id, post_id, commenter_id, message, created) VALUES (7, 100, 43, 'top occur task bit well bed evening bring instead player somebody center ability as always top probably car peace turn trip defense. eye against suddenly free me alone act friend fire environment sign before economy as which about computer outside one physical already. accept general popular building dark effort understand stuff eight care exist view road. return represent radio training student staff degree audience figure responsibility despite call', '2021-11-07');
INSERT INTO post_comments (id, post_id, commenter_id, message, created) VALUES (8, 100, 50, 'option prepare road who all reflect civil religious doctor challenge discover but business environmental black eight. cultural build run forget myself people. assume message poor mission strategy article language on event purpose event claim difficult note go this occur interesting technology individual upon often Democrat. film poor president information right sign trial choose each front wear thing', '2021-10-31');
INSERT INTO post_comments (id, post_id, commenter_id, message, created) VALUES (9, 100, 1, 'college cultural attack you again remain crime. start human late clearly onto international mission wonder. mission song talk kitchen follow follow real perform. station arm east. federal two career year cultural some several professor true like political public time where assume. media above tend garden on itself list rise material challenge poor field create avoid civil help table bed moment live stay. continue. source choose his site return certainly. series bank system environment charge price forward eye. teacher throw Democrat article talk. gas assume huge tend simple religious experience state give someone still clear church of make smile why natural', '2021-11-02');
INSERT INTO user_likes (user_id, post_id) VALUES (5, 100);
INSERT INTO user_likes (user_id, post_id) VALUES (16, 100);
INSERT INTO user_likes (user_id, post_id) VALUES (57, 100);
INSERT INTO user_likes (user_id, post_id) VALUES (66, 100);
INSERT INTO user_likes (user_id, post_id) VALUES (68, 100);
INSERT INTO user_likes (user_id, post_id) VALUES (18, 100);
INSERT INTO posts (id, poster_id, title, body, created) VALUES (101, 54, 'fight owner ask', 'land kind party so machine rich teacher magazine. parent painting both myself trial school. drop million lead third notice box small alone memory degree moment future by election lot much show card ask chance their reveal sound offer agent station food safe seat main success south attention receive single subject girl show somebody dark last production source maintain. lay get risk memory', '2021-11-06');
INSERT INTO post_comments (id, post_id, commenter_id, message, created) VALUES (0, 101, 8, 'kind movie. old will thing beautiful above quality international change quickly lead accept leg friend best without wall community another born specific there account a mention experience clear almost store front trouble. section since edge he', '2021-11-08');
INSERT INTO post_comments (id, post_id, commenter_id, message, created) VALUES (1, 101, 73, 'interview president bill want town life prove put begin effect likely direction. that recognize direction decide visit lot conference national particular amount very describe interesting. business partner under all. true practice democratic produce. pay nation old bad her life do. president number avoid raise window require. most able career. individual. music two force pull senior many read past bed rise white threat edge quickly whom school street current stage significant glass memory accept computer stage fill able section chance concern give knowledge represent type member along suggest industry wall. reality number. magazine yes leave. region which. bar', '2021-11-07');
INSERT INTO post_comments (id, post_id, commenter_id, message, created) VALUES (2, 101, 36, 'to floor win walk full expert citizen minute poor top become occur sign in yet response art single style manager nation drive present benefit western recently conference chair put decision class open particular clearly degree space center back image for face become', '2021-11-08');
INSERT INTO post_comments (id, post_id, commenter_id, message, created) VALUES (3, 101, 53, 'station nature source key stop back drive for over describe change bring deal several team school end. best expert play raise least on take record move score range shake phone car half case necessary recognize newspaper want. back look else quickly his about middle role security various hundred why fly strong cover sense cause. commercial. training be class well law kind respond miss. area. drive', '2021-11-06');
INSERT INTO post_comments (id, post_id, commenter_id, message, created) VALUES (4, 101, 20, 'risk. only lay few. answer nearly message have agent quickly short enter arrive least. various from thousand suffer collection staff his smile identify collection design measure real week alone down talk our edge son strategy including. special. quality visit movement war even staff your behavior thank describe maybe capital run alone least story stage lose realize this work ball middle hospital realize method discuss sing thank approach', '2021-11-06');
INSERT INTO post_comments (id, post_id, commenter_id, message, created) VALUES (5, 101, 5, 'financial money leader rather reflect second. social about suffer lay practice mother care per explain matter hour pressure cut protect ok the between cell. institution save could take clearly offer nothing Mrs card smile goal natural. receive offer front. institution truth walk plan scientist pull bed letter occur describe teach wish whom majority serve though grow difficult painting stand me animal great account black statement spend born season ask treatment officer forward nation bag maybe read everything campaign work away cultural professor article next', '2021-11-06');
INSERT INTO post_comments (id, post_id, commenter_id, message, created) VALUES (6, 101, 39, 'key hold notice war science use. type show easy guy few ball off begin well small church response tell environment nature everybody fire task audience. age scientist including product least phone', '2021-11-06');
INSERT INTO post_comments (id, post_id, commenter_id, message, created) VALUES (7, 101, 49, 'almost play defense television argue step strategy through wish these newspaper continue. real site task a character network particularly election too. itself behavior better huge understand. another building significant someone size us imagine ahead again arm whatever', '2021-11-06');
INSERT INTO user_likes (user_id, post_id) VALUES (44, 101);
INSERT INTO user_likes (user_id, post_id) VALUES (25, 101);
INSERT INTO user_likes (user_id, post_id) VALUES (36, 101);
INSERT INTO posts (id, poster_id, title, body, created) VALUES (102, 74, 'arrive technology far you', 'trip some me sing we attack serve watch amount trial commercial reach threat southern economic scientist thus compare reduce natural. represent modern. five campaign be safe. nor believe. majority possible. paper director discover line without Democrat pull consider generation generation administration board turn food very property TV believe maintain push close example reason bag indeed ok', '2021-11-04');
INSERT INTO post_comments (id, post_id, commenter_id, message, created) VALUES (0, 102, 63, 'often eight but run good speech two theory not. fast pull organization. sure land still notice image challenge out however. training election nothing imagine goal pressure you. matter week science these. environmental tax challenge social son child listen. animal order whatever consider really. doctor such blood something', '2021-11-07');
INSERT INTO post_comments (id, post_id, commenter_id, message, created) VALUES (1, 102, 0, 'item behavior citizen even me commercial party field that majority challenge probably sit road phone create difference thank upon chance take discover ok understand inside book recognize very entire final particularly develop include conference may investment effort purpose need billion generation factor people each per we well room admit argue third she one rather same sell good modern. plant coach gun get magazine people boy baby gun age', '2021-11-05');
INSERT INTO post_comments (id, post_id, commenter_id, message, created) VALUES (2, 102, 10, 'because student prove seat activity scene capital recent look some me social up study first. town board down until boy happen old finish officer plan fish visit heavy walk finish property everybody option drive during option simply east physical country blue human suggest. alone relate what indeed across money popular approach pay everything look prepare whom', '2021-11-05');
INSERT INTO post_comments (id, post_id, commenter_id, message, created) VALUES (3, 102, 39, 'fire live evidence next direction term soldier hold notice memory professional. on like Mrs travel great people page change computer sometimes memory box floor all white yourself respond. energy. blood page remember across reveal week market business teach product short enter white reach allow information few. how. go. perform day. their community impact build free employee look establish interview pull serve watch computer only early president grow guess heart. budget become long. both smile machine. machine million season man light old', '2021-11-08');
INSERT INTO post_comments (id, post_id, commenter_id, message, created) VALUES (4, 102, 16, 'policy race quality wind visit position court shake entire over significant company past read bill sometimes pressure drop in reality owner concern young security girl arm best ground line. work environment small clear raise station whom themselves indeed for security beyond heavy commercial. contain even worker line public table successful natural statement entire figure challenge sport dream', '2021-11-08');
INSERT INTO posts (id, poster_id, title, body, created, last_edited) VALUES (103, 41, 'fast writer', 'send lead let edge lead campaign call style remember yard answer glass discover show sometimes idea country leave spend tell treat class able attorney expect notice car. oil day follow east find likely ask company early. best imagine treatment. after see. range I. serious discussion wall herself company trouble which with window. tell give play enough thought certain bit director long away major almost food young three especially', '2021-10-13', '2021-10-23');
INSERT INTO post_comments (id, post_id, commenter_id, message, created) VALUES (0, 103, 11, 'mission plant young return interview trade southern remain plan whole need sound catch appear fear agent. above writer three color economy break over no should born become table successful. bar fill another thank environment maintain card wonder concern letter tonight art special your wide poor I. report drive think appear fine value others through three seat same water reflect reason fall add want north see type house goal. paper maybe. mission price operation lose other animal debate big', '2021-10-20');
INSERT INTO post_comments (id, post_id, commenter_id, message, created) VALUES (1, 103, 62, 'foot memory these listen. woman least economic after loss answer reach long design fact appear later room key particularly main teacher with. performance. argue media consumer color up feel black life hold thus speak family animal. experience quality hope between spend four one sure player generation receive study right major dark control important difficult rate produce doctor technology spring. for east suggest suggest laugh interest everybody ever drop such wife character official great far', '2021-11-08');
INSERT INTO post_comments (id, post_id, commenter_id, message, created) VALUES (2, 103, 50, 'everybody wind worry ask total movie many. small develop box today only. democratic today sort watch. natural them idea until choice suffer. cup high later tough. rather indicate offer. field card Democrat day. evidence size rest blue. control argue most mind compare include responsibility many number me two buy officer modern view make. happen cell ten wide money expect resource run late', '2021-11-07');
INSERT INTO user_likes (user_id, post_id) VALUES (45, 103);
INSERT INTO user_likes (user_id, post_id) VALUES (0, 103);
INSERT INTO user_likes (user_id, post_id) VALUES (2, 103);
INSERT INTO user_likes (user_id, post_id) VALUES (68, 103);
INSERT INTO user_likes (user_id, post_id) VALUES (28, 103);
INSERT INTO user_likes (user_id, post_id) VALUES (60, 103);
INSERT INTO user_likes (user_id, post_id) VALUES (1, 103);
INSERT INTO user_likes (user_id, post_id) VALUES (14, 103);
INSERT INTO user_likes (user_id, post_id) VALUES (57, 103);
INSERT INTO user_likes (user_id, post_id) VALUES (13, 103);
INSERT INTO posts (id, poster_id, title, body, created) VALUES (104, 53, 'baby build explain number', 'like music wife safe economic step half often each center write answer color section bill identify buy effort wish report anything fire on sure effect challenge which anything million American fine', '2021-10-30');
INSERT INTO user_likes (user_id, post_id) VALUES (21, 104);
INSERT INTO user_likes (user_id, post_id) VALUES (36, 104);
INSERT INTO user_likes (user_id, post_id) VALUES (56, 104);
INSERT INTO user_likes (user_id, post_id) VALUES (57, 104);
INSERT INTO user_likes (user_id, post_id) VALUES (22, 104);
INSERT INTO user_likes (user_id, post_id) VALUES (23, 104);
INSERT INTO user_likes (user_id, post_id) VALUES (18, 104);
INSERT INTO user_likes (user_id, post_id) VALUES (71, 104);
INSERT INTO user_likes (user_id, post_id) VALUES (68, 104);
INSERT INTO user_likes (user_id, post_id) VALUES (6, 104);
INSERT INTO user_likes (user_id, post_id) VALUES (0, 104);
INSERT INTO user_likes (user_id, post_id) VALUES (40, 104);
INSERT INTO user_likes (user_id, post_id) VALUES (7, 104);
INSERT INTO posts (id, poster_id, title, body, created) VALUES (105, 54, 'ever arrive', 'produce politics feeling identify white treatment contain teacher consider thank reduce never sit writer article star positive charge peace inside modern yet. note collection every base fear director difference some first think sense approach religious nice nice vote change describe although garden. financial station drive big special wonder choose before technology from any board least answer cause chance pay take effort my could until significant remain ok put enter', '2021-10-31');
INSERT INTO post_comments (id, post_id, commenter_id, message, created) VALUES (0, 105, 44, 'mission month require least other born agency already house let husband pick exist prepare money adult task decade. indicate player form. hit out my goal exist collection attack him along lead several house tough operation ten yeah early together foot far land thing west rich senior two son yourself media whose general own physical teacher on notice yes stage. part much cup fine quite group myself. bag follow contain threat job almost cover dark size. here raise sea however senior special myself he', '2021-11-02');
INSERT INTO post_comments (id, post_id, commenter_id, message, created) VALUES (1, 105, 52, 'should talk step. concern. film economic quality while writer evening federal child decision view program say million not good reveal answer Republican here both five along girl fight check such ask behavior remain professor in seat run security news star away light difficult later property get. group daughter compare step someone although their only along should speak sell how need investment herself central per cultural meet room pressure stay control. before. turn tough star traditional continue culture center manage account. black pretty research watch get painting finish thousand. fill show new wind', '2021-11-06');
INSERT INTO post_comments (id, post_id, commenter_id, message, created) VALUES (2, 105, 22, 'this send major side. authority report. window join talk suffer high. represent cover cultural guy project imagine soldier save last. can. when participant. down appear miss best relate yourself special service everyone star water employee same. support trade research task traditional somebody most more. my walk Democrat value across language million. wish stay bit. indicate plant ready cover still recently once fire use early image later off morning later relate her nearly position wear teacher key road water test point your person become against', '2021-11-02');
INSERT INTO post_comments (id, post_id, commenter_id, message, created) VALUES (3, 105, 34, 'nor agree approach no smile leader generation. nearly owner have focus true. degree actually. view woman act use cut use civil major. color personal know my career result surface reason before contain approach year expect hear trial until big new once risk direction foot allow visit', '2021-11-01');
INSERT INTO posts (id, poster_id, title, body, created, last_edited) VALUES (106, 36, 'Mrs lay personal', 'bar glass place society third forward accept. training natural experience man police nice water building assume. reveal though. interest difficult cover cultural child occur all international position whatever. term travel against impact than left. walk win child free public ground prepare back attack bit necessary structure catch many order boy foot they including special majority easy floor couple our big house do nothing respond project marriage keep show whose the leg', '2021-10-10', '2021-10-24');
INSERT INTO post_comments (id, post_id, commenter_id, message, created) VALUES (0, 106, 10, 'study. cold writer condition race together nation table build real successful fund watch. TV approach everyone teacher occur team these cost air my while position resource left control current reflect usually book politics find per director move girl parent country never support sometimes kid enter realize ground north off drive. national mind inside since yeah social measure store step', '2021-10-31');
INSERT INTO user_likes (user_id, post_id) VALUES (19, 106);
INSERT INTO user_likes (user_id, post_id) VALUES (12, 106);
INSERT INTO user_likes (user_id, post_id) VALUES (70, 106);
INSERT INTO user_likes (user_id, post_id) VALUES (29, 106);
INSERT INTO user_likes (user_id, post_id) VALUES (68, 106);
INSERT INTO user_likes (user_id, post_id) VALUES (17, 106);
INSERT INTO user_likes (user_id, post_id) VALUES (69, 106);
INSERT INTO user_likes (user_id, post_id) VALUES (43, 106);
INSERT INTO user_likes (user_id, post_id) VALUES (60, 106);
INSERT INTO user_likes (user_id, post_id) VALUES (21, 106);
INSERT INTO user_likes (user_id, post_id) VALUES (64, 106);
INSERT INTO user_likes (user_id, post_id) VALUES (62, 106);
INSERT INTO user_likes (user_id, post_id) VALUES (58, 106);
INSERT INTO user_likes (user_id, post_id) VALUES (61, 106);
INSERT INTO user_likes (user_id, post_id) VALUES (45, 106);
INSERT INTO user_likes (user_id, post_id) VALUES (1, 106);
INSERT INTO posts (id, poster_id, title, body, created) VALUES (107, 74, 'responsibility decade last', 'country sometimes eight require item sometimes town tonight upon wonder put finish situation something open. something my. can man film which that specific TV member add change trade attention meet father include cold discuss never soon there industry kid nothing significant work kind protect event town product especially view add again career behavior draw resource.', '2021-10-25');
INSERT INTO post_comments (id, post_id, commenter_id, message, created) VALUES (0, 107, 6, 'often air authority wear gun play final gun key present drive participant industry interview how live money push successful there live person writer style which bring leave public own human those bag level owner', '2021-11-04');
INSERT INTO post_comments (id, post_id, commenter_id, message, created) VALUES (1, 107, 61, 'back allow direction late better receive system material. part determine mission option send model range. different today recognize establish choose recently be stand until happy. result religious. wall end agree success order truth more eat newspaper choice sing. son woman window commercial. share seat future black north Democrat draw though audience about hair around know world walk chair nice thing. sell worry last share rest book season quickly partner simple station letter necessary suffer start according member.', '2021-11-02');
INSERT INTO post_comments (id, post_id, commenter_id, message, created) VALUES (2, 107, 14, 'water under free smile society film admit material research market. chance new society response read ball join close tell benefit step hope effort. western figure respond spring religious friend industry. son relate grow away serve Mrs source him politics forward maintain arm own much task government at show first later public night participant individual late drug commercial arm Republican receive analysis level beat course huge weight role', '2021-11-01');
INSERT INTO post_comments (id, post_id, commenter_id, message, created) VALUES (3, 107, 50, 'star large phone again. range account. can book not team pay think wonder take customer after low tax foot likely themselves here throw against year finish off. after west live cultural today what all', '2021-11-06');
INSERT INTO post_comments (id, post_id, commenter_id, message, created) VALUES (4, 107, 27, 'discuss against edge. stage same move partner. process factor former box west skin meet perhaps want summer nice now picture. base in drug human product price minute toward long have tough shake. social lawyer record decide very candidate radio investment understand outside necessary knowledge hot this training shake interesting section community appear drug ten why never reduce do every. certain describe listen money act its culture however reach experience people financial music. include break serve possible within set appear war even. let. month plan management kitchen beyond fly modern black involve fact better', '2021-10-29');
INSERT INTO post_comments (id, post_id, commenter_id, message, created) VALUES (5, 107, 24, 'pattern. it nature recently writer. stop ball significant option when quickly season main key happen wide concern. along say determine base keep air stay direction final would economic firm event decide. participant', '2021-11-01');
INSERT INTO post_comments (id, post_id, commenter_id, message, created) VALUES (6, 107, 57, 'surface environment least source including thus year experience people attack culture sport our wait world themselves building without of fire floor mean fall floor prevent thank process bar beyond what they either beyond decide heart money. plan movie participant half value ball join build standard each compare then able speak low receive. determine generation chair either use although western rather probably. drive across people relate front activity this yeah family oil voice east of look computer', '2021-11-04');
INSERT INTO post_comments (id, post_id, commenter_id, message, created) VALUES (7, 107, 11, 'this. factor stop surface customer before challenge population type dream firm common the especially finish special usually agree imagine raise away price current moment kid sister heavy. level respond yet amount process around poor recent daughter particular sound remain upon economy. yes base thus oil admit suffer instead leader kid probably another our material miss bar whose. read let. side type long different. write man reach list seek despite green go agree customer evening', '2021-10-27');
INSERT INTO post_comments (id, post_id, commenter_id, message, created) VALUES (8, 107, 60, 'religious subject government president customer air for read along consumer ball trial easy decade plan property expect material describe hundred all unit thank increase who former shoulder sense role turn take quickly class whole light college become point issue above what present box then budget environment. consumer. life thus girl', '2021-10-28');
INSERT INTO post_comments (id, post_id, commenter_id, message, created) VALUES (9, 107, 67, 'often from professor believe phone drop million window sense field quality certain here describe technology charge its must beyond billion success seem difference pattern cultural enter popular down win claim low what someone seem phone itself include enjoy week early available amount ok Republican close board air think begin many hundred series side box appear picture military trial prepare management usually politics draw little final generation cost yet more also guy well guy require someone anyone few situation hair these. nation write evening. head wait answer authority worker be', '2021-10-25');
INSERT INTO user_likes (user_id, post_id) VALUES (45, 107);
INSERT INTO user_likes (user_id, post_id) VALUES (57, 107);
INSERT INTO user_likes (user_id, post_id) VALUES (39, 107);
INSERT INTO user_likes (user_id, post_id) VALUES (68, 107);
INSERT INTO user_likes (user_id, post_id) VALUES (60, 107);
INSERT INTO user_likes (user_id, post_id) VALUES (38, 107);
INSERT INTO user_likes (user_id, post_id) VALUES (59, 107);
INSERT INTO user_likes (user_id, post_id) VALUES (62, 107);
INSERT INTO user_likes (user_id, post_id) VALUES (9, 107);
INSERT INTO user_likes (user_id, post_id) VALUES (6, 107);
INSERT INTO user_likes (user_id, post_id) VALUES (16, 107);
INSERT INTO user_likes (user_id, post_id) VALUES (21, 107);
INSERT INTO user_likes (user_id, post_id) VALUES (26, 107);
INSERT INTO user_likes (user_id, post_id) VALUES (63, 107);
INSERT INTO user_likes (user_id, post_id) VALUES (7, 107);
INSERT INTO user_likes (user_id, post_id) VALUES (54, 107);
INSERT INTO posts (id, poster_id, title, body, created) VALUES (108, 48, 'medical section apply', 'three four view certainly watch almost city down cultural quickly ahead likely kitchen economy room break what there south security especially. station let place night argue front race man attorney action total cold morning environment special agent', '2021-10-25');
INSERT INTO post_comments (id, post_id, commenter_id, message, created) VALUES (0, 108, 8, 'main indeed tend agent concern let report serve after use water perhaps. realize. per everybody sister task mouth pass million eat long eight stuff third beautiful seem key carry professional return conference fly contain push Democrat set rest would case thank last position stand stage adult possible kid single imagine. give nor stand address commercial they for clear across although politics indeed approach such test. part collection within thus foot ready air above key including we half trial happy', '2021-11-01');
INSERT INTO post_comments (id, post_id, commenter_id, message, created) VALUES (1, 108, 9, 'task how watch skin each about produce allow. late for security especially meeting less particularly down activity low risk trial understand those address hear face increase former responsibility idea born number past south same end cut see area risk often between media tend the must again again serve. within or alone line.', '2021-11-01');
INSERT INTO post_comments (id, post_id, commenter_id, message, created) VALUES (2, 108, 7, 'full city debate behind politics old find difficult recognize skin test customer system perhaps Democrat add physical fly ball education. deal light region pick medical after tough big Mrs church. together on short. forward remember he. himself friend health maybe mention question including miss hand challenge happy generation someone open radio job spend education about Republican beat positive fill detail whole general meet miss. agreement position however. certain individual inside civil decision city night walk choice thus firm institution. guy', '2021-11-04');
INSERT INTO post_comments (id, post_id, commenter_id, message, created) VALUES (3, 108, 43, 'culture property fact next instead it glass enough mean upon hot threat. heavy light anything future. manage life film body anyone lead arrive maybe provide word when. state author white stay listen ask director grow early his. ability upon executive ground Republican explain population owner matter. strong discuss whole difference year its. single successful skill majority arrive between easy after eye owner drive treat national the ok baby staff forget early value join perhaps although follow main. edge performance data others evening easy discover move middle book see have. in employee hundred enter nearly blue article card what view', '2021-10-25');
INSERT INTO post_comments (id, post_id, commenter_id, message, created) VALUES (4, 108, 43, 'fact four ahead yes compare tax next affect lawyer what decade think page well. themselves ok class tough foreign end door consider local theory likely later doctor bed often call impact. year head behavior small message moment brother create issue space behavior summer beyond fire institution forward husband where. talk. trouble per member happen. money. check oil tax why. song check might PM much person attorney member brother still instead help recognize still unit. her teach guess professor he community increase. true idea camera war ahead street agent. would', '2021-11-01');
INSERT INTO post_comments (id, post_id, commenter_id, message, created) VALUES (5, 108, 71, 'economy space picture half discuss mother ball discussion family save even while than. today. newspaper up happen official method traditional middle find quality go edge everyone shake. doctor. last town against southern take likely high interesting time majority someone choice natural late type of several white model', '2021-10-27');
INSERT INTO post_comments (id, post_id, commenter_id, message, created) VALUES (6, 108, 19, 'everyone contain idea television able admit develop collection address better point carry foreign product hope arm. many question attention marriage within day top brother. source. increase avoid authority apply. experience test generation card always wall state here by ten. interview lose onto soon nothing anyone information generation painting. dream past drive back trade site thus name near care and. hear history life else. while. improve focus chair onto character support two quickly treat two economic special impact. husband recognize', '2021-11-07');
INSERT INTO post_comments (id, post_id, commenter_id, message, created) VALUES (7, 108, 25, 'if also attack past skill catch quickly speech fall plan down population. huge show religious fill executive nature require great. game. role myself response operation consider memory from positive home even treatment word civil idea situation', '2021-11-01');
INSERT INTO post_comments (id, post_id, commenter_id, message, created) VALUES (8, 108, 32, 'western available choose stand course start. natural offer former author outside out. film responsibility although health. right eat send close game usually artist medical car. there.', '2021-11-02');
INSERT INTO post_comments (id, post_id, commenter_id, message, created) VALUES (9, 108, 16, 'relate. weight. anyone woman discuss without choose those hold card story sound option lose who set along especially sing far position against since name board. special next school leave play ball become. interview last either. region everyone check. he few major big job why road guy off strong final condition series south Congress perhaps two card should their. whatever federal may away election first there age article director along laugh painting through near include onto money sound include give before research address suggest Democrat student find want station bank yet power south me wear no nature', '2021-10-31');
INSERT INTO user_likes (user_id, post_id) VALUES (14, 108);
INSERT INTO user_likes (user_id, post_id) VALUES (30, 108);
INSERT INTO user_likes (user_id, post_id) VALUES (56, 108);
INSERT INTO user_likes (user_id, post_id) VALUES (54, 108);
INSERT INTO posts (id, poster_id, title, body, created) VALUES (109, 39, 'dark yet pick happen', 'follow play citizen across college development wonder camera face fall ago office agree my example medical drug wife difference. relationship. loss tonight soon team ball radio best amount require situation general affect PM race discuss yes environment agree parent success leg husband fund option left good whose indicate almost mean itself social night cover consider job chair of. share foreign other adult rich court improve writer audience expect little sound loss today prove officer note establish between west model officer federal ground. grow assume those probably check teach also pretty well. feel certainly buy nation save', '2021-10-24');
INSERT INTO post_comments (id, post_id, commenter_id, message, created) VALUES (0, 109, 49, 'in opportunity son great event office grow I room be almost seek any federal series beyond TV already ready myself learn edge. exist plant successful statement arm simple less laugh perform final should stock politics manager situation hand turn cultural appear off begin play reduce mind cup month write become cost small animal service break begin single collection peace me. common maybe while talk town life like wind those various anything rest. medical anyone. north peace several government recently wear me', '2021-10-30');
INSERT INTO post_comments (id, post_id, commenter_id, message, created) VALUES (1, 109, 0, 'three painting government assume. provide lawyer find pressure hard as stage crime fill image wind performance today foot southern them unit suggest. right city lose arrive full against it of begin fly factor poor laugh century focus sport west loss', '2021-10-29');
INSERT INTO post_comments (id, post_id, commenter_id, message, created) VALUES (2, 109, 56, 'magazine return back order situation age morning guy sea fact care forward call prepare several hard its win memory list room keep government method be reveal news no themselves her over four evidence example couple. either building. especially political dream exist. summer simple sing central here town long during site free board probably last represent reflect. training. up professional his team here. camera like treat television remain air spring agent figure design stop audience high. difficult difference bag traditional clear environment yeah back understand. already those employee performance serve thousand sound', '2021-11-04');
INSERT INTO user_likes (user_id, post_id) VALUES (58, 109);
INSERT INTO user_likes (user_id, post_id) VALUES (7, 109);
INSERT INTO user_likes (user_id, post_id) VALUES (71, 109);
INSERT INTO user_likes (user_id, post_id) VALUES (30, 109);
INSERT INTO posts (id, poster_id, title, body, created) VALUES (110, 54, 'respond treatment similar', 'only capital know talk realize main consider air its now east skill financial detail theory guess area where necessary century travel age four personal billion alone itself culture run me word country wall operation must individual. if leave finish everyone well without action your glass accept popular American air head once scene admit whatever available there knowledge past shoulder we', '2021-10-17');
INSERT INTO user_likes (user_id, post_id) VALUES (67, 110);
INSERT INTO user_likes (user_id, post_id) VALUES (39, 110);
INSERT INTO user_likes (user_id, post_id) VALUES (34, 110);
INSERT INTO user_likes (user_id, post_id) VALUES (10, 110);
INSERT INTO user_likes (user_id, post_id) VALUES (6, 110);
INSERT INTO user_likes (user_id, post_id) VALUES (15, 110);
INSERT INTO user_likes (user_id, post_id) VALUES (32, 110);
INSERT INTO user_likes (user_id, post_id) VALUES (72, 110);
INSERT INTO user_likes (user_id, post_id) VALUES (26, 110);
INSERT INTO user_likes (user_id, post_id) VALUES (55, 110);
INSERT INTO user_likes (user_id, post_id) VALUES (44, 110);
INSERT INTO user_likes (user_id, post_id) VALUES (18, 110);
INSERT INTO user_likes (user_id, post_id) VALUES (41, 110);
INSERT INTO user_likes (user_id, post_id) VALUES (66, 110);
INSERT INTO user_likes (user_id, post_id) VALUES (35, 110);
INSERT INTO user_likes (user_id, post_id) VALUES (36, 110);
INSERT INTO posts (id, poster_id, title, body, created) VALUES (111, 9, 'choice alone', 'but choice act. economic remember some entire machine former type after move development many word focus certain look might. sit majority write serve available involve term expect quickly', '2021-10-28');
INSERT INTO user_likes (user_id, post_id) VALUES (59, 111);
INSERT INTO user_likes (user_id, post_id) VALUES (69, 111);
INSERT INTO posts (id, poster_id, title, body, created) VALUES (112, 74, 'sound character', 'ready quickly what discuss tonight amount. structure might walk type call these make when finally service seem data. affect executive fast shake change respond data care within wall down authority. line agree development', '2021-10-23');
INSERT INTO post_comments (id, post_id, commenter_id, message, created) VALUES (0, 112, 69, 'improve local rise body staff doctor his own ask stay teach industry remain job right risk federal mouth option both provide know mention. me statement can effort the star collection purpose middle almost let system glass focus then music develop energy pull health. perhaps second officer save issue indeed life itself as reduce resource whole camera national admit significant home federal improve paper degree treatment hotel line word fast account mission long ready several language leg site wrong worry. one', '2021-11-05');
INSERT INTO post_comments (id, post_id, commenter_id, message, created) VALUES (1, 112, 40, 'next ready begin pull nature run under current few. east to without must. mouth story serve hair meeting whether might computer. two century black third. message bed evening physical region president including occur nor very quite report analysis a data everybody build various kind old hospital born north only dream near term lay low top score trouble necessary social few PM. happen issue executive painting beautiful change case response ready father security step news dog meet continue already list society people maybe you professional television quickly wife someone', '2021-11-02');
INSERT INTO post_comments (id, post_id, commenter_id, message, created) VALUES (2, 112, 30, 'design story past leg democratic cold assume court cultural bill pay successful. trip base land painting imagine business star let player could cause she yes drop attorney charge season movie', '2021-10-30');
INSERT INTO post_comments (id, post_id, commenter_id, message, created) VALUES (3, 112, 0, 'husband brother wonder if gun capital challenge career. consider happen art factor again reach focus their before radio occur wind. hospital suddenly job hour quickly expect not beautiful environmental eye bar above officer help after receive town. tough line news spend. town hot use bed red. color. rest network claim account provide good bed. party technology magazine north source either', '2021-10-27');
INSERT INTO post_comments (id, post_id, commenter_id, message, created) VALUES (4, 112, 37, 'detail deep city win season improve out foot very trade hard model another send look. someone by address their group put one whether individual able finish entire save participant event success raise everything relate option chair reach enter laugh such between seat run less budget real else. again sport defense home radio. store newspaper enjoy often much name head success daughter player fine future word space black trial fish decide. stage marriage. never source project guess day story best reveal.', '2021-10-29');
INSERT INTO post_comments (id, post_id, commenter_id, message, created) VALUES (5, 112, 69, 'list standard as policy doctor believe sister without stand fast program will alone happen yourself class father risk family get employee field use game significant fact west with. value north modern when report act voice oil group drop doctor member picture former trial forget reflect day choice floor age turn assume compare bank difference material civil play author art she budget the occur catch energy rather still', '2021-10-28');
INSERT INTO post_comments (id, post_id, commenter_id, message, created) VALUES (6, 112, 15, 'enjoy go figure there church safe age. against decade evening inside property the traditional generation matter exist run information short skin impact training although source can over current raise. may above wall become news stuff radio. create interesting entire. race response term standard use would. tough career individual exist religious she wall role stuff. tonight director claim than democratic. collection around play. any stay night. federal but. maintain understand reason night line audience. account tonight size look Mr strategy discuss everything compare recognize west far stage also identify Congress a day. event today trade individual include rise perhaps', '2021-10-27');
INSERT INTO post_comments (id, post_id, commenter_id, message, created) VALUES (7, 112, 34, 'let site image peace mention begin face represent dark difficult leader not here onto real human. quite whom politics get truth growth visit month power nor can including company look or work and level anyone number whether once big tend town daughter physical include Mr purpose myself quality bed mouth program expert black huge their friend guess security. oil poor lot get quickly these senior treat dream let assume whatever trade teacher machine interview. number recently change rock expect these nature central national sure sometimes back star main. attorney and bit mean relate environmental on real marriage my. study star', '2021-11-07');
INSERT INTO user_likes (user_id, post_id) VALUES (25, 112);
INSERT INTO user_likes (user_id, post_id) VALUES (44, 112);
INSERT INTO user_likes (user_id, post_id) VALUES (52, 112);
INSERT INTO user_likes (user_id, post_id) VALUES (49, 112);
INSERT INTO user_likes (user_id, post_id) VALUES (8, 112);
INSERT INTO user_likes (user_id, post_id) VALUES (18, 112);
INSERT INTO user_likes (user_id, post_id) VALUES (14, 112);
INSERT INTO user_likes (user_id, post_id) VALUES (16, 112);
INSERT INTO user_likes (user_id, post_id) VALUES (21, 112);
INSERT INTO user_likes (user_id, post_id) VALUES (28, 112);
INSERT INTO posts (id, poster_id, title, body, created) VALUES (113, 45, 'there clear', 'important town view have business these program kid include feeling he room issue present say foot none clearly store only if possible heavy either particular sure natural different forward factor hold them time size instead learn hit avoid', '2021-10-11');
INSERT INTO post_comments (id, post_id, commenter_id, message, created) VALUES (0, 113, 18, 'know knowledge. give. house structure plant travel almost red outside start feeling daughter class maintain law technology want once. upon. knowledge road growth thousand. network sport few side research past administration cut wrong natural who body capital itself their team mention citizen walk sometimes mean change practice gas behind loss room bed. hair turn most almost candidate type across thing miss sing plan where same human type he fight produce fast crime participant threat threat true will campaign each book career', '2021-10-19');
INSERT INTO post_comments (id, post_id, commenter_id, message, created) VALUES (1, 113, 14, 'event argue nothing never position clearly ability play human skill compare talk sort just we administration standard language hospital Congress. when eight believe environmental large someone effect face table either number picture man someone standard then high send area short simple sport point onto put trade idea pay rate approach trouble forget on ever future you computer ground seven baby attack group six little. now prevent develop computer school those', '2021-10-15');
INSERT INTO posts (id, poster_id, title, body, created) VALUES (114, 40, 'instead campaign', 'no rise prepare theory. lot heart group even hotel third of drive history buy explain call offer data few parent remain opportunity approach more western draw rather. specific model magazine far interview tough note control affect. trade suffer cover turn school green soldier officer same entire term', '2021-10-12');
INSERT INTO post_comments (id, post_id, commenter_id, message, created) VALUES (0, 114, 58, 'about great blood face. political challenge fire debate now story according base feeling and artist road vote sell table difficult her trouble into computer home health let eye bag really certain page all. benefit hair between almost rule think popular station visit police decision somebody vote before determine clearly street interesting', '2021-10-29');
INSERT INTO post_comments (id, post_id, commenter_id, message, created) VALUES (1, 114, 49, 'there. reason simply daughter which good as see candidate threat race everything family hard list table yeah chair read box edge government no use claim skin another give human hair institution purpose short health like car none fly drive already would success as. new father set door effect two spring. develop I me state coach like partner we case sound keep argue deep night on reality animal too purpose not yourself. board value still deal', '2021-10-27');
INSERT INTO post_comments (id, post_id, commenter_id, message, created) VALUES (2, 114, 50, 'figure however place suffer bed last little high citizen speech us effort production picture another report. attorney off wind business she six future chair right family respond easy significant according. six behind including message community citizen so', '2021-10-24');
INSERT INTO post_comments (id, post_id, commenter_id, message, created) VALUES (3, 114, 1, 'ability board recognize from general wrong vote professional ability treat data middle probably realize figure decision lawyer can line month spring total part professor music parent feel control society end thus have industry common eye friend. need too class provide wait specific laugh product personal inside skill capital. ball small management be think improve child together protect', '2021-10-14');
INSERT INTO post_comments (id, post_id, commenter_id, message, created) VALUES (4, 114, 29, 'identify peace. something both remain about foot own live wait hard public agreement environment only we whose generation score team field. nor detail more maybe risk song must your begin represent high region her letter these', '2021-10-19');
INSERT INTO user_likes (user_id, post_id) VALUES (56, 114);
INSERT INTO user_likes (user_id, post_id) VALUES (51, 114);
INSERT INTO user_likes (user_id, post_id) VALUES (32, 114);
INSERT INTO user_likes (user_id, post_id) VALUES (68, 114);
INSERT INTO user_likes (user_id, post_id) VALUES (34, 114);
INSERT INTO user_likes (user_id, post_id) VALUES (53, 114);
INSERT INTO user_likes (user_id, post_id) VALUES (3, 114);
INSERT INTO user_likes (user_id, post_id) VALUES (33, 114);
INSERT INTO user_likes (user_id, post_id) VALUES (30, 114);
INSERT INTO user_likes (user_id, post_id) VALUES (63, 114);
INSERT INTO user_likes (user_id, post_id) VALUES (16, 114);
INSERT INTO user_likes (user_id, post_id) VALUES (13, 114);
INSERT INTO user_likes (user_id, post_id) VALUES (24, 114);
INSERT INTO user_likes (user_id, post_id) VALUES (5, 114);
INSERT INTO user_likes (user_id, post_id) VALUES (14, 114);
INSERT INTO user_likes (user_id, post_id) VALUES (61, 114);
INSERT INTO user_likes (user_id, post_id) VALUES (0, 114);
INSERT INTO user_likes (user_id, post_id) VALUES (6, 114);
INSERT INTO user_likes (user_id, post_id) VALUES (15, 114);
INSERT INTO user_likes (user_id, post_id) VALUES (59, 114);
INSERT INTO user_likes (user_id, post_id) VALUES (46, 114);
INSERT INTO user_likes (user_id, post_id) VALUES (49, 114);
INSERT INTO user_likes (user_id, post_id) VALUES (48, 114);
INSERT INTO posts (id, poster_id, title, body, created) VALUES (115, 58, 'house two', 'rest continue development impact little ago idea among two line reflect. company before. question each agency southern democratic also federal how onto. run image join follow head resource effort want such successful future hundred figure deal child south cover deep view rock. such response collection per deal either scientist attack financial walk produce law significant certainly goal hundred leg likely modern threat economic', '2021-10-16');
INSERT INTO post_comments (id, post_id, commenter_id, message, created) VALUES (0, 115, 33, 'admit music north beautiful appear style same pressure tree environmental last near power ago reality point name call without fish sport follow or can set could approach nor baby rule. sense. money provide mean late tonight both daughter early whether office yeah institution evidence spring top those foreign himself employee rise ground point live particular matter series range parent when already more town away city. finally bar wear guess arrive middle personal public goal where leg. general lot story form hope away', '2021-10-20');
INSERT INTO post_comments (id, post_id, commenter_id, message, created) VALUES (1, 115, 47, 'cut month deal chance trade result quality baby training series window rather either assume stock fish. dinner music line yourself. course ever current before participant worker any by business with free last serious he western sing ever pay project change civil brother fall then book whole. sister whether. student nearly through fish stock feel one according edge rest draw hotel require fear stage choice then start. under. nature medical dark. idea action factor option my market hundred matter daughter network machine itself quality', '2021-10-22');
INSERT INTO post_comments (id, post_id, commenter_id, message, created) VALUES (2, 115, 3, 'eight yet stock peace positive develop toward. in pattern long concern enough. month to offer trouble pick part whose fear truth we year time out game quickly happy election within whose these. leg general exactly. always democratic growth yard physical others. too clear economy pass technology scientist he red fight its military pull. southern what chance minute old as top stop catch decade ask knowledge there institution guy summer window window star success defense born size training mean hundred evidence begin dog thus mother series bill education receive building yet become. certainly mind glass blood look apply. audience', '2021-11-08');
INSERT INTO user_likes (user_id, post_id) VALUES (45, 115);
INSERT INTO user_likes (user_id, post_id) VALUES (2, 115);
INSERT INTO user_likes (user_id, post_id) VALUES (43, 115);
INSERT INTO posts (id, poster_id, title, body, created) VALUES (116, 58, 'official hope force same', 'thought very wait majority usually among who instead trip seven economic however author would beat fight base serve question best above education pattern Mrs share thing any mention left stage apply return career eye mention war', '2021-10-14');
INSERT INTO post_comments (id, post_id, commenter_id, message, created) VALUES (0, 116, 70, 'surface raise there dream might every chair such whole let lose stock two from think outside increase think local per marriage fill responsibility that once consider opportunity newspaper could indicate help medical build career. business evening. all would include among source appear country project better arm threat store author agreement young policy. whatever these compare eye painting maintain anything feeling common conference available employee art trip less continue security face either kitchen clear anything crime hope to often cold employee under billion TV trouble. sometimes he college. pressure maybe standard story into population. require. book', '2021-10-31');
INSERT INTO post_comments (id, post_id, commenter_id, message, created) VALUES (1, 116, 0, 'civil choice game act total summer number exactly. evening time concern argue kitchen sometimes letter any run again rather work Congress expert especially last fire TV life fly teach fly positive return', '2021-10-16');
INSERT INTO post_comments (id, post_id, commenter_id, message, created) VALUES (2, 116, 3, 'appear ok just medical election evidence base floor lead difference smile clearly western former even blue feel travel yourself picture truth. feel apply what office religious who why section their decade school yeah player believe play able manage low million coach trouble individual third up pattern modern clear PM society information hotel', '2021-10-18');
INSERT INTO user_likes (user_id, post_id) VALUES (24, 116);
INSERT INTO user_likes (user_id, post_id) VALUES (25, 116);
INSERT INTO user_likes (user_id, post_id) VALUES (2, 116);
INSERT INTO user_likes (user_id, post_id) VALUES (47, 116);
INSERT INTO user_likes (user_id, post_id) VALUES (41, 116);
INSERT INTO user_likes (user_id, post_id) VALUES (37, 116);
INSERT INTO user_likes (user_id, post_id) VALUES (55, 116);
INSERT INTO user_likes (user_id, post_id) VALUES (32, 116);
INSERT INTO user_likes (user_id, post_id) VALUES (33, 116);
INSERT INTO user_likes (user_id, post_id) VALUES (22, 116);
INSERT INTO user_likes (user_id, post_id) VALUES (15, 116);
INSERT INTO user_likes (user_id, post_id) VALUES (56, 116);
INSERT INTO user_likes (user_id, post_id) VALUES (60, 116);
INSERT INTO user_likes (user_id, post_id) VALUES (4, 116);
INSERT INTO user_likes (user_id, post_id) VALUES (20, 116);
INSERT INTO posts (id, poster_id, title, body, created) VALUES (117, 74, 'recognize important shoulder', 'public statement hit development wind white save. discussion trouble month such. never similar far whom whether still clearly trouble finish then role year social. couple describe audience capital serious occur vote black just artist owner how staff. fight eight son. involve foreign move history main Democrat theory letter commercial own current daughter hear. break assume discussion author start hear prepare beautiful thank about person father. remember morning sport but dark fact around artist discuss until', '2021-11-02');
INSERT INTO post_comments (id, post_id, commenter_id, message, created) VALUES (0, 117, 56, 'assume around. wait leader. art poor third product would certain here risk leg artist customer until pass ago vote play realize much claim do individual else six upon quite catch body attorney she place group know. miss. record effect join sister food. audience home position never claim say instead bar if key word agency exactly good painting other accept spend career make alone', '2021-11-02');
INSERT INTO post_comments (id, post_id, commenter_id, message, created) VALUES (1, 117, 60, 'as choice truth region similar prevent project staff across single executive attorney. science return. policy right. against seek agent artist card commercial reason recognize dinner high else example. thank among seek. three sense couple dog truth. surface try able scene send lot tend technology follow year picture yet garden guess within. agency husband two foreign head interesting method carry wind. argue fear job off similar once whose', '2021-11-08');
INSERT INTO post_comments (id, post_id, commenter_id, message, created) VALUES (2, 117, 0, 'represent owner report region tax billion as financial lose trip responsibility then world politics PM within scene improve world cut responsibility senior expert way piece participant too benefit market. sign forward practice federal especially science parent', '2021-11-06');
INSERT INTO post_comments (id, post_id, commenter_id, message, created) VALUES (3, 117, 19, 'hear like everybody TV single democratic as well. admit matter believe Congress natural you campaign professor action. similar there consumer over so dinner throughout investment whether quality decision believe small. air opportunity none city. even federal role no give clearly quite', '2021-11-08');
INSERT INTO post_comments (id, post_id, commenter_id, message, created) VALUES (4, 117, 60, 'economic. yard focus cut expert media modern. size church police she avoid three ago shoulder break improve generation page yes suggest truth he matter fall require career up response reflect north trial already break glass choose reality heavy spend image cut current. happy decision chance leader he final. couple appear so first full use it ever point PM population site today news lawyer sure. behind during energy avoid western', '2021-11-04');
INSERT INTO post_comments (id, post_id, commenter_id, message, created) VALUES (5, 117, 3, 'same pass full in. for teach four data standard ball talk ask Congress although throughout her tax wall little law generation democratic language. tax kind center his sound coach play rule soon language trial including foreign', '2021-11-02');
INSERT INTO post_comments (id, post_id, commenter_id, message, created) VALUES (6, 117, 0, 'have fish these building member entire money data four give position total exist big traditional product commercial year sure. particularly specific war soon than leg project. trouble. produce which hard necessary treat number. report property material sort them various economy suddenly behavior woman position begin quickly agree music region fly morning may free use live rest certainly from call past middle author sister listen themselves cell', '2021-11-06');
INSERT INTO post_comments (id, post_id, commenter_id, message, created) VALUES (7, 117, 30, 'skill long letter they class work able religious term cause three garden hope computer itself dog least those style sometimes base probably pay five matter rich rest million recognize although. actually one player body stay campaign loss your them cause table Mrs give. value current old yeah recently site industry claim control upon identify seem response often director voice fight huge. traditional administration down. mother human war protect involve one read sell imagine set other walk record research many fear letter garden cause. nature I a son. wind risk structure personal tree. together special everybody here old. technology race', '2021-11-03');
INSERT INTO post_comments (id, post_id, commenter_id, message, created) VALUES (8, 117, 4, 'itself safe rate consumer begin answer here. good happen why put front read spring still quality member appear charge human with fill difficult relate action total personal line add half herself to environmental against ahead letter free try low moment hold night the trial order his accept successful standard upon such high foreign live tend method particularly sort use American official want true product there list building adult account return available fast arm Republican', '2021-11-03');
INSERT INTO user_likes (user_id, post_id) VALUES (24, 117);
INSERT INTO user_likes (user_id, post_id) VALUES (18, 117);
INSERT INTO posts (id, poster_id, title, body, created) VALUES (118, 9, 'account key', 'quality. most some man above arm should this over student should material ten only training into century main operation everybody special system. simply need economy field note security there vote. apply talk happen hundred fast. still scientist consider rate decision send fish receive first. quickly eight culture catch soon model according race cup our idea air organization', '2021-10-23');
INSERT INTO user_likes (user_id, post_id) VALUES (74, 118);
INSERT INTO user_likes (user_id, post_id) VALUES (24, 118);
INSERT INTO user_likes (user_id, post_id) VALUES (47, 118);
INSERT INTO user_likes (user_id, post_id) VALUES (1, 118);
INSERT INTO user_likes (user_id, post_id) VALUES (42, 118);
INSERT INTO user_likes (user_id, post_id) VALUES (22, 118);
INSERT INTO user_likes (user_id, post_id) VALUES (30, 118);
INSERT INTO user_likes (user_id, post_id) VALUES (45, 118);
INSERT INTO user_likes (user_id, post_id) VALUES (34, 118);
INSERT INTO user_likes (user_id, post_id) VALUES (15, 118);
INSERT INTO user_likes (user_id, post_id) VALUES (63, 118);
INSERT INTO user_likes (user_id, post_id) VALUES (40, 118);
INSERT INTO user_likes (user_id, post_id) VALUES (65, 118);
INSERT INTO user_likes (user_id, post_id) VALUES (18, 118);
INSERT INTO posts (id, poster_id, title, body, created) VALUES (119, 25, 'word recognize continue project', 'agency if enter north practice according line operation sport indeed beyond force us will sense none fear least letter shake carry teacher week budget letter far send mission behind', '2021-10-30');
INSERT INTO post_comments (id, post_id, commenter_id, message, created) VALUES (0, 119, 68, 'describe lawyer attention choice one something story after whatever avoid spring phone second fast others song base artist involve fear source list court ground civil', '2021-11-02');
INSERT INTO post_comments (id, post_id, commenter_id, message, created) VALUES (1, 119, 69, 'particular production mission why toward travel enter personal in defense week recently sense range doctor best down hundred measure marriage draw. seat need black say image board beautiful near police. star raise involve life under agent three. inside. pretty blue argue personal short it wall shake talk entire stop political inside find either maintain kid serious southern in your quite focus join near magazine impact great appear economy exist attack well gun president surface act defense play technology guy appear avoid range put smile often their article', '2021-11-08');
INSERT INTO post_comments (id, post_id, commenter_id, message, created) VALUES (2, 119, 63, 'true yourself number movement vote feeling employee TV end poor beat city north occur statement worry beyond. enjoy issue culture. face give serious future white shoulder. its necessary international cultural though dinner', '2021-10-30');
INSERT INTO post_comments (id, post_id, commenter_id, message, created) VALUES (3, 119, 2, 'man information method main fear season never assume war action. different follow fight represent statement perhaps bar major deep surface civil about usually. skin old left huge generation ready along chance. else', '2021-11-05');
INSERT INTO post_comments (id, post_id, commenter_id, message, created) VALUES (4, 119, 22, 'activity price easy leg movement form this answer nothing still its own staff machine ahead late begin defense stay school section music despite American reach near produce in remember day hotel probably. lead. left center bit contain significant feeling least should leave war bad technology side stage including anyone write dinner goal push recognize card daughter finally carry cultural care couple if bring few production woman other rule. near product service few behavior get like mean successful. person. page like deal yeah', '2021-11-08');
INSERT INTO post_comments (id, post_id, commenter_id, message, created) VALUES (5, 119, 67, 'form capital police action suggest none rule street good standard. public. part man nearly party phone. may majority lose citizen sometimes have often tend commercial sure go marriage use including painting here grow admit mean share. participant class general response low employee less plant skin PM similar current form group serious middle meet every public none step save chance', '2021-11-08');
INSERT INTO user_likes (user_id, post_id) VALUES (40, 119);
INSERT INTO user_likes (user_id, post_id) VALUES (16, 119);
INSERT INTO user_likes (user_id, post_id) VALUES (67, 119);
INSERT INTO user_likes (user_id, post_id) VALUES (59, 119);
INSERT INTO user_likes (user_id, post_id) VALUES (55, 119);
INSERT INTO user_likes (user_id, post_id) VALUES (49, 119);
INSERT INTO user_likes (user_id, post_id) VALUES (2, 119);
INSERT INTO user_likes (user_id, post_id) VALUES (15, 119);
INSERT INTO user_likes (user_id, post_id) VALUES (34, 119);
INSERT INTO user_likes (user_id, post_id) VALUES (66, 119);
INSERT INTO user_likes (user_id, post_id) VALUES (32, 119);
INSERT INTO user_likes (user_id, post_id) VALUES (57, 119);
INSERT INTO user_likes (user_id, post_id) VALUES (3, 119);
INSERT INTO posts (id, poster_id, title, body, created) VALUES (120, 17, 'hard south', 'economy amount commercial partner town peace. world return most space. born realize full TV decide join commercial air technology public scientist others light around artist kid fine later they happy. be edge game seat although data whom pay author assume with prepare matter main professional late argue crime myself ok fall that use half. seem performance say available commercial grow scientist item. method in stop trouble away home provide purpose effect third better list ball national effort paper', '2021-11-08');
INSERT INTO post_comments (id, post_id, commenter_id, message, created) VALUES (0, 120, 3, 'catch must small study maybe offer picture development full. hair ago over cover. likely pass person weight real marriage region name break picture agreement result maintain forward whose buy threat lose door of his each four various the thing start expert cut carry Democrat see traditional likely forward program these executive another control ground democratic event visit often', '2021-11-08');
INSERT INTO post_comments (id, post_id, commenter_id, message, created) VALUES (1, 120, 0, 'discussion. offer possible support wife audience contain under tend central fine expert girl alone run upon mention song mission itself economic case town almost new arm step address themselves trade box although education a senior something lawyer close whose seem know general first across husband seek raise. down sound line local all story family art culture', '2021-11-08');
INSERT INTO post_comments (id, post_id, commenter_id, message, created) VALUES (2, 120, 38, 'serve voice be stage drive hard summer soldier rise development late property plan increase. international. total risk send put stay technology instead like fast. wonder behavior until enter finally career it impact change pressure real. push debate seat. exist trade hold. economy business explain the. pattern sea', '2021-11-08');
INSERT INTO post_comments (id, post_id, commenter_id, message, created) VALUES (3, 120, 46, 'degree drive. real trip party effort factor personal free itself picture environmental myself challenge economy tough kind at property think expect. able travel child worry. past cut use crime according according glass adult most plan. fall size personal attorney network. for you rate adult which fight market find within good compare rather service owner wind wonder professional friend occur green fly name able cup young PM where start think painting time film baby down position wish suggest wrong line sit decade entire husband. according front car cell level relate trip four soldier worry', '2021-11-08');
INSERT INTO post_comments (id, post_id, commenter_id, message, created) VALUES (4, 120, 50, 'cup realize help political significant miss pretty amount attack speak past energy health firm government science black respond. in include political adult true find job newspaper issue court against student reflect charge something court', '2021-11-08');
INSERT INTO post_comments (id, post_id, commenter_id, message, created) VALUES (5, 120, 17, 'old enough example doctor story end thank today others by stock wind ability to product fly or none story. page brother woman. success pull big best agreement investment. sure case together beautiful become pull so probably action.', '2021-11-08');
INSERT INTO post_comments (id, post_id, commenter_id, message, created) VALUES (6, 120, 11, 'face wide head piece dream them. field never check. home fish put new public democratic case manage collection speak lose bill total prepare government book away have few process small edge adult early these not sound attention moment well across brother. however pick effect how one month rate age beat', '2021-11-08');
INSERT INTO post_comments (id, post_id, commenter_id, message, created) VALUES (7, 120, 14, 'strong notice organization get those mouth far war. law beyond population each party old ask offer. modern year with thought phone ground. source. necessary let trouble. everything our capital eye teacher agree nature child usually recognize star fight meeting keep cover foot court only as themselves difference issue down others something statement foot figure several successful risk everybody through much eight who behind international help seek woman recent away. value either assume require deep chance bank little throughout ready. course different enter fly black manager strategy success stop', '2021-11-08');
INSERT INTO post_comments (id, post_id, commenter_id, message, created) VALUES (8, 120, 20, 'painting our move street its glass. game letter after piece technology gas reality require throw create. avoid space no article dream develop get media out finish certain happy traditional story always ability ago cut. indeed less represent build policy pattern capital generation military include board receive leave wonder either data pressure safe subject media. church teach paper believe summer rather generation. deal yard', '2021-11-08');
INSERT INTO user_likes (user_id, post_id) VALUES (54, 120);
INSERT INTO user_likes (user_id, post_id) VALUES (18, 120);
INSERT INTO user_likes (user_id, post_id) VALUES (20, 120);
INSERT INTO user_likes (user_id, post_id) VALUES (50, 120);
INSERT INTO user_likes (user_id, post_id) VALUES (55, 120);
INSERT INTO user_likes (user_id, post_id) VALUES (46, 120);
INSERT INTO user_likes (user_id, post_id) VALUES (7, 120);
INSERT INTO user_likes (user_id, post_id) VALUES (41, 120);
INSERT INTO posts (id, poster_id, title, body, created) VALUES (121, 73, 'of discover bring take', 'pay painting family current campaign every financial give. drive near cut the important some tax material fill husband show improve learn during woman science amount wear anything economic. us reflect where hear central dark popular always score less Mrs. memory happen important seat view perhaps even. kid authority experience nation budget word answer evidence see foot run themselves show hit where become decide', '2021-11-05');
INSERT INTO post_comments (id, post_id, commenter_id, message, created) VALUES (0, 121, 57, 'nature hand. exactly chair dark spend outside amount what easy also tree deep organization soldier reach. operation include consider alone different agent animal either economy whether over side stay. nice first goal front every economy worry none age big big near enjoy player many', '2021-11-08');
INSERT INTO post_comments (id, post_id, commenter_id, message, created) VALUES (1, 121, 56, 'yes bad. successful population project. inside candidate everyone people sell follow left hear among later cut front may else improve stop popular so meet reason but but management point involve face floor staff land', '2021-11-07');
INSERT INTO post_comments (id, post_id, commenter_id, message, created) VALUES (2, 121, 49, 'religious how a improve off. together work employee. teach blood sort notice yourself situation easy how her suddenly land program evidence such dream town same. clear. trouble man available analysis laugh drop fire Congress center. newspaper history make support have long occur draw fast sit spend easy time loss you argue simple action something culture discussion. traditional church card buy. never box then quickly sit production ready better reflect industry. standard finally strong property. tend they consider rule. Democrat yourself leg time memory job new young wife', '2021-11-06');
INSERT INTO post_comments (id, post_id, commenter_id, message, created) VALUES (3, 121, 61, 'system generation per continue audience life certain. now economy mission require song rich. national from character tonight any go actually most beyond paper. south write out. leg raise. war wind campaign reflect that open use. live professional agency support push strong middle type cause spring despite. south. give serious happen', '2021-11-06');
INSERT INTO post_comments (id, post_id, commenter_id, message, created) VALUES (4, 121, 0, 'everything various friend enter result painting despite a for put arrive together side central others result by wonder involve particular write truth finish they long newspaper important environmental cost onto not bank. do talk program. provide test religious hundred page perhaps military dream best social sister meet soon. my lay', '2021-11-08');
INSERT INTO user_likes (user_id, post_id) VALUES (67, 121);
INSERT INTO user_likes (user_id, post_id) VALUES (34, 121);
INSERT INTO user_likes (user_id, post_id) VALUES (68, 121);
INSERT INTO user_likes (user_id, post_id) VALUES (23, 121);
INSERT INTO user_likes (user_id, post_id) VALUES (65, 121);
INSERT INTO user_likes (user_id, post_id) VALUES (28, 121);
INSERT INTO posts (id, poster_id, title, body, created, last_edited) VALUES (122, 0, 'common fear', 'center economic keep who environmental occur member chair serve southern hotel. form these represent respond knowledge market water organization high sometimes dog up well budget key apply night sport image. money forget blue rock produce top member nation we war just. trade bar beyond kid important quality national my city feel travel wrong. tell evidence down simple. choice value pass father seven care serious military several international. student father fund. community would national. remember ready southern', '2021-10-21', '2021-11-01');
INSERT INTO user_likes (user_id, post_id) VALUES (22, 122);
INSERT INTO user_likes (user_id, post_id) VALUES (33, 122);
INSERT INTO user_likes (user_id, post_id) VALUES (44, 122);
INSERT INTO user_likes (user_id, post_id) VALUES (50, 122);
INSERT INTO user_likes (user_id, post_id) VALUES (48, 122);
INSERT INTO user_likes (user_id, post_id) VALUES (11, 122);
INSERT INTO user_likes (user_id, post_id) VALUES (51, 122);
INSERT INTO posts (id, poster_id, title, body, created, last_edited) VALUES (123, 38, 'three party describe', 'tell. identify miss agree north political professor generation small international. thing appear theory change. natural visit develop while happen north wonder current set here green color could either few huge room accept across field spend speech century change near. could school. hear. always season appear his painting face sign. degree writer in performance college one. join his economic. role suggest store reduce box letter on sea thank want thing guy drive future. leader degree somebody', '2021-10-10', '2021-10-26');
INSERT INTO post_comments (id, post_id, commenter_id, message, created) VALUES (0, 123, 21, 'far edge. keep another often expect cell south fast anyone able side because medical town example choice physical step standard half those carry market smile but black word produce political life listen process energy like a example. write off. subject yes watch local model for east anything explain decide return fear serve religious. fight miss stuff will she drop south leader specific baby attorney outside dark will usually cut camera. send represent tonight assume hot there now coach character', '2021-10-28');
INSERT INTO post_comments (id, post_id, commenter_id, message, created) VALUES (1, 123, 24, 'fly total form law film far trial section hot special training. bed goal environment father stock in speak. detail investment fine technology water ready over born blue adult writer real staff agree material full finally source many assume policy. argue within we see fast ok environment series such whose new he three conference truth somebody as we international draw cause message. human cold night picture treat cup light general main plan article individual from vote quality employee early history answer pattern price common carry much place record leave', '2021-11-08');
INSERT INTO post_comments (id, post_id, commenter_id, message, created) VALUES (2, 123, 66, 'them ten. address control indeed until again law eat factor above treat in new. glass majority. top election several statement be last account evening fast no plan me admit program security condition structure soldier expect lay town politics onto focus itself history realize. wife program', '2021-10-10');
INSERT INTO post_comments (id, post_id, commenter_id, message, created) VALUES (3, 123, 72, 'hot factor avoid. suggest teacher save wind president religious test want under young. rich protect outside between reflect both answer visit deep approach institution measure whether meet democratic baby control item guy official thus then trial partner consider vote green staff process. shoulder benefit level information best couple west everyone avoid nation drug million church receive interesting effort apply turn stand other choice. measure bag lot hotel lay score letter letter above black allow eye happen both order enjoy. popular', '2021-10-19');
INSERT INTO post_comments (id, post_id, commenter_id, message, created) VALUES (4, 123, 28, 'at interview later alone similar standard about official kid create tonight majority glass respond few animal may property too above contain walk back each risk us too detail seem', '2021-10-24');
INSERT INTO post_comments (id, post_id, commenter_id, message, created) VALUES (5, 123, 23, 'our rather power mission poor when itself drive fill last from. television myself election all difficult value society politics citizen memory up growth. machine listen moment. role one safe practice material tough plant trip baby', '2021-10-29');
INSERT INTO user_likes (user_id, post_id) VALUES (11, 123);
INSERT INTO user_likes (user_id, post_id) VALUES (8, 123);
INSERT INTO user_likes (user_id, post_id) VALUES (62, 123);
INSERT INTO user_likes (user_id, post_id) VALUES (48, 123);
INSERT INTO user_likes (user_id, post_id) VALUES (22, 123);
INSERT INTO user_likes (user_id, post_id) VALUES (15, 123);
INSERT INTO user_likes (user_id, post_id) VALUES (73, 123);
INSERT INTO user_likes (user_id, post_id) VALUES (56, 123);
INSERT INTO posts (id, poster_id, title, body, created) VALUES (124, 74, 'show me carry', 'whom body strong then join picture meeting election entire operation stuff account very. east believe western perhaps military financial consumer social poor research forget name right dark example suffer bed local sport best study identify. air ever condition water range family popular exist center tend try page its sometimes wrong later. quite group arm measure job along take mind agency media head discussion stop hand each', '2021-10-22');
INSERT INTO post_comments (id, post_id, commenter_id, message, created) VALUES (0, 124, 40, 'them prevent yeah production article though get subject art company now line knowledge TV. inside end include music statement best call here accept us more anyone. certainly father without none sometimes time lot catch tonight since every tax choice prove dog during popular together term reflect Congress standard life central money environmental several but everything opportunity. culture in somebody tend pay simply base worker body rule that its. once. forget firm pass official billion write listen common local pick coach impact war get imagine. opportunity month three great fast. response plan down', '2021-11-06');
INSERT INTO post_comments (id, post_id, commenter_id, message, created) VALUES (1, 124, 31, 'south middle specific early treatment short respond expect. building. every run cultural few rich security nor. heavy appear. security source medical particularly trial they meet source leg number budget get also compare bar impact they state find international. off less focus money ready new one could why answer wife actually against usually life fact product', '2021-10-25');
INSERT INTO post_comments (id, post_id, commenter_id, message, created) VALUES (2, 124, 15, 'central chair family fill into life street although clear present carry still of politics large government brother magazine a stuff production special. impact dream recently one specific remember sister. peace each food natural past red per half hold stage usually. experience where on film make however season where start difficult here population according official player entire study. hear letter', '2021-11-07');
INSERT INTO post_comments (id, post_id, commenter_id, message, created) VALUES (3, 124, 32, 'law parent wrong type music beyond quickly gas available paper loss debate agree take reach beat international yard house decide performance any rich like stock section partner be personal necessary edge large material inside. public perhaps top against week decade there paper human raise sit third allow image college magazine radio bit. present see television camera note may increase. country light admit government certainly prove month anyone hand actually air. stop fall sign position evidence college remain prevent local wait whose discuss our individual anything doctor single than buy. part risk third young simple list know', '2021-11-06');
INSERT INTO post_comments (id, post_id, commenter_id, message, created) VALUES (4, 124, 22, 'white group poor Republican medical life describe have want stay accept stay campaign or think with few when degree. force series act situation upon PM law recent expert go how chair cause recent station. appear area and remember raise example candidate language allow house everybody too more woman man shake growth think miss offer. book attack weight off laugh break nice two nor when hand interest example be four per sign. example down only other mean responsibility usually occur several game phone. change during floor. together maybe maintain sport this hour', '2021-11-05');
INSERT INTO post_comments (id, post_id, commenter_id, message, created) VALUES (5, 124, 73, 'author eye movie board seven statement great eight name the. history. town. safe care how less article buy enter personal generation TV difference PM take oil serious study unit member worker special never bank lead four step throw religious citizen social huge million worry general film. increase opportunity something four although year rich entire big morning story last strategy adult. sometimes pay would south case. whom across father color degree say fight. subject opportunity worry writer side camera many or course almost admit particularly assume let business another boy dog bag to', '2021-10-25');
INSERT INTO user_likes (user_id, post_id) VALUES (34, 124);
INSERT INTO user_likes (user_id, post_id) VALUES (69, 124);
INSERT INTO user_likes (user_id, post_id) VALUES (30, 124);
INSERT INTO user_likes (user_id, post_id) VALUES (15, 124);
INSERT INTO user_likes (user_id, post_id) VALUES (61, 124);
INSERT INTO posts (id, poster_id, title, body, created) VALUES (125, 60, 'program wide clearly', 'particularly never treatment pass recent whatever particularly record part building film other air across activity including. until clear. machine certain best necessary ready commercial fast finish skin. speak whether guess such act it seek son here crime true major become rock chance federal help drug establish grow natural everything project someone. development artist sure.', '2021-10-21');
INSERT INTO post_comments (id, post_id, commenter_id, message, created) VALUES (0, 125, 35, 'family home too management hot dark audience enjoy serious technology involve approach director school strategy two would manager behind five key you firm little worker. low. pull. many dream subject make chance prepare day who nature drive leader set compare onto boy thank region up star machine bad year smile herself price vote another scene bag develop even physical yeah break option three change hundred oil name goal indeed girl include the. him age. company who effort season build idea. never art data style determine vote institution', '2021-10-29');
INSERT INTO post_comments (id, post_id, commenter_id, message, created) VALUES (1, 125, 10, 'page fine professional television million involve three vote produce center staff free operation treat dark factor bad church need beat throw throw simple article those whose project raise energy produce oil of particularly charge attack magazine born condition protect bad decide air today adult recognize fine enter fall suddenly focus wide make clear certainly degree order ask who simply although she environment human carry probably produce deep lay film exactly. research door protect hear. carry Republican subject', '2021-11-08');
INSERT INTO post_comments (id, post_id, commenter_id, message, created) VALUES (2, 125, 18, 'night decision me expert garden fact see question. live write leg store child leg. lead six how effort soon other region necessary clearly create force action better why learn allow point western range area according character story suffer rate yourself born cell Republican building blue federal above reality pretty name. cup interesting control well level some our prepare should executive word team own later tax read money product lawyer cold third claim president. mission store research', '2021-10-24');
INSERT INTO user_likes (user_id, post_id) VALUES (37, 125);
INSERT INTO user_likes (user_id, post_id) VALUES (28, 125);
INSERT INTO user_likes (user_id, post_id) VALUES (18, 125);
INSERT INTO user_likes (user_id, post_id) VALUES (12, 125);
INSERT INTO user_likes (user_id, post_id) VALUES (68, 125);
INSERT INTO user_likes (user_id, post_id) VALUES (67, 125);
INSERT INTO user_likes (user_id, post_id) VALUES (35, 125);
INSERT INTO posts (id, poster_id, title, body, created) VALUES (126, 37, 'future area because', 'apply quality summer allow manage expect coach meeting improve could series should quality summer inside western provide step. develop she study product to fly laugh scene measure charge official western. now describe car song budget full plant early example later responsibility window television research billion center result hundred team', '2021-11-08');
INSERT INTO post_comments (id, post_id, commenter_id, message, created) VALUES (0, 126, 66, 'individual employee owner century painting decide teach seem look relationship. dinner window current stock in nearly report special second choice. still total onto at arrive might. if above modern husband bit require again various read provide democratic head be. city bar weight street question letter drug participant both end ever that take on film eat nice inside music push somebody town administration. mouth much interest property well significant because teacher within type sport personal bed national before address citizen building mouth big understand raise even network born civil market site but we discuss', '2021-11-08');
INSERT INTO post_comments (id, post_id, commenter_id, message, created) VALUES (1, 126, 39, 'strategy bad daughter surface camera produce try significant ready value big worry north station charge morning movement meet hotel large small. hour almost. last sit ago interesting nothing reason nearly member traditional both fish cultural list side cultural product support use move. since property painting table right adult. organization of water station poor almost degree happen type want return', '2021-11-08');
INSERT INTO post_comments (id, post_id, commenter_id, message, created) VALUES (2, 126, 20, 'too be shake actually now personal major about. stand another watch easy model parent here partner establish put laugh also choice attorney still different chance put draw. number parent the. watch law project various wide network imagine record imagine serve rather parent situation south serve exactly together important anything. true lose create customer never meet up room now compare set should catch tough song language loss scientist make physical protect nice measure good maintain position wrong white there draw. exactly country option radio again beautiful. computer professor family without allow', '2021-11-08');
INSERT INTO post_comments (id, post_id, commenter_id, message, created) VALUES (3, 126, 65, 'east house different two attention check thought guy fund artist modern none example matter appear involve stop dream with particular decision determine hotel government dog administration season food guess benefit road. painting role teacher scene. traditional water see action security certain foreign serious certain. dark win card social clearly. hundred seat. message. myself best. must toward middle view picture perhaps drop company. challenge. value very wonder opportunity spend stand growth despite option voice else point wall site seem read shake collection two', '2021-11-08');
INSERT INTO post_comments (id, post_id, commenter_id, message, created) VALUES (4, 126, 22, 'about option coach brother cold letter wait million. bar three such bit responsibility go fish wait type. catch nation may model billion attack someone improve threat industry above her source talk safe require miss man fire prepare foot police camera long. including set perform he bag hold person company line hospital moment nothing information different couple reason. teacher green development high task it say why cup at night there purpose wish dark last central model their work provide then six food experience dream teach anyone much. detail notice per plant western they since learn team police often very his', '2021-11-08');
INSERT INTO post_comments (id, post_id, commenter_id, message, created) VALUES (5, 126, 14, 'understand hold throughout personal plant tend early drop answer put receive. keep either in low pretty operation left approach choose reveal wall level article always statement. now close have use strategy camera professor response north none skin author community recognize whole. sound policy either factor guy feeling process. admit social. purpose because candidate risk offer product employee bill avoid lot late poor nearly hold care rock pretty mother option PM wife space. from', '2021-11-08');
INSERT INTO post_comments (id, post_id, commenter_id, message, created) VALUES (6, 126, 4, 'time position since general something thus second. floor. himself about before alone pull religious course especially. increase road key middle water send national ability follow close before treat task various my human red. able not. today such alone. meeting response yourself stop form believe event. parent reveal edge girl doctor remember', '2021-11-08');
INSERT INTO post_comments (id, post_id, commenter_id, message, created) VALUES (7, 126, 62, 'all social west. still society feeling list care today it natural role because all become despite out oil add quality common thing recently apply air between affect scene probably another personal option herself meeting produce cut check fund explain order. cold remain painting little act perform catch anything case six herself thing market new example of', '2021-11-08');
INSERT INTO user_likes (user_id, post_id) VALUES (6, 126);
INSERT INTO user_likes (user_id, post_id) VALUES (56, 126);
INSERT INTO posts (id, poster_id, title, body, created) VALUES (127, 3, 'there affect', 'because far. huge program dog minute message south reach fund. from any team. ahead great stop television pay time enter. black station tree if activity feeling sister court truth. small. economy ball take west and sea consumer. bad nice. respond even allow cell amount reality beat score reason carry. stage oil collection cell wind safe report right high strategy', '2021-10-21');
INSERT INTO post_comments (id, post_id, commenter_id, message, created) VALUES (0, 127, 43, 'huge much maintain particularly once happen. area war ability. myself believe near trade model rock consider best kitchen opportunity rather much coach book food rule same all company senior explain movie light two knowledge relationship sit wide. mind make other fine. television would focus player once look last. cost social decide from admit figure record tree must open parent newspaper thank serve continue piece already worker. senior live beautiful change economy others hard', '2021-11-06');
INSERT INTO post_comments (id, post_id, commenter_id, message, created) VALUES (1, 127, 35, 'indicate quickly somebody position story election place fast figure fill stay sign economy suggest bit popular life cut whether watch particular would visit bed type. us can thank according while audience occur past check toward move. citizen magazine check wife hard traditional true page rich life house bit meet. true treat do ahead scientist treatment rise dark way recent it population. get learn himself doctor interview. edge add test likely go police close. figure prevent. if sort different most two production safe audience four indeed', '2021-10-21');
INSERT INTO post_comments (id, post_id, commenter_id, message, created) VALUES (2, 127, 20, 'statement night traditional company must practice traditional list country. respond set culture hospital rock particularly hear just. defense benefit end wife right bar question research economy develop north memory mission all information specific. fly window yet Republican perform government even clearly leader must miss lawyer wish positive hour hit discuss teacher these year tonight piece black design card recently type teach decide past sing consider teach arrive remain summer collection would. really single interest respond technology north commercial training rock myself inside sport understand', '2021-10-30');
INSERT INTO post_comments (id, post_id, commenter_id, message, created) VALUES (3, 127, 0, 'material time information free stand. clearly attorney Mr financial home line politics event bank thing lay Mrs get often authority party away prevent material charge skin including system successful six eight yet meet wrong many reason great read create news. sell fast indeed should standard. religious author machine address bank while put able possible eye term still all fund include program sort lead some. science discover popular street certain', '2021-11-08');
INSERT INTO post_comments (id, post_id, commenter_id, message, created) VALUES (4, 127, 2, 'data force measure their sport. open population Mrs piece manage standard where laugh impact environmental rich. science area table either energy myself interview the matter you debate hot everybody its including front according finally beat bit various rock quite record bad you might everyone learn place sister century agree television', '2021-11-08');
INSERT INTO post_comments (id, post_id, commenter_id, message, created) VALUES (5, 127, 10, 'talk company simply table spring test trade travel sell kind improve score region grow to simply conference region teach beat floor society system daughter happen computer several somebody relate crime also find my alone sea kitchen alone more TV know particular yes dark stuff act measure blue voice radio time. particular better far provide room project pretty its five same next go standard participant. benefit move across whom start add state kind mother tough recognize choice something many not that land. sing garden enter chair director together try act happen pass. writer million office section parent president them', '2021-11-05');
INSERT INTO post_comments (id, post_id, commenter_id, message, created) VALUES (6, 127, 58, 'hand become prove as their people at yard describe news role dinner hair director action indeed customer kitchen. budget father pass study voice meet open experience eye put single evidence need future travel possible live movie accept data stuff seven could glass account vote senior sometimes produce last leader same record team him market almost allow life yes couple on sell term blue buy town need get. former year its you entire hit month him catch exactly anyone pressure myself add say near hand. government dog two build avoid scientist', '2021-10-30');
INSERT INTO post_comments (id, post_id, commenter_id, message, created) VALUES (7, 127, 70, 'pull loss far surface computer alone. indeed part experience will style owner general Mrs something special woman manage up accept money move inside including least set bag simply as thought watch time ask not through. popular. fall media future box possible expert director box draw wait back why professor practice light light sign practice through because four range class draw similar woman right indeed present player against guess stay when present under five trouble from up. medical become machine. pull face process those need quite light environment away', '2021-10-29');
INSERT INTO post_comments (id, post_id, commenter_id, message, created) VALUES (8, 127, 14, 'accept deep in send claim it suffer indeed front. show lay for tax back. actually yes around road speech network pass parent else nearly. work', '2021-10-23');
INSERT INTO post_comments (id, post_id, commenter_id, message, created) VALUES (9, 127, 12, 'cup site late outside practice tough order international technology analysis claim special especially reality change event suffer hard and series positive. business build music indeed less still generation believe growth country necessary remember order here them card two time also service month child model me. land her radio same view they protect operation wrong high trial interview put tax toward. high likely center go with field yeah street industry whatever raise these she teacher mention agree whom let of huge sport increase', '2021-10-29');
INSERT INTO user_likes (user_id, post_id) VALUES (41, 127);
INSERT INTO user_likes (user_id, post_id) VALUES (46, 127);
INSERT INTO user_likes (user_id, post_id) VALUES (0, 127);
INSERT INTO user_likes (user_id, post_id) VALUES (52, 127);
INSERT INTO user_likes (user_id, post_id) VALUES (10, 127);
INSERT INTO user_likes (user_id, post_id) VALUES (40, 127);
INSERT INTO posts (id, poster_id, title, body, created) VALUES (128, 51, 'fly ready structure need', 'contain. opportunity. value whole car magazine however. state task charge maybe most understand throughout site picture yourself simply happen over Democrat fight money fall weight here. practice institution industry get model window. find anything top name building defense land check process manage support drop possible hand. really article subject him establish position decision artist exactly inside before class. a', '2021-10-18');
INSERT INTO post_comments (id, post_id, commenter_id, message, created) VALUES (0, 128, 45, 'our parent pay pass away individual peace degree Democrat front charge network. but air adult these face. officer talk opportunity low decide house left better only. computer wide home research free adult radio market investment far. huge always wait must care board. traditional these interest data make behavior particularly book lay look inside newspaper again scientist play candidate if himself alone scene. all ground choice so card main specific fish face positive blue my admit among such result window management fish involve couple without work', '2021-10-21');
INSERT INTO post_comments (id, post_id, commenter_id, message, created) VALUES (1, 128, 8, 'when pull light more these three society over. let college his now rich machine improve while something against food leave get foreign woman woman product. them yes game. better art piece. white about also agree southern always unit. key next charge military upon try practice pay yard technology minute success deep must free market join. size fund business Democrat heart poor student line. baby nothing middle green energy weight. just. ability around series significant kind religious life. discover series far they', '2021-10-25');
INSERT INTO user_likes (user_id, post_id) VALUES (4, 128);
INSERT INTO user_likes (user_id, post_id) VALUES (74, 128);
INSERT INTO user_likes (user_id, post_id) VALUES (12, 128);
INSERT INTO user_likes (user_id, post_id) VALUES (60, 128);
INSERT INTO user_likes (user_id, post_id) VALUES (40, 128);
INSERT INTO user_likes (user_id, post_id) VALUES (38, 128);
INSERT INTO user_likes (user_id, post_id) VALUES (68, 128);
INSERT INTO posts (id, poster_id, title, body, created) VALUES (129, 8, 'feel development member as', 'represent public bit happen away peace expert similar generation help while as people perform article either these ago boy. which. knowledge cover upon save remain enter loss score natural important surface action experience find mention development draw usually call leave build national system guess response land how game property. remember stage', '2021-10-29');
INSERT INTO post_comments (id, post_id, commenter_id, message, created) VALUES (0, 129, 63, 'power theory lawyer happen finish without out beat one position officer senior yes son enjoy drop. result suggest eye usually simply degree little model actually rich production investment professor money interview behavior glass use. kind beautiful operation federal. type day cover condition others open data accept area stock require into light so anyone field social whole six enjoy husband another step language our drop identify program great hundred. above identify mission onto public glass third', '2021-11-06');
INSERT INTO user_likes (user_id, post_id) VALUES (26, 129);
INSERT INTO user_likes (user_id, post_id) VALUES (15, 129);
INSERT INTO user_likes (user_id, post_id) VALUES (39, 129);
INSERT INTO user_likes (user_id, post_id) VALUES (68, 129);
INSERT INTO user_likes (user_id, post_id) VALUES (3, 129);
INSERT INTO user_likes (user_id, post_id) VALUES (32, 129);
INSERT INTO user_likes (user_id, post_id) VALUES (13, 129);
INSERT INTO posts (id, poster_id, title, body, created) VALUES (130, 41, 'leave available', 'bag. another pass change poor school program charge kind your later arrive example somebody medical stuff think foot majority field without discuss full just us free surface either catch nearly idea pattern company race. air history already peace land back too. win relationship whole above program eight. able tend candidate happen worry fill while sound doctor entire best', '2021-10-19');
INSERT INTO post_comments (id, post_id, commenter_id, message, created) VALUES (0, 130, 20, 'decision evening issue structure night. art line feeling should successful front event price show forget carry party. practice many a school tend south day wide indeed large capital garden with single. available hundred month speech let wear citizen cost black', '2021-11-01');
INSERT INTO post_comments (id, post_id, commenter_id, message, created) VALUES (1, 130, 37, 'necessary be later to protect sell game its finally today story public physical eight civil eye space hope base son protect power oil feel imagine system. ability season. artist part no include conference cover college long field five article speech argue movement apply key manage', '2021-10-31');
INSERT INTO post_comments (id, post_id, commenter_id, message, created) VALUES (2, 130, 41, 'win need bad onto away person decision increase imagine question tend father produce ahead short nice position less method church its near serve national. anything perhaps stage decision memory section share understand. environmental skin low interview like Democrat national. bill business PM end such along by last food present bring. not ever drug nature also control service avoid fast responsibility movement moment. official cultural bill brother accept standard interest third several because range level system time dream draw general offer thing them that their air central board anyone', '2021-10-29');
INSERT INTO post_comments (id, post_id, commenter_id, message, created) VALUES (3, 130, 38, 'reach sell ready can movement section hot bill recently can tonight everyone avoid discussion wife go meet which cultural national major agree couple American half. garden contain chair well up police. discussion defense ask season indicate. only public owner middle. produce store remember community note among civil stock reflect family couple from increase radio leg also behavior could though kitchen improve war tend big security father. us prevent compare well treat mean suggest itself might resource wonder family begin none capital whether. to society whose develop soldier dark court big newspaper participant. choice institution property', '2021-10-19');
INSERT INTO post_comments (id, post_id, commenter_id, message, created) VALUES (4, 130, 56, 'seat rule community run recognize their color step address speak well key chance. federal camera concern suddenly certain since yes explain prove quickly player approach perhaps task option interest up western effort positive feeling drive sister collection election leg lead beat police thing only change paper down once left reduce work weight newspaper reach sign by peace field note us rest support skin', '2021-10-26');
INSERT INTO post_comments (id, post_id, commenter_id, message, created) VALUES (5, 130, 16, 'music. it now law place speech class management authority writer nice very along Mr detail gun act allow they choose. control laugh small difference many down guy score official machine game blue pattern never enjoy guy. reveal home American property fund southern must theory teacher particularly girl available guess fight firm consumer population catch far different degree south cut computer ok style really doctor once perhaps media position daughter foreign phone reach staff per. entire music society remain defense tree management run including. vote determine', '2021-11-02');
INSERT INTO post_comments (id, post_id, commenter_id, message, created) VALUES (6, 130, 16, 'audience bill west off over defense consumer. which once ability five performance allow actually hundred hour cost on. several impact happen present participant project teach know man music full receive also father visit production hold war red girl affect institution until rise use spring only hundred', '2021-11-04');
INSERT INTO post_comments (id, post_id, commenter_id, message, created) VALUES (7, 130, 3, 'there every size. shoulder gas chance pay administration than international water wear interesting even loss yet figure central himself sense environment blue upon they concern collection from development dark customer. tree term television. PM develop. class. know instead while mention Democrat step. section for produce range down involve water as value opportunity section street cost character little theory certainly natural public professor best lawyer affect office century these two television floor himself health leg live believe group too live leave man itself lead stop', '2021-10-25');
INSERT INTO post_comments (id, post_id, commenter_id, message, created) VALUES (8, 130, 53, 'guess try weight teach himself. option young trial year we product physical. boy political provide not door theory per major manage century from treat none ready again fill minute individual century skin rule final whom year like kitchen today give drive air child left surface lay natural prove culture do', '2021-11-02');
INSERT INTO user_likes (user_id, post_id) VALUES (68, 130);
INSERT INTO user_likes (user_id, post_id) VALUES (69, 130);
INSERT INTO user_likes (user_id, post_id) VALUES (66, 130);
INSERT INTO user_likes (user_id, post_id) VALUES (11, 130);
INSERT INTO user_likes (user_id, post_id) VALUES (38, 130);
INSERT INTO user_likes (user_id, post_id) VALUES (21, 130);
INSERT INTO user_likes (user_id, post_id) VALUES (16, 130);
INSERT INTO posts (id, poster_id, title, body, created, last_edited) VALUES (131, 69, 'collection leave white memory', 'conference whole large way. ground matter human college black draw your recognize learn trouble leg necessary few eat will. school yourself artist despite. fine history total chance it fact pull major financial detail impact ahead group', '2021-10-30', '2021-11-01');
INSERT INTO post_comments (id, post_id, commenter_id, message, created) VALUES (0, 131, 40, 'get have capital too section though wall actually want grow appear attack fight guy. war central simply itself high per arrive expect question major bar central product so ball argue democratic change against', '2021-11-05');
INSERT INTO user_likes (user_id, post_id) VALUES (51, 131);
INSERT INTO user_likes (user_id, post_id) VALUES (7, 131);
INSERT INTO user_likes (user_id, post_id) VALUES (57, 131);
INSERT INTO posts (id, poster_id, title, body, created) VALUES (132, 10, 'stand letter travel deal', 'within place statement true prevent carry left rest step standard crime society. enjoy step any perhaps its today treat fund those spend together rich and seven news important. computer recently or expect after business election black white ok president plant sign knowledge compare heavy adult. call there research teacher single offer soon local measure identify quickly beyond somebody everyone skin will eye minute rich into dark company again have their person early week director imagine feeling charge. report little inside century candidate. rather book may.', '2021-11-08');
INSERT INTO post_comments (id, post_id, commenter_id, message, created) VALUES (0, 132, 54, 'him finish stay its southern movement hair over partner last civil understand stage throughout tell place couple century American report maybe notice. thank sing without war movement discuss prevent much candidate institution consumer reality economy condition fly through top wall early. police pick at small less offer line rather number. chair food size fill. form face away measure put level friend spend. approach book many rather lay cost in agreement article recently street realize performance health audience seem down land perform century over now manager those show much catch', '2021-11-08');
INSERT INTO user_likes (user_id, post_id) VALUES (65, 132);
INSERT INTO user_likes (user_id, post_id) VALUES (73, 132);
INSERT INTO user_likes (user_id, post_id) VALUES (74, 132);
INSERT INTO user_likes (user_id, post_id) VALUES (2, 132);
INSERT INTO user_likes (user_id, post_id) VALUES (16, 132);
INSERT INTO user_likes (user_id, post_id) VALUES (34, 132);
INSERT INTO user_likes (user_id, post_id) VALUES (20, 132);
INSERT INTO user_likes (user_id, post_id) VALUES (48, 132);
INSERT INTO posts (id, poster_id, title, body, created) VALUES (133, 32, 'charge check minute', 'onto good every I sort four window fish opportunity continue operation season direction son. article sign north moment. seat other cup lawyer activity science wear get major cold none college our deep rise. it. foot happy. low task teacher dream area. entire defense go compare fire newspaper live generation rather federal those house important free true himself where here fine best recent dream Mrs enjoy grow great laugh recently chance carry painting environment never lose anyone walk minute interesting floor account attention school hold for police certain church these heavy model some do maintain degree none professor contain my', '2021-11-06');
INSERT INTO post_comments (id, post_id, commenter_id, message, created) VALUES (0, 133, 36, 'land hair student phone claim research first tough success happen natural anyone piece on. answer she institution than that conference major down young save town fill stuff them. behavior real door best possible official fish late during five around arrive five son by relate partner former medical effect stand executive off knowledge lawyer sister foreign leg all scene approach cold. take turn challenge', '2021-11-06');
INSERT INTO post_comments (id, post_id, commenter_id, message, created) VALUES (1, 133, 51, 'to just follow room candidate you anything really indeed protect example understand firm but cut term man allow summer they notice cover by hit white pass include fire there thus different at stuff country amount these who any lay data until whether vote ability successful trade what life face by hospital middle for phone various entire begin law resource dream. rate per affect sure why skin arrive much significant PM authority change chair car research kid everything western show economy audience place', '2021-11-07');
INSERT INTO post_comments (id, post_id, commenter_id, message, created) VALUES (2, 133, 58, 'top former gun benefit site save grow grow know security three culture heart personal number laugh. condition. try budget court American. decade expect drive action door nor trial determine. area program relationship organization spring. clearly green notice machine answer fine power father event artist trouble rate key early least form political too tax cold night statement ago join total. outside rise follow relate leg score. many. money determine first ask memory respond together various again him hour us practice', '2021-11-08');
INSERT INTO post_comments (id, post_id, commenter_id, message, created) VALUES (3, 133, 35, 'hot dream whose crime half ever prevent system red teach off. enjoy collection seem front. toward western. Mr baby former lead focus. magazine nor. none include create level standard finally two member up believe visit general analysis control very black citizen fall. pay foot. tonight tough night. determine. along', '2021-11-08');
INSERT INTO post_comments (id, post_id, commenter_id, message, created) VALUES (4, 133, 2, 'film law purpose budget once positive officer force safe stay own week director approach raise according activity kid pretty remain down tell include between walk improve on blood form two tonight door these range price', '2021-11-07');
INSERT INTO post_comments (id, post_id, commenter_id, message, created) VALUES (5, 133, 60, 'nice much project how. nothing between. start view season seem happy go avoid project someone world region parent street. member prepare determine. magazine answer cut sing strong business. figure skin I day single. modern long it set air candidate write day sense include lead past benefit control PM decade specific role eat form learn', '2021-11-06');
INSERT INTO user_likes (user_id, post_id) VALUES (50, 133);
INSERT INTO user_likes (user_id, post_id) VALUES (19, 133);
INSERT INTO user_likes (user_id, post_id) VALUES (13, 133);
INSERT INTO user_likes (user_id, post_id) VALUES (63, 133);
INSERT INTO user_likes (user_id, post_id) VALUES (74, 133);
INSERT INTO user_likes (user_id, post_id) VALUES (28, 133);
INSERT INTO user_likes (user_id, post_id) VALUES (39, 133);
INSERT INTO user_likes (user_id, post_id) VALUES (33, 133);
INSERT INTO user_likes (user_id, post_id) VALUES (23, 133);
INSERT INTO posts (id, poster_id, title, body, created) VALUES (134, 62, 'beat add any study', 'individual become mind price mention measure song democratic fly. change throw against perhaps happy last. born could care catch song policy picture artist risk real great mouth feel certain world here list future interest compare real someone', '2021-10-19');
INSERT INTO post_comments (id, post_id, commenter_id, message, created) VALUES (0, 134, 60, 'mind. factor civil result five compare car tonight my attention anyone wonder room now culture like live material image pull. positive artist choose character choice suddenly fire hair position generation. blood song half police money view big. poor me herself imagine second and community before thank reveal table job training word girl despite seven power character new. personal night score western think certain although such community whole six we public relationship like ability never', '2021-10-21');
INSERT INTO post_comments (id, post_id, commenter_id, message, created) VALUES (1, 134, 68, 'knowledge lead per bank what. process lawyer civil generation thought add leave. cell scene alone foreign time seat available audience building determine face rich economy inside president policy necessary wife laugh too. building leader bring national', '2021-10-24');
INSERT INTO post_comments (id, post_id, commenter_id, message, created) VALUES (2, 134, 27, 'employee probably day. end join term medical other school close may safe thing first fire identify top would house good health write same baby somebody. wind behavior deal anything marriage hundred shoulder town hear stay total sure security natural large Mr article series. officer interest past perform. hundred leg. low air. reflect listen picture real long same physical matter start leg kind walk little walk guy seat factor score some draw', '2021-10-28');
INSERT INTO post_comments (id, post_id, commenter_id, message, created) VALUES (3, 134, 34, 'listen give glass pattern young former industry position theory. interesting identify something not edge dog bed describe challenge later scene fact meeting focus who during matter research majority away thus building apply employee quickly suddenly apply. necessary necessary work. color myself but away. account. major available position again magazine must believe quality money bill every tax study agreement. view hit American movie strategy might prepare laugh discussion movie control identify.', '2021-10-28');
INSERT INTO user_likes (user_id, post_id) VALUES (45, 134);
INSERT INTO posts (id, poster_id, title, body, created) VALUES (135, 27, 'night seek tell city', 'easy onto stock. true wonder specific player different Democrat data away life. with read share decide through change worry federal either evidence benefit and our Mrs central might hotel summer dream protect drop better not girl rate agency forget. whether tough know in like force tax. music decide morning candidate despite former speech. value two outside. receive property everything continue. listen second compare say various ahead skill task second phone send its firm least beyond candidate medical case let evening general media common growth however air economy base this know forget', '2021-10-14');
INSERT INTO post_comments (id, post_id, commenter_id, message, created) VALUES (0, 135, 18, 'both section keep also camera serious simply difference. race economic TV from language accept. course information against child since deal eat figure compare quickly thought PM president idea most manager south network hit ready fast clearly movement stop pass quite American drop. play plant note medical stock tough create the. kind. yard budget bill black brother drive. moment air phone example wear film. technology participant short institution. charge skill herself offer kitchen detail mouth interview military ever. might here series add strategy record public. prove nearly animal fire. end give', '2021-10-28');
INSERT INTO post_comments (id, post_id, commenter_id, message, created) VALUES (1, 135, 48, 'investment number manager list hope it Mrs animal character rule. should. national nearly blue really southern help black similar surface grow left word property. suffer stand yard can. side take day kind garden author establish century plant production well smile town head really those clear answer sister idea despite movement nation too difficult news protect few. appear scene. ever result purpose education focus a pull', '2021-10-21');
INSERT INTO user_likes (user_id, post_id) VALUES (42, 135);
INSERT INTO user_likes (user_id, post_id) VALUES (69, 135);
INSERT INTO user_likes (user_id, post_id) VALUES (71, 135);
INSERT INTO user_likes (user_id, post_id) VALUES (29, 135);
INSERT INTO user_likes (user_id, post_id) VALUES (55, 135);
INSERT INTO user_likes (user_id, post_id) VALUES (35, 135);
INSERT INTO user_likes (user_id, post_id) VALUES (38, 135);
INSERT INTO user_likes (user_id, post_id) VALUES (14, 135);
INSERT INTO user_likes (user_id, post_id) VALUES (57, 135);
INSERT INTO user_likes (user_id, post_id) VALUES (30, 135);
INSERT INTO user_likes (user_id, post_id) VALUES (28, 135);
INSERT INTO user_likes (user_id, post_id) VALUES (58, 135);
INSERT INTO user_likes (user_id, post_id) VALUES (21, 135);
INSERT INTO user_likes (user_id, post_id) VALUES (37, 135);
INSERT INTO user_likes (user_id, post_id) VALUES (34, 135);
INSERT INTO user_likes (user_id, post_id) VALUES (9, 135);
INSERT INTO posts (id, poster_id, title, body, created) VALUES (136, 31, 'certain she range', 'produce ground mother concern writer agency moment machine window push popular customer gas then situation program yourself Mrs marriage will family art build tree trouble present role instead edge. heart throughout someone sell responsibility avoid live less news majority career unit reveal. buy total kitchen science style happen treatment across style accept student I wide add coach eat old wind end. old child seven eye chance reduce', '2021-10-24');
INSERT INTO post_comments (id, post_id, commenter_id, message, created) VALUES (0, 136, 73, 'term foreign generation wonder indicate meet change other get sell right need anything especially look. have series training economy book form discussion dinner democratic trade local interest ready billion create well go forward positive pretty scientist response while simple rate letter news draw voice present. employee fly which owner professional crime their. happy answer final finish lose. many against democratic expect fall create situation back gun media spring necessary own. maintain it would however important range give any street for film reduce. find senior forward toward wrong great approach her father commercial. mother boy serious someone specific process responsibility. doctor', '2021-10-27');
INSERT INTO user_likes (user_id, post_id) VALUES (60, 136);
INSERT INTO user_likes (user_id, post_id) VALUES (61, 136);
INSERT INTO user_likes (user_id, post_id) VALUES (41, 136);
INSERT INTO user_likes (user_id, post_id) VALUES (3, 136);
INSERT INTO user_likes (user_id, post_id) VALUES (4, 136);
INSERT INTO user_likes (user_id, post_id) VALUES (19, 136);
INSERT INTO posts (id, poster_id, title, body, created) VALUES (137, 3, 'represent do open', 'network yard race difference site culture able. board become prove treatment improve enough bad. guy lose morning community anything leg agree white threat would design customer ahead field choose eat laugh think level manager much out high whole mean study imagine town your full. spring necessary whole throughout family behavior consider themselves. as him public fall western. peace audience.', '2021-10-30');
INSERT INTO post_comments (id, post_id, commenter_id, message, created) VALUES (0, 137, 4, 'company have create on admit business bad provide ago. song entire serious still respond hand upon service avoid economy dark subject same. rock she executive hospital. language most church free', '2021-11-06');
INSERT INTO post_comments (id, post_id, commenter_id, message, created) VALUES (1, 137, 18, 'yourself camera card enjoy course certain indicate decision artist thought three space civil oil common. discussion. number cost suddenly. different anyone quality organization capital city race move happen build. state establish wear result attack exactly result. still require at attorney while drug national great black include none serious spring assume yet source if go bag stage five rock station boy bring service analysis natural democratic always our order teach top senior single than finally', '2021-11-07');
INSERT INTO user_likes (user_id, post_id) VALUES (48, 137);
INSERT INTO user_likes (user_id, post_id) VALUES (36, 137);
INSERT INTO posts (id, poster_id, title, body, created) VALUES (138, 58, 'like full difficult', 'east budget yard teacher role. whether open him. air inside meeting brother. worry ahead some standard exist kid with collection popular last owner their piece case capital', '2021-10-25');
INSERT INTO post_comments (id, post_id, commenter_id, message, created) VALUES (0, 138, 1, 'tax section week late system attention require race president fear event property me which data food director. sense offer white local particularly none experience medical instead short herself head perform two community', '2021-10-30');
INSERT INTO post_comments (id, post_id, commenter_id, message, created) VALUES (1, 138, 35, 'discussion east instead officer ok thousand fall hair. collection south level case ago mind. drug sort down write person show general upon where building forward bar police', '2021-10-30');
INSERT INTO post_comments (id, post_id, commenter_id, message, created) VALUES (2, 138, 3, 'fall scene factor live near down behavior between health option young heart white fine song society discuss base. ahead girl different start compare. concern future decade. economy art although few determine among', '2021-11-08');
INSERT INTO post_comments (id, post_id, commenter_id, message, created) VALUES (3, 138, 48, 'likely view. five fly join lead way capital study director official energy just chair stage discover weight control. worker point poor policy even second prepare capital decade wear region partner.', '2021-11-04');
INSERT INTO post_comments (id, post_id, commenter_id, message, created) VALUES (4, 138, 19, 'herself brother subject choice best successful person include sure this player everything child perform forget radio allow down. authority bring require provide sort agent want fund guy yourself benefit country. view perform region. fine or set thought window fight them body hit already choose cell own defense avoid within decade note', '2021-11-03');
INSERT INTO post_comments (id, post_id, commenter_id, message, created) VALUES (5, 138, 53, 'air land benefit month around raise alone animal not nation cup that since before week miss range win another state trade sport seem ahead or list level move left generation. per always money lose hotel true factor dinner study without wait Democrat call lot try son eye radio spring study', '2021-11-03');
INSERT INTO post_comments (id, post_id, commenter_id, message, created) VALUES (6, 138, 26, 'remain not herself notice own order ago around sell consider serious ok view who program door red level bar movie across its but picture. one area reach. too. attorney prove shoulder wrong east. student hundred. move reality statement whom over professor tend American. candidate stand lot dark executive mind. during agree eight a natural return institution benefit music would station television son threat time magazine series PM speak than parent eat right worry next third side surface. office trouble small require wind daughter coach win risk charge behavior size tonight increase PM', '2021-10-29');
INSERT INTO user_likes (user_id, post_id) VALUES (52, 138);
INSERT INTO user_likes (user_id, post_id) VALUES (54, 138);
INSERT INTO user_likes (user_id, post_id) VALUES (70, 138);
INSERT INTO user_likes (user_id, post_id) VALUES (51, 138);
INSERT INTO user_likes (user_id, post_id) VALUES (62, 138);
INSERT INTO user_likes (user_id, post_id) VALUES (6, 138);
INSERT INTO user_likes (user_id, post_id) VALUES (13, 138);
INSERT INTO user_likes (user_id, post_id) VALUES (23, 138);
INSERT INTO user_likes (user_id, post_id) VALUES (48, 138);
INSERT INTO user_likes (user_id, post_id) VALUES (33, 138);
INSERT INTO user_likes (user_id, post_id) VALUES (27, 138);
INSERT INTO user_likes (user_id, post_id) VALUES (35, 138);
INSERT INTO user_likes (user_id, post_id) VALUES (14, 138);
INSERT INTO user_likes (user_id, post_id) VALUES (55, 138);
INSERT INTO user_likes (user_id, post_id) VALUES (17, 138);
INSERT INTO posts (id, poster_id, title, body, created) VALUES (139, 2, 'tell increase opportunity', 'as our kid PM reduce same detail wait smile police personal national off thank energy allow gun special class deal tax involve television myself health left. concern despite ability miss people rate until us expert it information glass picture may table owner painting might if father note. believe forward again president citizen enough majority worry my someone method allow. sport involve. Republican key security it suggest husband political single him reason wrong international rate', '2021-10-31');
INSERT INTO post_comments (id, post_id, commenter_id, message, created) VALUES (0, 139, 62, 'teach probably change third chair hope compare. child involve single positive item professional against believe look budget rise. join floor American white charge authority or image must set thing employee process child group imagine', '2021-10-31');
INSERT INTO user_likes (user_id, post_id) VALUES (45, 139);
INSERT INTO posts (id, poster_id, title, body, created) VALUES (140, 46, 'girl page option paper', 'place just send they make out share ask red worker way information day manage prevent almost believe recently center well edge tough well. summer process outside individual fire chance among finish miss put month prevent successful affect. clearly determine right fly', '2021-10-11');
INSERT INTO user_likes (user_id, post_id) VALUES (37, 140);
INSERT INTO user_likes (user_id, post_id) VALUES (67, 140);
INSERT INTO user_likes (user_id, post_id) VALUES (44, 140);
INSERT INTO user_likes (user_id, post_id) VALUES (55, 140);
INSERT INTO user_likes (user_id, post_id) VALUES (14, 140);
INSERT INTO user_likes (user_id, post_id) VALUES (33, 140);
INSERT INTO user_likes (user_id, post_id) VALUES (64, 140);
INSERT INTO user_likes (user_id, post_id) VALUES (26, 140);
INSERT INTO posts (id, poster_id, title, body, created) VALUES (141, 32, 'between teacher than writer', 'contain party civil that else for mean class meeting rock training toward detail serve state green without perform television well down might eat include civil early away member firm she employee open difference push interest part race shoulder tough road message keep mention ready everybody suddenly response. land service full treat eye miss campaign she meet have stand because nearly support remember difference send rate represent assume wear. by actually. development tax sound fly', '2021-10-19');
INSERT INTO post_comments (id, post_id, commenter_id, message, created) VALUES (0, 141, 56, 'still air. memory happen manager sing deal vote meet beat old author others cell five song my spend compare dream significant authority plan stop buy military. especially from well way. here leave hour laugh public accept speak. some future health provide record source usually you about house let old. provide thank yeah two those half least fly finally network seat head choice interest news throw and class list clearly stock today team real various establish person nice truth prepare read arrive. beyond product discover environmental at ready remember skin. former', '2021-10-29');
INSERT INTO post_comments (id, post_id, commenter_id, message, created) VALUES (1, 141, 59, 'drive under inside eight always owner improve civil my where inside natural away throw. pull answer want feel effect than company cell technology either section grow mother then Congress support might smile security home age be analysis south daughter when produce baby which police about two network officer lay wide', '2021-11-01');
INSERT INTO post_comments (id, post_id, commenter_id, message, created) VALUES (2, 141, 1, 'work public sometimes stand point whether Democrat. degree scientist develop former such blood fear each key church develop miss mean feeling this see hospital what mission yes industry such ask both million bad that product serious travel already about majority surface tend type mean check politics respond six happen war. million several management. late sort blue', '2021-10-24');
INSERT INTO user_likes (user_id, post_id) VALUES (30, 141);
INSERT INTO user_likes (user_id, post_id) VALUES (51, 141);
INSERT INTO user_likes (user_id, post_id) VALUES (6, 141);
INSERT INTO user_likes (user_id, post_id) VALUES (24, 141);
INSERT INTO user_likes (user_id, post_id) VALUES (54, 141);
INSERT INTO user_likes (user_id, post_id) VALUES (40, 141);
INSERT INTO user_likes (user_id, post_id) VALUES (22, 141);
INSERT INTO user_likes (user_id, post_id) VALUES (46, 141);
INSERT INTO user_likes (user_id, post_id) VALUES (19, 141);
INSERT INTO user_likes (user_id, post_id) VALUES (16, 141);
INSERT INTO user_likes (user_id, post_id) VALUES (20, 141);
INSERT INTO posts (id, poster_id, title, body, created) VALUES (142, 3, 'coach day soldier', 'industry specific him hard with themselves thing left. outside walk later check significant first treatment no. line investment blood subject truth represent rise again education like probably finally whom financial teacher fact sea organization tonight much mouth ready these product draw arm series without social myself either participant. window dinner successful create group week political theory just alone determine health method administration more soldier physical any let contain through history nice game my song. nation later cost third long. truth garden describe evidence beyond glass new question', '2021-11-02');
INSERT INTO post_comments (id, post_id, commenter_id, message, created) VALUES (0, 142, 59, 'never pattern leave personal force evening blood measure bar study find begin program open chair place opportunity boy professional art traditional score hit shake machine else single family year however level some contain there step other benefit under everything four be thousand government light that include light dinner not mouth change itself father down PM whether. nature hotel reality cold history story own bag television former rich. road make deep value color quality by bad somebody subject very back democratic source boy treatment through central always present. behavior determine general memory most board. address', '2021-11-07');
INSERT INTO post_comments (id, post_id, commenter_id, message, created) VALUES (1, 142, 12, 'decide ability staff us idea poor leader market wonder product point into. approach half policy enter poor forward leg experience despite home blood small lose save reduce also more past air statement debate staff case heavy believe job full statement various easy. certain the through imagine decade. day fly wife real discuss off believe put glass large hotel off song window wait appear life grow paper. lead participant.', '2021-11-04');
INSERT INTO user_likes (user_id, post_id) VALUES (73, 142);
INSERT INTO user_likes (user_id, post_id) VALUES (58, 142);
INSERT INTO user_likes (user_id, post_id) VALUES (45, 142);
INSERT INTO user_likes (user_id, post_id) VALUES (48, 142);
INSERT INTO user_likes (user_id, post_id) VALUES (32, 142);
INSERT INTO user_likes (user_id, post_id) VALUES (60, 142);
INSERT INTO user_likes (user_id, post_id) VALUES (53, 142);
INSERT INTO user_likes (user_id, post_id) VALUES (6, 142);
INSERT INTO user_likes (user_id, post_id) VALUES (36, 142);
INSERT INTO user_likes (user_id, post_id) VALUES (23, 142);
INSERT INTO user_likes (user_id, post_id) VALUES (8, 142);
INSERT INTO user_likes (user_id, post_id) VALUES (52, 142);
INSERT INTO posts (id, poster_id, title, body, created) VALUES (143, 6, 'decision player travel', 'control health. popular prevent point unit truth several small little sort difficult food campaign detail hit and but ever. eye possible security management tree his', '2021-10-25');
INSERT INTO post_comments (id, post_id, commenter_id, message, created) VALUES (0, 143, 70, 'rather perform police course say wife point meet art itself employee after discover agency parent central. factor certainly may relationship stand often executive strong ago officer travel necessary air main health opportunity make blood part effect speak moment when conference special stop authority somebody hit born by western fact box unit minute mind. project game camera from discuss personal issue listen billion worry government camera resource energy believe least reach herself series until benefit a. church good. dinner into cup example evening as official stop political inside room investment example', '2021-10-26');
INSERT INTO post_comments (id, post_id, commenter_id, message, created) VALUES (1, 143, 57, 'commercial send long skin choice effort paper live decide today usually structure watch question sister expert easy wide particularly guess. little act single camera sign camera method spring. make network as cup through lead girl represent about be message side example whatever per continue feel sea star home level pay second our leader yeah', '2021-10-25');
INSERT INTO post_comments (id, post_id, commenter_id, message, created) VALUES (2, 143, 28, 'movement kid necessary not authority who fall many live under serve. interview important continue parent network area through brother however soldier natural remember trial PM large large magazine. public despite room dinner social Mrs industry under model far officer for value message career single. heart attack strategy baby. later score above process interview any board himself could green local radio TV part accept support trip pass art president report such which family performance report tend federal property responsibility lot. fish by majority use occur positive major military decide identify general two during almost door southern', '2021-10-28');
INSERT INTO post_comments (id, post_id, commenter_id, message, created) VALUES (3, 143, 67, 'industry detail response assume artist not at skill national visit know head claim somebody turn assume my. nothing run behavior wonder dog car act whole only. if commercial compare hot drop relationship expect state force school. open beyond PM paper build production light social test. full deal either. beat town professional data cold media government station wait heavy small everything my heavy other training wish financial', '2021-11-03');
INSERT INTO post_comments (id, post_id, commenter_id, message, created) VALUES (4, 143, 54, 'company country well future store special star. say quality may bag design sister current call. commercial air. gas. nearly we. condition other side entire call four pick price moment eat picture develop light call specific son operation pressure car president themselves window kind ahead get customer beat. entire management guess none expect two early arm above name food sound would toward east friend watch road other threat popular other positive key require increase. them even election enough news whole yes home might nature million part nature show support ahead claim less court check.', '2021-10-26');
INSERT INTO post_comments (id, post_id, commenter_id, message, created) VALUES (5, 143, 18, 'condition strong determine thing others set federal toward response but policy bill including help child ground site painting these human matter west. up quite really personal start city enough official husband military fund yourself environment whatever maybe market level produce scientist old well be management Mr road control plan practice police. part type stop mission around other attorney inside throw until explain finish thousand score. surface here those kitchen cup own close could glass lead. hotel finish economic stage hospital area direction democratic sound quite few', '2021-11-02');
INSERT INTO post_comments (id, post_id, commenter_id, message, created) VALUES (6, 143, 74, 'item example day west poor almost recent one home general. thus personal him father leader rather art ball allow design whole about defense economy ever wind instead use model page include painting evening in people prove final. wide moment plant fear a cultural may fly skill buy risk yourself chance offer piece this', '2021-11-07');
INSERT INTO post_comments (id, post_id, commenter_id, message, created) VALUES (7, 143, 53, 'military live of window south mean to deal office after reveal. he central provide media back. drive among protect point bad rock beat individual single change lot certainly religious trade consumer off effort soldier rule open never prepare talk still property laugh black whole build message international beautiful. various book car impact. talk many draw figure decide her major music matter able board might listen bit energy ok ready laugh right area. why alone show compare. nothing. decide never step Congress base herself than stuff', '2021-11-08');
INSERT INTO post_comments (id, post_id, commenter_id, message, created) VALUES (8, 143, 22, 'cultural serious history task. past spend family ready arrive floor watch foreign word might gun send whole food example work difficult leader. also himself out discover parent. her this', '2021-10-27');
INSERT INTO post_comments (id, post_id, commenter_id, message, created) VALUES (9, 143, 32, 'concern road political success reason protect understand south. board American hear religious across write break so performance anyone watch space fish interview year political argue million. what public. every answer need investment whose play drug door goal get dark material deep knowledge. man leg ability well occur certainly bar spring eye new class if character. behind put condition structure miss resource result how boy office home pressure available data miss parent I indeed admit answer suffer might represent support mission represent senior. vote production community party address reduce. set decision', '2021-10-26');
INSERT INTO user_likes (user_id, post_id) VALUES (55, 143);
INSERT INTO user_likes (user_id, post_id) VALUES (54, 143);
INSERT INTO user_likes (user_id, post_id) VALUES (16, 143);
INSERT INTO user_likes (user_id, post_id) VALUES (15, 143);
INSERT INTO user_likes (user_id, post_id) VALUES (59, 143);
INSERT INTO user_likes (user_id, post_id) VALUES (67, 143);
INSERT INTO user_likes (user_id, post_id) VALUES (2, 143);
INSERT INTO user_likes (user_id, post_id) VALUES (66, 143);
INSERT INTO user_likes (user_id, post_id) VALUES (21, 143);
INSERT INTO user_likes (user_id, post_id) VALUES (35, 143);
INSERT INTO user_likes (user_id, post_id) VALUES (26, 143);
INSERT INTO user_likes (user_id, post_id) VALUES (39, 143);
INSERT INTO user_likes (user_id, post_id) VALUES (17, 143);
INSERT INTO user_likes (user_id, post_id) VALUES (1, 143);
INSERT INTO user_likes (user_id, post_id) VALUES (9, 143);
INSERT INTO user_likes (user_id, post_id) VALUES (56, 143);
INSERT INTO user_likes (user_id, post_id) VALUES (57, 143);
INSERT INTO posts (id, poster_id, title, body, created) VALUES (144, 36, 'either nor', 'soon return cup begin. those day company rate finally. yeah huge along remain lot day quickly lead idea practice. write north wind. game return shoulder site subject population worker city candidate conference physical name walk administration everybody like represent. two section between theory ground. half bag probably your up set throughout school race knowledge way on small understand long kitchen including often happen project vote step large see action morning relationship', '2021-11-07');
INSERT INTO post_comments (id, post_id, commenter_id, message, created) VALUES (0, 144, 0, 'through shoulder military ability six discuss budget drive institution share anything instead television wonder no later buy beat describe analysis PM food not dog fact star include', '2021-11-07');
INSERT INTO post_comments (id, post_id, commenter_id, message, created) VALUES (1, 144, 65, 'floor audience pressure husband deep ago. stock purpose since day against among natural value especially song particularly new town number sister summer wall network machine article suddenly ability none why. front. art medical end second season week energy act wonder executive wife discussion may party different defense treatment quickly deep together front', '2021-11-07');
INSERT INTO post_comments (id, post_id, commenter_id, message, created) VALUES (2, 144, 53, 'him turn movie. step choice information ok race. statement wait heart military hear building. subject civil everything information world network recognize whole television itself. increase under foot wife get. individual personal avoid side field sense school response indicate goal near skill wonder their woman expect. other provide leave age his particular product woman focus form kind special stop', '2021-11-08');
INSERT INTO post_comments (id, post_id, commenter_id, message, created) VALUES (3, 144, 40, 'question responsibility physical what form response leader car three century son measure value hundred draw surface way door example commercial lay medical practice great southern hot stuff value but contain. although skin respond food position bad tend', '2021-11-07');
INSERT INTO post_comments (id, post_id, commenter_id, message, created) VALUES (4, 144, 58, 'way rather discussion type campaign goal yeah act tree worker say piece little begin people cause thought material sport music plan by network kind finally however four', '2021-11-07');
INSERT INTO post_comments (id, post_id, commenter_id, message, created) VALUES (5, 144, 66, 'drive health run picture picture customer mean imagine rise way daughter because. choose she human network. arrive agreement staff agency strategy that gun buy star where then expert choice middle score support issue organization stuff system box soon. a sure address ten far follow market catch represent he try give medical', '2021-11-07');
INSERT INTO post_comments (id, post_id, commenter_id, message, created) VALUES (6, 144, 36, 'speech much throughout side class material box you director. decision me enjoy lose nearly design structure week offer student street every job rest. wait themselves about realize bill owner rule development go probably recent red agent serious company call budget speech seek floor industry artist several baby write agreement figure Mrs yard. training pick under form education news', '2021-11-07');
INSERT INTO user_likes (user_id, post_id) VALUES (28, 144);
INSERT INTO user_likes (user_id, post_id) VALUES (41, 144);
INSERT INTO user_likes (user_id, post_id) VALUES (68, 144);
INSERT INTO user_likes (user_id, post_id) VALUES (67, 144);
INSERT INTO user_likes (user_id, post_id) VALUES (4, 144);
INSERT INTO user_likes (user_id, post_id) VALUES (31, 144);
INSERT INTO user_likes (user_id, post_id) VALUES (2, 144);
INSERT INTO posts (id, poster_id, title, body, created) VALUES (145, 40, 'attorney magazine', 'entire remember situation later worker wife despite talk may shake mean top whose west history program use street yes let share. group approach describe trip response which local together site really ground only situation must allow lot research practice test only language me administration certainly base least when guess trade beyond space perhaps clear food alone often road local hour actually wife company past. describe. information see other writer play film final character', '2021-11-04');
INSERT INTO post_comments (id, post_id, commenter_id, message, created) VALUES (0, 145, 72, 'charge beyond opportunity dog enter none while important magazine. this education should left black let lead drive owner hour so state speech difference true really while present watch trip factor sure high ok current indeed foreign moment large. hold north pass lead fire beautiful another nature score. civil court laugh feeling say leg. moment past citizen into. do avoid from fall arrive short position individual stuff enjoy often fly', '2021-11-05');
INSERT INTO post_comments (id, post_id, commenter_id, message, created) VALUES (1, 145, 17, 'perhaps his during. tonight law rich reduce happen color series experience sort heavy decade travel dog interview really cut stuff by worry culture debate according', '2021-11-06');
INSERT INTO post_comments (id, post_id, commenter_id, message, created) VALUES (2, 145, 20, 'yard throw government scientist later politics work indeed language itself leader receive there admit those. understand where total public share tough difficult free. you make avoid common take eight very star.', '2021-11-07');
INSERT INTO user_likes (user_id, post_id) VALUES (44, 145);
INSERT INTO user_likes (user_id, post_id) VALUES (49, 145);
INSERT INTO user_likes (user_id, post_id) VALUES (55, 145);
INSERT INTO user_likes (user_id, post_id) VALUES (39, 145);
INSERT INTO user_likes (user_id, post_id) VALUES (71, 145);
INSERT INTO user_likes (user_id, post_id) VALUES (8, 145);
INSERT INTO user_likes (user_id, post_id) VALUES (16, 145);
INSERT INTO user_likes (user_id, post_id) VALUES (57, 145);
INSERT INTO user_likes (user_id, post_id) VALUES (60, 145);
INSERT INTO user_likes (user_id, post_id) VALUES (63, 145);
INSERT INTO user_likes (user_id, post_id) VALUES (38, 145);
INSERT INTO posts (id, poster_id, title, body, created) VALUES (146, 31, 'yes serve act talk', 'hold compare base range something. world begin. culture edge. bill wide break many that sit them suddenly author analysis section give relationship believe idea nothing staff body hour democratic receive case organization address why son news billion month feel act risk long anyone talk wish value cup while live. better argue firm again maintain sister glass dog list him', '2021-10-19');
INSERT INTO post_comments (id, post_id, commenter_id, message, created) VALUES (0, 146, 12, 'just space rich responsibility risk. foot commercial often Democrat effort mean professional sister option really first budget partner lot computer age production difference push center ever break recently either quickly idea which fire international Mr doctor tax region clearly spend garden next especially network price its. dark. sometimes reflect activity', '2021-11-03');
INSERT INTO post_comments (id, post_id, commenter_id, message, created) VALUES (1, 146, 19, 'attorney sea law best while prevent inside town like theory able candidate method. thank national own direction foreign side travel number identify although particular debate piece first see instead national her piece peace letter customer beyond artist yet area consumer at grow at write open shoulder bank way what assume manager identify in work it small put wrong notice manager according stock so smile control buy quickly him summer floor local behind similar base information physical better admit strong first seat guess hair actually PM along himself day', '2021-10-26');
INSERT INTO user_likes (user_id, post_id) VALUES (15, 146);
INSERT INTO user_likes (user_id, post_id) VALUES (27, 146);
INSERT INTO user_likes (user_id, post_id) VALUES (8, 146);
INSERT INTO user_likes (user_id, post_id) VALUES (47, 146);
INSERT INTO posts (id, poster_id, title, body, created) VALUES (147, 13, 'up west wind entire', 'since shoulder guess green maintain moment maintain military decade fact even evidence but go story call positive home. support heavy hotel on buy yet relate say tell step safe add task money conference feeling sure value into anyone off mention might book ahead movement simply quality stand building street speak in soldier soon crime another environment training environmental size night understand where great hold hour husband table including growth international plant art protect feel pretty pay allow', '2021-11-02');
INSERT INTO user_likes (user_id, post_id) VALUES (42, 147);
INSERT INTO user_likes (user_id, post_id) VALUES (7, 147);
INSERT INTO user_likes (user_id, post_id) VALUES (73, 147);
INSERT INTO user_likes (user_id, post_id) VALUES (71, 147);
INSERT INTO user_likes (user_id, post_id) VALUES (19, 147);
INSERT INTO user_likes (user_id, post_id) VALUES (56, 147);
INSERT INTO user_likes (user_id, post_id) VALUES (52, 147);
INSERT INTO user_likes (user_id, post_id) VALUES (38, 147);
INSERT INTO user_likes (user_id, post_id) VALUES (37, 147);
INSERT INTO user_likes (user_id, post_id) VALUES (6, 147);
INSERT INTO user_likes (user_id, post_id) VALUES (60, 147);
INSERT INTO user_likes (user_id, post_id) VALUES (65, 147);
INSERT INTO posts (id, poster_id, title, body, created) VALUES (148, 20, 'happen rock ball', 'hot car hard can defense wrong case me blood detail care perform among man us push security size unit sense have source speech south third hundred life different rest tax heart glass exist various door center cup sometimes raise course feeling entire tough coach that ground appear degree necessary want usually little over glass also play than fund young', '2021-10-22');
INSERT INTO post_comments (id, post_id, commenter_id, message, created) VALUES (0, 148, 24, 'teacher decide do theory least country leader fish raise tonight suffer generation religious involve yard modern different. arrive care rule affect social late run provide pressure husband main stage Mr. peace recognize positive tax place offer majority. between since billion course thousand. mention pattern business expert good protect today seek resource current sport election machine glass left view save its respond red more radio water practice data order especially fill cut', '2021-11-07');
INSERT INTO post_comments (id, post_id, commenter_id, message, created) VALUES (1, 148, 57, 'take. style interest child especially management avoid team accept. age health enter bill degree start finish six character material offer investment difficult. apply each agent practice choose most meeting or spend partner rock look drive. somebody available shoulder view game must kitchen prepare general including save themselves future. every hard audience stand road. society least. provide surface view college letter significant indeed whole world team. conference large may. education happy', '2021-11-08');
INSERT INTO post_comments (id, post_id, commenter_id, message, created) VALUES (2, 148, 71, 'finish away style theory bed data spend behavior prevent west. better life dark enough claim identify brother risk now next. ground manage worry after social bar spring recent husband necessary level all own safe weight matter activity task key position side', '2021-10-22');
INSERT INTO post_comments (id, post_id, commenter_id, message, created) VALUES (3, 148, 55, 'claim school. key. interest seem little evidence Mr street animal music cold discover growth way possible idea society policy forget authority question home since. draw beat remain the maybe commercial which course trade according wait position day shoulder dog century six soon night range at explain green majority heart now international allow outside ready may analysis population lead. bit help beyond plan learn four', '2021-10-28');
INSERT INTO user_likes (user_id, post_id) VALUES (34, 148);
INSERT INTO user_likes (user_id, post_id) VALUES (58, 148);
INSERT INTO user_likes (user_id, post_id) VALUES (52, 148);
INSERT INTO user_likes (user_id, post_id) VALUES (51, 148);
INSERT INTO user_likes (user_id, post_id) VALUES (30, 148);
INSERT INTO posts (id, poster_id, title, body, created, last_edited) VALUES (149, 70, 'real so would', 'put particularly. story west one issue go discover practice education short suffer leader board daughter TV minute appear step bit on approach eat her according. bad. many. floor community expect section top fish happy. my give indeed old word. ground paper pressure describe shake concern drive politics school have pattern', '2021-10-23', '2021-10-23');
INSERT INTO post_comments (id, post_id, commenter_id, message, created) VALUES (0, 149, 65, 'language manager stock blood pay true practice show itself side arrive. involve reason answer always involve air performance officer leg my. dream particular recent new thought yard adult onto wear door drive all benefit lot public company stuff region account. draw other same message thus parent new task way. former serious customer chair series civil fine else herself vote upon work dark interview. yes say point run medical lead cultural outside main', '2021-10-29');
INSERT INTO post_comments (id, post_id, commenter_id, message, created) VALUES (1, 149, 35, 'class our throw risk. lead general site democratic job election air probably always control claim particularly citizen environmental character catch note body deep report many reach issue anything husband off consumer why financial once particularly should tell fish edge even need option environment business fill education nation may fall side since religious', '2021-11-05');
INSERT INTO post_comments (id, post_id, commenter_id, message, created) VALUES (2, 149, 3, 'but church culture. always pick theory tree federal work capital fact letter in. environmental near perform pay animal middle against sport project report democratic memory lot capital pay subject service save do improve support rock fine. all project. without its leader much base risk hand worker after field early knowledge east accept more their daughter same start by help method I perform establish share listen. watch certainly operation', '2021-11-01');
INSERT INTO post_comments (id, post_id, commenter_id, message, created) VALUES (3, 149, 29, 'person final score strong myself human truth picture represent meet write a government scene light ever difficult occur yard in decade just social light fall may finally quickly since power right commercial city hot family reach investment. push west while course pressure hair happen tree know. small today computer social edge table building issue range hard dark particularly pick successful I order generation avoid forward each sort church manager bring detail may. myself job. born recognize soon. long buy read skill per road method today alone similar majority Mr feel notice some color baby garden try throw home', '2021-10-26');
INSERT INTO post_comments (id, post_id, commenter_id, message, created) VALUES (4, 149, 16, 'finally exactly talk above scene reflect assume able theory wish hundred expert them old benefit north truth matter best great who project. support behavior attention animal lay capital including result standard community certain action bad group detail cold pattern send office loss morning. decision discuss collection there edge professor notice white. common business PM involve set help control because century soldier different all maybe attorney become myself attorney local instead necessary market pick what food outside my evening spring include. church understand customer method down write guy spend keep discussion account site card political professor tonight', '2021-10-27');
INSERT INTO post_comments (id, post_id, commenter_id, message, created) VALUES (5, 149, 59, 'possible can arm community country today. take be involve with official history raise toward bit. less author establish collection improve special account particularly focus edge three culture by. main prevent create must dog yes job read account behind especially thing time interview beat agency Mr none until federal help quality eight onto serious data local soldier effort where stay behind own soon four soon speak executive cost indicate certainly away open. election tonight remain various yet receive which TV suddenly happy get laugh send couple about decade start blood reflect born across month onto what act civil', '2021-10-25');
INSERT INTO post_comments (id, post_id, commenter_id, message, created) VALUES (6, 149, 65, 'beyond performance. hard image approach apply possible marriage act trip establish through eye find. event both president ball onto quality scientist treat executive both. surface subject doctor trouble sign part hand yourself Mr give create agreement mother great research memory market onto rule plan. official strategy reach test difficult. toward even down international himself final picture', '2021-11-06');
INSERT INTO post_comments (id, post_id, commenter_id, message, created) VALUES (7, 149, 46, 'mouth question experience sing remember visit our beyond other lead shoulder hospital. ok cause citizen. Democrat. major. increase. player time interesting rich service mention list trial policy television pattern truth ground see live federal explain fact attack firm. establish little because purpose. resource company threat prepare move now radio push. right challenge value community you good exist respond protect stuff top look wear everybody all hand until because action little head relate senior analysis family simple instead draw feeling realize contain health scene material staff avoid. man report trial little important safe event structure home money model figure', '2021-10-26');
INSERT INTO post_comments (id, post_id, commenter_id, message, created) VALUES (8, 149, 73, 'age degree. both religious water play road their maintain near oil wish indicate western situation team country figure mouth practice management economy each past something just. military study create their there music. pass board', '2021-11-02');
INSERT INTO user_likes (user_id, post_id) VALUES (64, 149);
INSERT INTO user_likes (user_id, post_id) VALUES (51, 149);
INSERT INTO user_likes (user_id, post_id) VALUES (63, 149);
INSERT INTO user_likes (user_id, post_id) VALUES (46, 149);
INSERT INTO user_likes (user_id, post_id) VALUES (56, 149);
INSERT INTO user_likes (user_id, post_id) VALUES (62, 149);
INSERT INTO user_likes (user_id, post_id) VALUES (71, 149);
INSERT INTO user_likes (user_id, post_id) VALUES (36, 149);
INSERT INTO user_likes (user_id, post_id) VALUES (31, 149);
INSERT INTO user_likes (user_id, post_id) VALUES (44, 149);
INSERT INTO user_likes (user_id, post_id) VALUES (14, 149);
INSERT INTO user_likes (user_id, post_id) VALUES (9, 149);
INSERT INTO user_likes (user_id, post_id) VALUES (25, 149);
INSERT INTO user_likes (user_id, post_id) VALUES (18, 149);
INSERT INTO user_likes (user_id, post_id) VALUES (27, 149);
INSERT INTO user_likes (user_id, post_id) VALUES (59, 149);
INSERT INTO posts (id, poster_id, title, body, created) VALUES (150, 47, 'statement style physical prove', 'student per environmental once as story animal administration computer develop up customer. entire environment away leave close you maintain growth process behind director lose turn ever movie near land accept whom majority over industry her. consumer sit write TV black go option follow wish much attention. boy focus perform government ten mother fall end give hear old over easy. economy ten little white ago agent type improve upon age maintain professor hair camera sort store goal population', '2021-10-10');
INSERT INTO post_comments (id, post_id, commenter_id, message, created) VALUES (0, 150, 20, 'person first fund box chance today serve serious process. owner rate security part religious weight skill green sing sign him former show report conference magazine risk enough represent activity remain address collection hope protect attack space identify trouble bed television heart', '2021-11-04');
INSERT INTO post_comments (id, post_id, commenter_id, message, created) VALUES (1, 150, 53, 'table media born offer ready happen young involve condition charge under side sport son detail for court eye. population address. concern Mrs development talk check store issue catch. fill system. serious movie term campaign treatment country another style officer role at seven thousand', '2021-11-03');
INSERT INTO post_comments (id, post_id, commenter_id, message, created) VALUES (2, 150, 18, 'pretty. measure case song in add season discuss full detail investment. investment nation thus cultural clear author American about of instead commercial movie street everybody enter design again media necessary model arm ever like relate country job represent exist. news city enough staff a woman notice hospital hotel ago. black nature. wife walk. since choose another dream return get southern film movie short range happen. tend that these size house million eat suffer', '2021-11-07');
INSERT INTO user_likes (user_id, post_id) VALUES (4, 150);
INSERT INTO user_likes (user_id, post_id) VALUES (24, 150);
INSERT INTO user_likes (user_id, post_id) VALUES (36, 150);
INSERT INTO user_likes (user_id, post_id) VALUES (17, 150);
INSERT INTO posts (id, poster_id, title, body, created) VALUES (151, 3, 'right box physical fear', 'as. individual clear middle bed son I woman action certainly store hotel director room doctor break business what oil produce pull training my as. later along among view leader big', '2021-11-03');
INSERT INTO post_comments (id, post_id, commenter_id, message, created) VALUES (0, 151, 11, 'social. off product follow every. consumer west girl painting part would arrive. development stuff occur determine worry unit behind effort whole never history until staff guess left must president there defense entire position act both other power. special eight sport control crime natural race style lawyer traditional perhaps defense style single gas goal main once part how wonder mission game fear instead size professor agency ahead vote and out job group push couple car music guess. try no particularly official decade deep seek learn young out remember growth', '2021-11-08');
INSERT INTO post_comments (id, post_id, commenter_id, message, created) VALUES (1, 151, 26, 'right throughout. get challenge respond kind here community itself station however fact employee deal technology. arm. movement cover character cover cost inside need quickly tonight something focus. table fund either position more. two show weight indeed. window cold foreign special', '2021-11-06');
INSERT INTO post_comments (id, post_id, commenter_id, message, created) VALUES (2, 151, 67, 'easy. somebody produce down figure sea season bring heavy cost century white number back full cell quality difference attention expect traditional control bring agree table finally forget meeting girl morning article view low yeah way fall ready traditional instead option husband. president short painting reduce scene lead age fear. language join perform to discussion with need piece leader yard wish protect bank enough book second good western administration impact tough discuss he start. always learn loss memory education bit approach skill past rule dream generation style', '2021-11-08');
INSERT INTO post_comments (id, post_id, commenter_id, message, created) VALUES (3, 151, 30, 'suggest. operation upon read central stock decide sometimes language this main security. door. old cultural him before third every role mission drop fine out painting care ready feeling hand. national bit us kid through major possible girl enter guess let reveal into fall million quite for describe task affect. natural central common property. walk return bag draw along government miss PM pay white space catch wide director early still others we create', '2021-11-08');
INSERT INTO post_comments (id, post_id, commenter_id, message, created) VALUES (4, 151, 54, 'lead season hour unit commercial assume service skin represent mean leave ask brother page order time know war around call in glass smile program lose add wonder near white star wait. win door set inside executive fish', '2021-11-04');
INSERT INTO user_likes (user_id, post_id) VALUES (51, 151);
INSERT INTO user_likes (user_id, post_id) VALUES (37, 151);
INSERT INTO user_likes (user_id, post_id) VALUES (62, 151);
INSERT INTO user_likes (user_id, post_id) VALUES (64, 151);
INSERT INTO user_likes (user_id, post_id) VALUES (52, 151);
INSERT INTO user_likes (user_id, post_id) VALUES (49, 151);
INSERT INTO user_likes (user_id, post_id) VALUES (24, 151);
INSERT INTO posts (id, poster_id, title, body, created, last_edited) VALUES (152, 6, 'enter many', 'language TV some model address significant trial quite only wish child why style get every guess father popular cold table take forget customer little line himself couple great practice company either degree drive concern dream think he bank amount dream. human sell most foot Democrat door. where. technology keep guess help', '2021-10-15', '2021-10-21');
INSERT INTO post_comments (id, post_id, commenter_id, message, created) VALUES (0, 152, 9, 'occur administration left may bank manage especially approach identify decision pattern central forget indicate think capital military street. realize focus image important we deal soon evidence important. chance past line identify president million TV impact sign mean over laugh she while meeting society somebody let attention marriage keep none so each free food individual discuss result dream along party Mrs job must follow term tell drug official southern', '2021-10-21');
INSERT INTO post_comments (id, post_id, commenter_id, message, created) VALUES (1, 152, 60, 'TV event recent face issue alone light forget near fine effect money next sea learn parent buy sort although. try market truth key phone guess serious business end store stock care change responsibility there after will shoulder. spend major together nothing walk reach phone seem interesting capital tell between both guy account contain what thought available become nothing movie generation glass Democrat character society young. certainly condition. sing some. only life Congress because line southern. kind design painting according why direction hair body parent light throughout. region leg color wife card seek difference beyond behind race energy fund', '2021-10-30');
INSERT INTO post_comments (id, post_id, commenter_id, message, created) VALUES (2, 152, 51, 'edge nor policy. forward care well inside. drug number rich soldier material ask form scientist soldier the pattern to necessary school mouth authority knowledge home quickly within', '2021-10-30');
INSERT INTO post_comments (id, post_id, commenter_id, message, created) VALUES (3, 152, 65, 'consider ahead past operation stage us type common glass moment relate. hard. student. but challenge west crime look personal provide daughter after sign key open evidence draw analysis. blood guess serve young son new religious truth common name suddenly car than line act hear situation same however still manage popular baby woman kid prove. author leave challenge necessary good institution network language Democrat middle anything floor together girl record someone. trial leave modern magazine discussion. first score', '2021-10-18');
INSERT INTO post_comments (id, post_id, commenter_id, message, created) VALUES (4, 152, 46, 'whatever vote black view present study fear brother. authority coach for. opportunity least machine set task animal ready understand become series become staff always modern such every member main director chance hard new full give above focus continue act fine move peace game major. so gas choose authority rock miss nor strong market ten carry international million attack know board everybody. computer check office keep turn physical toward analysis. so continue.', '2021-10-18');
INSERT INTO post_comments (id, post_id, commenter_id, message, created) VALUES (5, 152, 63, 'attention market deep effect threat much fill this keep during up instead level collection really station sit there hour thousand pattern country check thought couple idea candidate spring no stay we how capital economy power alone effect else central local impact fast heavy matter decision rest cut sort short single tax degree. keep everybody against north reveal simple back prevent maintain consider much reason product federal herself pattern', '2021-11-08');
INSERT INTO post_comments (id, post_id, commenter_id, message, created) VALUES (6, 152, 34, 'effort trip born try garden difference president. candidate eat general have teach front campaign we impact to give. light discover simple institution hand letter pretty wish central admit', '2021-10-15');
INSERT INTO post_comments (id, post_id, commenter_id, message, created) VALUES (7, 152, 48, 'grow it. notice guess leader send life down situation laugh already certainly idea week before take send tell easy reveal performance away money. standard. trip apply we require nearly close thing serve Republican. marriage whether. country age hard where PM I tend commercial site man page represent buy seven lay series development activity cultural part growth offer experience technology study media coach particular head number travel standard send crime machine age finish consider finally pull wrong short opportunity', '2021-11-03');
INSERT INTO post_comments (id, post_id, commenter_id, message, created) VALUES (8, 152, 7, 'opportunity high no ever. space hand drive real college system myself moment trial truth it physical. report growth before development trip market throw region fine remember writer name country guy call. benefit. above effort truth nearly himself top quickly. manage fund floor guess carry of play need create sound minute decade power him evening party. door story finish so worker brother price development interview would result college. consumer race machine election article it growth network analysis happen effort', '2021-11-08');
INSERT INTO post_comments (id, post_id, commenter_id, message, created) VALUES (9, 152, 49, 'name such. church charge word baby way never news girl. wait physical source here nearly two party. gun action side final drop about figure return truth. animal plant investment range fight knowledge against finally base end front test end dark science forward general million war wide. question worry truth wrong soon me attack in military true wonder interest interest life including southern because determine protect', '2021-10-18');
INSERT INTO user_likes (user_id, post_id) VALUES (40, 152);
INSERT INTO user_likes (user_id, post_id) VALUES (53, 152);
INSERT INTO user_likes (user_id, post_id) VALUES (12, 152);
INSERT INTO user_likes (user_id, post_id) VALUES (1, 152);
INSERT INTO user_likes (user_id, post_id) VALUES (19, 152);
INSERT INTO user_likes (user_id, post_id) VALUES (58, 152);
INSERT INTO user_likes (user_id, post_id) VALUES (72, 152);
INSERT INTO user_likes (user_id, post_id) VALUES (61, 152);
INSERT INTO user_likes (user_id, post_id) VALUES (9, 152);
INSERT INTO user_likes (user_id, post_id) VALUES (17, 152);
INSERT INTO user_likes (user_id, post_id) VALUES (35, 152);
INSERT INTO user_likes (user_id, post_id) VALUES (2, 152);
INSERT INTO user_likes (user_id, post_id) VALUES (28, 152);
INSERT INTO user_likes (user_id, post_id) VALUES (5, 152);
INSERT INTO user_likes (user_id, post_id) VALUES (34, 152);
INSERT INTO posts (id, poster_id, title, body, created, last_edited) VALUES (153, 37, 'cover control', 'deal exist herself authority their involve method loss guy walk book really past loss ball though. good. west cell partner him season economy. build former.', '2021-10-20', '2021-11-08');
INSERT INTO post_comments (id, post_id, commenter_id, message, created) VALUES (0, 153, 33, 'through growth physical practice institution eat something office allow various run partner identify civil support deal because science economy listen though happen south agree all line instead between marriage management instead I between early fear couple push together month national exist generation. back rest reach forget past interview', '2021-11-08');
INSERT INTO post_comments (id, post_id, commenter_id, message, created) VALUES (1, 153, 39, 'choice brother involve require onto meet. recognize meet institution election but score movie huge including center ability activity effort the major significant culture. brother western issue far it news once range need open present good step term maintain off her prepare page season event evening say my task rather contain author cultural realize deal trouble. character. continue thought pass large democratic father power hair father push create until quality conference chair center central author worker. kind coach suddenly ask institution many suddenly sport own space candidate American woman social member industry', '2021-10-23');
INSERT INTO user_likes (user_id, post_id) VALUES (62, 153);
INSERT INTO user_likes (user_id, post_id) VALUES (0, 153);
INSERT INTO user_likes (user_id, post_id) VALUES (52, 153);
INSERT INTO user_likes (user_id, post_id) VALUES (45, 153);
INSERT INTO user_likes (user_id, post_id) VALUES (43, 153);
INSERT INTO user_likes (user_id, post_id) VALUES (47, 153);
INSERT INTO user_likes (user_id, post_id) VALUES (20, 153);
INSERT INTO user_likes (user_id, post_id) VALUES (73, 153);
INSERT INTO user_likes (user_id, post_id) VALUES (27, 153);
INSERT INTO user_likes (user_id, post_id) VALUES (30, 153);
INSERT INTO user_likes (user_id, post_id) VALUES (59, 153);
INSERT INTO user_likes (user_id, post_id) VALUES (25, 153);
INSERT INTO user_likes (user_id, post_id) VALUES (28, 153);
INSERT INTO user_likes (user_id, post_id) VALUES (67, 153);
INSERT INTO user_likes (user_id, post_id) VALUES (58, 153);
INSERT INTO user_likes (user_id, post_id) VALUES (63, 153);
INSERT INTO user_likes (user_id, post_id) VALUES (17, 153);
INSERT INTO user_likes (user_id, post_id) VALUES (42, 153);
INSERT INTO user_likes (user_id, post_id) VALUES (15, 153);
INSERT INTO posts (id, poster_id, title, body, created) VALUES (154, 30, 'compare how interview', 'present pass. thus bit maybe moment attack. feeling address herself last traditional field evidence doctor treat reality suddenly space play produce speech table tonight. board nearly low person since campaign instead table catch skill home on board among whether cup lead. marriage street protect near street teacher soon public. kind yes. no mean music plant. front available mention practice energy wrong compare. step. institution you hope fact decision particular final tonight nation big then food happy sort issue assume century account may. find teach charge hard word deal indicate from', '2021-10-16');
INSERT INTO post_comments (id, post_id, commenter_id, message, created) VALUES (0, 154, 56, 'outside collection boy everyone big more court population power wrong left sometimes. response then production because improve garden a civil real. improve husband significant class include provide. direction wide finally I wind piece assume management business others arrive. meet fall here fall add attack offer project little avoid list size hold civil industry politics southern perform so system catch. wait deep across. large. determine everything those ten may interesting city summer woman these something yourself business worker traditional us activity more still that fast build Democrat', '2021-10-18');
INSERT INTO post_comments (id, post_id, commenter_id, message, created) VALUES (1, 154, 32, 'million section. international off image become fish thus but walk item. score put. thus out audience peace start hold piece support case can thank cause main security pressure whose who answer follow join', '2021-10-31');
INSERT INTO post_comments (id, post_id, commenter_id, message, created) VALUES (2, 154, 11, 'result decide voice large start want tree produce still task difficult you especially win yard author ready official must dog throw word area certainly use heavy national mean subject somebody concern concern major phone both glass effort deep least human eat responsibility than ten door cell sure relationship month career strong international hit. front change across single. cut writer', '2021-10-26');
INSERT INTO post_comments (id, post_id, commenter_id, message, created) VALUES (3, 154, 22, 'she Congress American foot cup. science card result help break throughout last environment once wonder without pull development politics song often wrong civil party and. wrong return energy red speech ball answer two notice concern design minute simply. sign unit grow bed staff hit stuff moment expect school goal gas thank benefit glass focus area foot two. food hold road issue. raise future really modern whose pattern together case next clearly again feeling green third ask six model actually story add safe traditional foot reality score discover college. itself later know', '2021-11-08');
INSERT INTO post_comments (id, post_id, commenter_id, message, created) VALUES (4, 154, 68, 'former third life admit conference common able every appear task force physical small. describe last case just knowledge study church bed consider bar meet plant improve tell four soon American cell together sense less. second less bed. central order raise. guy military strong threat growth campaign necessary try add country whose everybody strategy imagine quite series rise short commercial your technology structure behavior expert enter happen about. necessary in teach civil baby', '2021-10-22');
INSERT INTO post_comments (id, post_id, commenter_id, message, created) VALUES (5, 154, 33, 'debate generation seat suddenly surface difficult time black continue probably exist force floor forward green himself machine other short should oil so speak condition detail former share price again special travel arm size notice operation the director him night might amount benefit seek class sea discover program former worry never ok few standard half bar fly account also hit. near board be stand thank himself well cold space be brother couple official economic back nor service born pick respond senior thus ability international star interview thing', '2021-10-29');
INSERT INTO post_comments (id, post_id, commenter_id, message, created) VALUES (6, 154, 36, 'cost wide thousand police degree themselves choice race president church speak study kind strong wife will pressure thought citizen question animal it environment. authority war. Republican new which listen available piece speak. key military discussion up note add such. finish music movie sister clear television. girl. our month recently employee different teach. woman', '2021-10-20');
INSERT INTO post_comments (id, post_id, commenter_id, message, created) VALUES (7, 154, 39, 'where onto bag number wear drop current miss why laugh daughter expect news. population it whatever great never measure daughter money industry full dog offer question enough', '2021-10-27');
INSERT INTO post_comments (id, post_id, commenter_id, message, created) VALUES (8, 154, 55, 'draw now understand interesting significant data our. oil song parent pick phone act marriage continue factor American alone color probably million sport address country would professional. where rule light building. rule community data', '2021-10-21');
INSERT INTO post_comments (id, post_id, commenter_id, message, created) VALUES (9, 154, 27, 'road foot me draw full contain yourself clearly real your free sure center health staff glass over. watch quickly recognize north Mrs memory traditional chair participant somebody exactly end life could out indicate protect situation operation respond cause green himself turn lay debate customer speech state know tonight instead lay campaign resource able must', '2021-10-23');
INSERT INTO user_likes (user_id, post_id) VALUES (0, 154);
INSERT INTO user_likes (user_id, post_id) VALUES (34, 154);
INSERT INTO posts (id, poster_id, title, body, created) VALUES (155, 26, 'manager whom', 'four rule ahead director month history bring couple college per possible player shoulder important ago usually into her with somebody land. hope behavior. suggest paper challenge small happy statement born black knowledge smile', '2021-10-22');
INSERT INTO post_comments (id, post_id, commenter_id, message, created) VALUES (0, 155, 15, 'concern difficult throughout gun spring whole. nation. successful say camera key. after if site center my keep skin across. law deal. analysis feel case month fill firm answer relationship material until government role eat approach wait institution federal subject charge hotel', '2021-11-07');
INSERT INTO post_comments (id, post_id, commenter_id, message, created) VALUES (1, 155, 50, 'station interesting marriage oil return audience return bar feel situation western material. group provide air season interesting party into although politics race blood capital left indicate much. culture painting affect right list let hour marriage product take American blood interesting person bad store line meet card write draw nature song party federal become air role sell hot where trouble onto maintain stop maintain conference hospital once spend knowledge three safe. issue its attorney small what open science best no building', '2021-10-23');
INSERT INTO user_likes (user_id, post_id) VALUES (64, 155);
INSERT INTO user_likes (user_id, post_id) VALUES (10, 155);
INSERT INTO user_likes (user_id, post_id) VALUES (7, 155);
INSERT INTO user_likes (user_id, post_id) VALUES (17, 155);
INSERT INTO user_likes (user_id, post_id) VALUES (54, 155);
INSERT INTO user_likes (user_id, post_id) VALUES (68, 155);
INSERT INTO user_likes (user_id, post_id) VALUES (34, 155);
INSERT INTO user_likes (user_id, post_id) VALUES (36, 155);
INSERT INTO user_likes (user_id, post_id) VALUES (6, 155);
INSERT INTO user_likes (user_id, post_id) VALUES (42, 155);
INSERT INTO posts (id, poster_id, title, body, created) VALUES (156, 43, 'attack soldier exist PM', 'foot color until. several approach eat police maintain throughout hit often end face season want. hundred human member compare walk want energy throughout reason set central end provide hit. of offer building quite fight center ok paper picture pay cover successful leader language central describe course fish. believe direction for color. discuss put his second leg reason industry pay theory however soldier receive next suddenly manage answer soldier rule culture movie well vote environmental thought', '2021-11-04');
INSERT INTO post_comments (id, post_id, commenter_id, message, created) VALUES (0, 156, 55, 'stop walk religious world off get artist entire teacher coach every happy personal control market expect month visit market grow laugh alone might painting degree he together morning trip with down however later structure none simply together serve serve always artist white', '2021-11-07');
INSERT INTO post_comments (id, post_id, commenter_id, message, created) VALUES (1, 156, 30, 'but into. officer they serve cause modern wide forward pattern. yourself animal money sometimes seven without environmental sea image time imagine worry. quickly rather everything response me good. attention. way easy. Mrs. option television perform condition catch sure occur scientist past employee example late southern entire project part since guess interest', '2021-11-07');
INSERT INTO post_comments (id, post_id, commenter_id, message, created) VALUES (2, 156, 64, 'back office sell modern office company player daughter husband would reveal property set risk collection eight dream above road produce thus policy stuff you shake you grow true scientist cost agent current skin', '2021-11-06');
INSERT INTO post_comments (id, post_id, commenter_id, message, created) VALUES (3, 156, 26, 'others hold hit really important federal sister who father return she land trial type thought watch wear message clear key. step sometimes process tough goal class. know rate three easy after it fund threat generation allow career stage article study itself against future cause information push number character here magazine growth hospital increase. beautiful evening', '2021-11-06');
INSERT INTO post_comments (id, post_id, commenter_id, message, created) VALUES (4, 156, 6, 'page learn his certainly she opportunity in approach goal friend. any others dream government imagine tax hard player. anything college price realize beat high six standard else report particular contain wrong better fire American back bank compare. piece term court. model remain fear drug morning wait mind loss imagine rate believe other play call system agency at action decide student program that center strong many environmental', '2021-11-04');
INSERT INTO post_comments (id, post_id, commenter_id, message, created) VALUES (5, 156, 65, 'herself single participant. standard card civil issue article crime difficult hear full resource respond hot hot. which give car ever. wear research hit full so evening southern event baby different story second explain knowledge', '2021-11-07');
INSERT INTO post_comments (id, post_id, commenter_id, message, created) VALUES (6, 156, 68, 'public. everything save thousand military west necessary throughout call. serious. price Congress could safe pattern. general necessary president head court step agreement term hour summer.', '2021-11-05');
INSERT INTO post_comments (id, post_id, commenter_id, message, created) VALUES (7, 156, 47, 'blood father list a edge happen democratic. gun believe old into teacher analysis traditional thus watch herself never special artist same ask lawyer star recognize kitchen. our lay next foot its so. right also skin affect concern area instead hundred other imagine kind officer suffer authority marriage recognize capital show easy professor pretty hair against bad cold receive five away exist beautiful. such control than poor must from mouth entire glass call traditional short good front my same treatment fly push bank. him decision civil', '2021-11-07');
INSERT INTO post_comments (id, post_id, commenter_id, message, created) VALUES (8, 156, 34, 'somebody again feeling identify through power staff paper themselves. probably off modern while nation never computer like yeah see economy Congress rock meeting west heavy recently cup southern democratic road show less', '2021-11-06');
INSERT INTO user_likes (user_id, post_id) VALUES (44, 156);
INSERT INTO user_likes (user_id, post_id) VALUES (18, 156);
INSERT INTO user_likes (user_id, post_id) VALUES (67, 156);
INSERT INTO user_likes (user_id, post_id) VALUES (16, 156);
INSERT INTO posts (id, poster_id, title, body, created) VALUES (157, 72, 'agree young', 'summer term sister. world I church. pay leave rather so country force reveal her piece interesting second single example person hit wide simply. hour weight check name tend might wrong eight professor among sound. floor blue PM impact affect analysis increase however fight more big than throw side wonder ready yeah anyone hospital front. hair full site how forget letter. have ten in family still end thank change plant history fill law practice animal their. war drop alone eye past. suggest base style', '2021-10-24');
INSERT INTO post_comments (id, post_id, commenter_id, message, created) VALUES (0, 157, 20, 'have term unit finally popular few piece reason network history phone act fact. discussion trade hard professor write office land day condition need size prevent movement ago pass team continue stage increase establish citizen consumer reach side without receive. me thing current boy space security over you remain receive meet issue part increase money operation. soldier service though without me health plant off kid red authority practice growth industry conference myself. meet more game until course every society boy start your ok stuff', '2021-11-08');
INSERT INTO post_comments (id, post_id, commenter_id, message, created) VALUES (1, 157, 57, 'soon pattern third personal note no air risk money around note very message list per character far upon lot reveal seek discussion suffer down scene offer home growth foreign want tend table religious case institution water safe executive. cost within follow myself though outside', '2021-11-05');
INSERT INTO post_comments (id, post_id, commenter_id, message, created) VALUES (2, 157, 30, 'that could citizen wear now win. require. social suddenly do authority election season day back. letter rise social thank give statement teach rise culture police month must beautiful huge quality. cup buy six range remember space decision between raise again later fish raise course visit establish others office. me manager huge understand especially us off deep watch great. million son walk. possible point. piece table good experience moment', '2021-11-02');
INSERT INTO post_comments (id, post_id, commenter_id, message, created) VALUES (3, 157, 69, 'couple become laugh late. early build state fire myself left enough individual brother among tax national city evidence both sea also official drop industry response thousand character. memory look note choice. resource affect doctor fall eat test PM site. campaign affect where pick nor product available approach debate manage somebody address power area theory environment play life serve eye sense office lawyer action. network too tonight plant miss prove', '2021-10-24');
INSERT INTO user_likes (user_id, post_id) VALUES (29, 157);
INSERT INTO user_likes (user_id, post_id) VALUES (34, 157);
INSERT INTO user_likes (user_id, post_id) VALUES (8, 157);
INSERT INTO user_likes (user_id, post_id) VALUES (18, 157);
INSERT INTO user_likes (user_id, post_id) VALUES (47, 157);
INSERT INTO user_likes (user_id, post_id) VALUES (13, 157);
INSERT INTO user_likes (user_id, post_id) VALUES (15, 157);
INSERT INTO user_likes (user_id, post_id) VALUES (24, 157);
INSERT INTO posts (id, poster_id, title, body, created) VALUES (158, 32, 'base high', 'into face return structure collection actually husband station involve impact industry mind anyone use blood issue result low race common arrive. teach window. science project wonder attention but say opportunity watch form business significant save model use activity party movement agree even front remember. challenge condition difference page half before audience begin available peace may single forget across. yeah police owner campaign. end party white within sport throw certain down huge yourself. whole make have dark time tough suffer why year remember particularly mother be part water early three enter local area along ask build black yard', '2021-10-19');
INSERT INTO post_comments (id, post_id, commenter_id, message, created) VALUES (0, 158, 9, 'range kitchen never our within choice finally particularly none central thought everybody consider north travel anyone whatever hold order often left against campaign father none likely into offer give imagine. network. outside sure age audience itself partner garden foot particular decision serious reality culture Republican. sell fight strategy goal listen from. walk itself sit field. generation evening show she school answer federal perhaps same cut. Democrat economic success work level.', '2021-11-08');
INSERT INTO post_comments (id, post_id, commenter_id, message, created) VALUES (1, 158, 55, 'then easy study American left. record less try generation cause who fact across turn personal artist over investment physical character fly good fine mission knowledge management finish accept. recent price president sell ask national among long democratic find table shake management room dark', '2021-10-23');
INSERT INTO post_comments (id, post_id, commenter_id, message, created) VALUES (2, 158, 32, 'deal teach executive occur doctor hair thousand. local travel over lay effort outside fly manager garden behind and interview senior. suddenly clearly top citizen role week common perhaps character recent realize together increase artist and cup involve her. thus around soldier expert owner perform response student while seat save best. recent like positive partner head. toward ask speak there along win present than six last less like person surface instead. daughter chair run lose south they time west reflect. condition machine. final then clearly suggest dark traditional event measure down safe family gas', '2021-10-19');
INSERT INTO post_comments (id, post_id, commenter_id, message, created) VALUES (3, 158, 37, 'yeah serious pay mother institution movie husband. us employee accept value education stop throw both yet race herself reality forget determine in carry discover record hour interview fund everything himself seat loss. form happy interesting my. think career thus lawyer statement town shoulder stock wonder cover. relate hit treatment including everyone food something. assume game age point less story left', '2021-10-21');
INSERT INTO user_likes (user_id, post_id) VALUES (13, 158);
INSERT INTO user_likes (user_id, post_id) VALUES (74, 158);
INSERT INTO user_likes (user_id, post_id) VALUES (17, 158);
INSERT INTO user_likes (user_id, post_id) VALUES (64, 158);
INSERT INTO user_likes (user_id, post_id) VALUES (10, 158);
INSERT INTO user_likes (user_id, post_id) VALUES (30, 158);
INSERT INTO user_likes (user_id, post_id) VALUES (5, 158);
INSERT INTO user_likes (user_id, post_id) VALUES (52, 158);
INSERT INTO posts (id, poster_id, title, body, created, last_edited) VALUES (159, 48, 'join serious whether', 'state forget whatever know ago suffer nice she space analysis movie. about they ability see end wish parent business among consider office tree range call project his five early yes sense white line support along join control place author price pick oil challenge walk wind situation appear. education. to seat right common million it hundred woman newspaper call establish you fight according nor. similar human admit instead old protect city design oil. several cover watch compare unit. letter tend', '2021-10-25', '2021-11-05');
INSERT INTO post_comments (id, post_id, commenter_id, message, created) VALUES (0, 159, 10, 'ask lot southern owner suddenly letter. woman senior recent care allow system war ok series back book phone. class participant anyone send just public stock interview reveal next participant because third ago check. operation teacher spring industry view system theory three smile indeed seek character window per ever animal', '2021-11-01');
INSERT INTO user_likes (user_id, post_id) VALUES (31, 159);
INSERT INTO user_likes (user_id, post_id) VALUES (73, 159);
INSERT INTO user_likes (user_id, post_id) VALUES (26, 159);
INSERT INTO user_likes (user_id, post_id) VALUES (60, 159);
INSERT INTO user_likes (user_id, post_id) VALUES (34, 159);
INSERT INTO user_likes (user_id, post_id) VALUES (35, 159);
INSERT INTO posts (id, poster_id, title, body, created) VALUES (160, 73, 'either watch morning young', 'whose arm interest under four call movement lose would culture rich throughout should increase that federal so social consider generation Mrs manage between sea heart picture recent fish animal figure become discuss few scientist call sea have increase more decade spring season case between', '2021-10-23');
INSERT INTO user_likes (user_id, post_id) VALUES (13, 160);
INSERT INTO user_likes (user_id, post_id) VALUES (24, 160);
INSERT INTO user_likes (user_id, post_id) VALUES (6, 160);
INSERT INTO user_likes (user_id, post_id) VALUES (59, 160);
INSERT INTO user_likes (user_id, post_id) VALUES (52, 160);
INSERT INTO user_likes (user_id, post_id) VALUES (46, 160);
INSERT INTO user_likes (user_id, post_id) VALUES (3, 160);
INSERT INTO user_likes (user_id, post_id) VALUES (60, 160);
INSERT INTO user_likes (user_id, post_id) VALUES (2, 160);
INSERT INTO posts (id, poster_id, title, body, created) VALUES (161, 40, 'strategy little physical', 'defense until weight fall part really control shake character dark program cultural drive already professor wait relate forward board happen country serious general old million admit yes. change effort no within ever be design audience hit style. community state senior score wide star nature turn officer save surface each toward together position weight ever kitchen together analysis party public. force hair government president back quickly least', '2021-11-08');
INSERT INTO post_comments (id, post_id, commenter_id, message, created) VALUES (0, 161, 13, 'near. firm southern force coach design else. lead. under animal. something seek industry deal her none long. miss pay start through though never where laugh. teach hour wish success tree level relate spring fear never occur including contain already everyone coach card production return trouble would sit concern. buy would study culture during huge dream act edge better religious book deep trip whatever enough fact book week suggest which trade business walk forget. kind ball along agent happen whose', '2021-11-08');
INSERT INTO post_comments (id, post_id, commenter_id, message, created) VALUES (1, 161, 65, 'likely the market term break. environmental skill story in how. anything. street nature oil sign charge measure lead southern color. majority author mind discuss interest history when cell majority mouth language shake price seem really place whole father itself her effect place question leave eight sign suggest onto cultural consider side they whether. rich figure plant line turn hit about remember through work accept gas management worry go style. thing animal leg former where just peace agent eye technology home turn none', '2021-11-08');
INSERT INTO post_comments (id, post_id, commenter_id, message, created) VALUES (2, 161, 1, 'soon owner yet although worker new front friend debate suffer particularly common fund figure run. message guess teacher democratic son treatment. past guy standard economy size. interesting scene few soon hospital chair turn because last team attack offer even stuff. side tax. war', '2021-11-08');
INSERT INTO post_comments (id, post_id, commenter_id, message, created) VALUES (3, 161, 12, 'maybe fill receive ask yes partner relate sure push church experience add fill. loss free. necessary political radio lose tough almost. strong determine time send describe skill goal best party until field politics let room season film range special rock choice event performance. significant establish. section order performance decision design feeling everything let in physical series especially often cause high process hold safe possible. firm likely area ball year wish. she dream daughter popular per product fact father south side fill start thus reflect', '2021-11-08');
INSERT INTO post_comments (id, post_id, commenter_id, message, created) VALUES (4, 161, 66, 'loss out southern move white manage state soldier enough yes young on tree start measure able me quickly role difference doctor become summer community exist recent international system need. different station. item sign could wall what at before southern. wait police social institution consumer recognize eat fire next', '2021-11-08');
INSERT INTO post_comments (id, post_id, commenter_id, message, created) VALUES (5, 161, 63, 'receive study beautiful eat body more shoulder little focus despite expert anything threat with network stock everything. sport focus might huge method beat involve onto hospital here make send only provide so area reduce message deal coach you there exactly American north expert total computer employee after responsibility high his week whose', '2021-11-08');
INSERT INTO post_comments (id, post_id, commenter_id, message, created) VALUES (6, 161, 7, 'car. right voice. laugh door board air. lot here throw book hand serve movement can standard evidence benefit along keep man drive eat case career break. those president argue baby. responsibility will business adult play use direction measure state American. lot law dark sound magazine book dream. environmental difference but standard fast health he office computer where. generation ask computer whatever billion performance bill traditional mission three', '2021-11-08');
INSERT INTO post_comments (id, post_id, commenter_id, message, created) VALUES (7, 161, 15, 'born like listen major town. somebody information although total cup service democratic rise girl sing determine nation. none wind their whom development lose travel check argue party space boy plan card least live interesting gas until accept partner top hundred office yes. score song lay skin hour baby democratic show one century health arrive soon address loss yet camera business long indicate small or', '2021-11-08');
INSERT INTO post_comments (id, post_id, commenter_id, message, created) VALUES (8, 161, 3, 'but western energy decide contain voice need call quality. rock firm once right produce military direction loss natural doctor person play fill sea conference space part husband green edge brother owner every rest bed bad stage democratic view himself', '2021-11-08');
INSERT INTO post_comments (id, post_id, commenter_id, message, created) VALUES (9, 161, 37, 'teach gun community right yourself draw important care success through first treatment better. source year. top history reason natural join evidence now myself woman fill section suddenly different boy different tax fill tough among off budget take discover development physical some certain physical final summer conference market then I ok heavy then. win agreement cell customer business late notice design fast home. reach soldier strong general else girl process some play late character hotel song food specific best high capital economy similar specific sure miss attack', '2021-11-08');
INSERT INTO user_likes (user_id, post_id) VALUES (49, 161);
INSERT INTO user_likes (user_id, post_id) VALUES (69, 161);
INSERT INTO user_likes (user_id, post_id) VALUES (25, 161);
INSERT INTO user_likes (user_id, post_id) VALUES (61, 161);
INSERT INTO posts (id, poster_id, title, body, created) VALUES (162, 61, 'result turn nice teach', 'from establish treat car decide international event deal administration include my rate. break finish always subject gun close end relate shoulder create large effect indicate open paper effort politics say season listen. born together', '2021-10-17');
INSERT INTO user_likes (user_id, post_id) VALUES (28, 162);
INSERT INTO user_likes (user_id, post_id) VALUES (5, 162);
INSERT INTO user_likes (user_id, post_id) VALUES (31, 162);
INSERT INTO user_likes (user_id, post_id) VALUES (23, 162);
INSERT INTO user_likes (user_id, post_id) VALUES (64, 162);
INSERT INTO user_likes (user_id, post_id) VALUES (7, 162);
INSERT INTO posts (id, poster_id, title, body, created) VALUES (163, 40, 'within Mrs century nor', 'student poor example trip hot as defense. claim various entire reality first write peace. which. region before record environmental himself may stay source director central building. speak middle hotel player system guy attention American else north report style crime card cut country. game. example case consumer hit past message herself make allow trip. gas fish. our trip relationship purpose professional leader really ability degree. contain be full me ten where stage explain need star as raise environmental reflect quickly though up war their fish agreement civil coach firm occur perhaps whatever past music happy their capital', '2021-10-26');
INSERT INTO post_comments (id, post_id, commenter_id, message, created) VALUES (0, 163, 7, 'present subject. walk. machine. consumer learn wrong should fund black in thank any statement at possible result note property experience them affect debate any kid. under others low', '2021-11-07');
INSERT INTO post_comments (id, post_id, commenter_id, message, created) VALUES (1, 163, 28, 'only check. smile every so call north wrong prevent left large any most three employee picture law marriage we but phone space along prevent be small conference own value begin develop kitchen care people attorney section. one candidate smile pass owner red share now happen through even not. section see cost around generation result because issue', '2021-10-26');
INSERT INTO user_likes (user_id, post_id) VALUES (29, 163);
INSERT INTO user_likes (user_id, post_id) VALUES (34, 163);
INSERT INTO user_likes (user_id, post_id) VALUES (31, 163);
INSERT INTO user_likes (user_id, post_id) VALUES (35, 163);
INSERT INTO posts (id, poster_id, title, body, created) VALUES (164, 4, 'last despite design', 'just. mother ago blue affect. bill through eight PM computer call set sometimes art nothing race partner late eye a pass whether year allow reveal necessary family race door chance project yet. rest address somebody other town stand mention hard middle eight argue analysis establish show else thought authority event provide plan', '2021-10-19');
INSERT INTO post_comments (id, post_id, commenter_id, message, created) VALUES (0, 164, 2, 'standard night should fast worker environmental. cultural base. chance enough high two nice check professional. bring better now garden somebody focus best avoid key us message call sound. suddenly memory may billion thought price necessary leader still. attack hotel hundred yard fear century glass per hard agreement all exactly throughout fly boy understand wind suddenly recent worker alone institution high visit ready receive. involve moment follow officer tax avoid girl recent. provide turn section record true. ready structure teach difficult determine win exist music thing protect nature care home', '2021-10-22');
INSERT INTO post_comments (id, post_id, commenter_id, message, created) VALUES (1, 164, 23, 'cause purpose behavior drug water town present effort answer challenge their religious that concern hour movie baby example plan begin language smile main call voice tend sing second group fund see parent major work site former never church design purpose letter way alone. sport stage', '2021-10-21');
INSERT INTO post_comments (id, post_id, commenter_id, message, created) VALUES (2, 164, 26, 'power level remain reflect in occur concern worry family back main program ok. example range top level major sense record much care particularly on everything source rate later she. recently situation nor leader left continue up old option success need whom benefit American least fill phone shake sell hand short. small as heavy grow although right break. anything manage executive economic color sure perform discover born ready range later. simply could soldier', '2021-10-31');
INSERT INTO user_likes (user_id, post_id) VALUES (67, 164);
INSERT INTO user_likes (user_id, post_id) VALUES (49, 164);
INSERT INTO user_likes (user_id, post_id) VALUES (44, 164);
INSERT INTO user_likes (user_id, post_id) VALUES (61, 164);
INSERT INTO user_likes (user_id, post_id) VALUES (2, 164);
INSERT INTO user_likes (user_id, post_id) VALUES (26, 164);
INSERT INTO user_likes (user_id, post_id) VALUES (19, 164);
INSERT INTO user_likes (user_id, post_id) VALUES (53, 164);
INSERT INTO user_likes (user_id, post_id) VALUES (58, 164);
INSERT INTO posts (id, poster_id, title, body, created, last_edited) VALUES (165, 50, 'fact professional it', 'half from bit each. hot different order. professional cover. eight thing instead interview program pick baby address fall special plan safe able plant single east technology evening discuss during able board student interest maintain answer remember. for third help police marriage usually laugh music daughter some', '2021-11-05', '2021-11-07');
INSERT INTO post_comments (id, post_id, commenter_id, message, created) VALUES (0, 165, 53, 'fine bring wait threat behind story. relate friend south person opportunity contain special opportunity scene important partner he each message participant between everybody at. red suffer crime drug against pass region often. then candidate today a section reason college certainly people next point maybe religious. if six. of college class fund middle without hundred picture drop just realize quality manager sell side here condition sell. position with begin name arm party pretty. thank range indeed card', '2021-11-06');
INSERT INTO post_comments (id, post_id, commenter_id, message, created) VALUES (1, 165, 42, 'plan talk argue short personal suffer without part TV feeling appear choose force sit product not nearly site only would design. see under speech six feeling already. subject quickly general thank character. occur tend good. list blood like such north beat old painting plan science trip son send audience above draw while attorney heavy owner. region international sell family consider smile. establish travel join pick that that song industry lose fight meeting too region eight everybody. federal this. radio station medical fish yourself front official environment new', '2021-11-06');
INSERT INTO post_comments (id, post_id, commenter_id, message, created) VALUES (2, 165, 20, 'job end. participant power standard. goal generation maintain shoulder sometimes example team interview region left local eight organization old out talk year seat treat close meet official choice Mrs reality television gun bag kind sure have upon', '2021-11-07');
INSERT INTO post_comments (id, post_id, commenter_id, message, created) VALUES (3, 165, 13, 'long age market choice expect head yourself nor me fight. Democrat late hold my together. again conference feel individual do nor upon impact plant soon within wind ground national already. according middle entire particularly political degree civil everybody study wife understand others her physical establish indeed', '2021-11-08');
INSERT INTO post_comments (id, post_id, commenter_id, message, created) VALUES (4, 165, 41, 'all to oil article entire anything sense. technology everything spring boy worker catch work budget card responsibility stuff store fire. subject against individual third. help beat individual experience science western ahead quite. weight force your choose share final former themselves range investment talk so ahead rate part in writer bill receive stop focus without computer', '2021-11-08');
INSERT INTO post_comments (id, post_id, commenter_id, message, created) VALUES (5, 165, 16, 'religious special base design bring author heavy result network try early decision include. Republican memory month authority inside adult remain which serious evidence single accept character popular sound care', '2021-11-05');
INSERT INTO post_comments (id, post_id, commenter_id, message, created) VALUES (6, 165, 23, 'concern good ten contain a front same administration article president notice through mention side leader walk important what military list our ability rest situation. responsibility improve available want test section look size perform enough day particularly law rather radio good seek deal weight never activity much way project office claim leg expect. guess half reveal little mother to far hold capital country', '2021-11-06');
INSERT INTO post_comments (id, post_id, commenter_id, message, created) VALUES (7, 165, 45, 'staff industry beat board small image listen build action. speak others long minute unit lot rule. ok contain do shoulder data. she crime class guy heavy give hour president within firm account rock push shoulder month kid reduce prove beyond thousand civil heavy rise stage bed play trouble idea keep turn management sure blue kitchen. indeed. something see account strategy kid forward by second me Democrat help six close environmental hot part together official huge thousand key half size those', '2021-11-07');
INSERT INTO post_comments (id, post_id, commenter_id, message, created) VALUES (8, 165, 54, 'news quite. market decade cultural worry during task black something. old outside tax final without lot picture fear institution name occur manager task item finally. life mouth range green itself skin court discover remember vote friend when easy crime bank professional student culture a this north speech age home film would station', '2021-11-06');
INSERT INTO user_likes (user_id, post_id) VALUES (18, 165);
INSERT INTO user_likes (user_id, post_id) VALUES (24, 165);
INSERT INTO user_likes (user_id, post_id) VALUES (1, 165);
INSERT INTO user_likes (user_id, post_id) VALUES (53, 165);
INSERT INTO user_likes (user_id, post_id) VALUES (15, 165);
INSERT INTO user_likes (user_id, post_id) VALUES (6, 165);
INSERT INTO user_likes (user_id, post_id) VALUES (0, 165);
INSERT INTO user_likes (user_id, post_id) VALUES (45, 165);
INSERT INTO user_likes (user_id, post_id) VALUES (56, 165);
INSERT INTO user_likes (user_id, post_id) VALUES (25, 165);
INSERT INTO user_likes (user_id, post_id) VALUES (22, 165);
INSERT INTO user_likes (user_id, post_id) VALUES (73, 165);
INSERT INTO user_likes (user_id, post_id) VALUES (70, 165);
INSERT INTO posts (id, poster_id, title, body, created) VALUES (166, 10, 'ok grow', 'benefit article anything drug up difficult expert authority born write writer second black idea natural like thing relationship. name age. build recognize light night simply lot dog current understand politics entire run leave. American of while prevent back democratic which quickly network entire create make left attention day away hold scene full federal. teach reason expert sound themselves leave. least guess gas court expect movement reality walk computer shoulder already half million girl view author reason. treatment begin use my item. throughout yourself lay successful radio person grow past', '2021-10-30');
INSERT INTO user_likes (user_id, post_id) VALUES (5, 166);
INSERT INTO user_likes (user_id, post_id) VALUES (57, 166);
INSERT INTO user_likes (user_id, post_id) VALUES (66, 166);
INSERT INTO user_likes (user_id, post_id) VALUES (6, 166);
INSERT INTO user_likes (user_id, post_id) VALUES (47, 166);
INSERT INTO user_likes (user_id, post_id) VALUES (46, 166);
INSERT INTO user_likes (user_id, post_id) VALUES (64, 166);
INSERT INTO posts (id, poster_id, title, body, created) VALUES (167, 36, 'arm simply research', 'right compare money surface ready difficult his should deep what idea popular resource answer last together rich thousand now whether let loss move anything operation exist learn seat avoid experience sport. appear', '2021-10-25');
INSERT INTO post_comments (id, post_id, commenter_id, message, created) VALUES (0, 167, 42, 'less. whole art season child young final amount. government difference teach follow perform modern. beautiful staff pressure conference think half share parent write education seem material consider choose rule such Republican. newspaper health and husband subject plan recognize treat many language question down blood price generation or project forget their know candidate foreign away best. nice go teach', '2021-11-03');
INSERT INTO post_comments (id, post_id, commenter_id, message, created) VALUES (1, 167, 21, 'minute job center total glass surface. sure sea man while property dinner wish letter national attorney list treat far whether. brother marriage move care economy art nothing international seem good agreement. big building pattern with arrive area example skin. actually blood indeed. several modern body treatment. happy exist receive more increase piece series food important measure discussion word discover player thought material can fast treatment three. beautiful source foot here. mother mention smile', '2021-10-31');
INSERT INTO post_comments (id, post_id, commenter_id, message, created) VALUES (2, 167, 17, 'meet picture our face performance response source Mr writer should TV next guy experience bit north team animal network. mind over anything why road organization offer book yeah by scientist history practice same season financial science run opportunity few certainly husband knowledge view difference most reason likely mouth determine. approach safe pass expert soon add pretty product tell want according common politics necessary gun case ahead hundred modern charge wait boy attention million toward bar stage everything', '2021-11-02');
INSERT INTO post_comments (id, post_id, commenter_id, message, created) VALUES (3, 167, 15, 'scientist risk world human data new coach network. three wrong. position allow really situation data base responsibility financial three American they thought go image maybe believe together senior game pressure identify question sense leave me culture stage than might you continue record factor young reduce interest its charge system. baby able start politics great treatment what learn soldier rise son best myself yes light. recent gun attorney federal plan including stand. what wall local build', '2021-10-28');
INSERT INTO post_comments (id, post_id, commenter_id, message, created) VALUES (4, 167, 8, 'house down. attention wind inside. you never. choice institution prepare sound drop protect form. group school skill. it of help central customer field hit. market part stage health. former minute fear agency purpose majority', '2021-10-28');
INSERT INTO post_comments (id, post_id, commenter_id, message, created) VALUES (5, 167, 68, 'answer make few range door action me red property read many sit third eat than black. occur. professional pass medical page notice court soon increase civil million safe however deep close decade reduce record step get majority practice foreign audience finish foot including factor guy. focus include new man often remember they', '2021-11-07');
INSERT INTO post_comments (id, post_id, commenter_id, message, created) VALUES (6, 167, 6, 'exactly chance air whom page explain throughout miss probably nation just amount hospital possible institution decision history pick art reality executive cut training. product already dream practice benefit shoulder believe upon until. hand nature but listen organization fund ten those character director. drop detail board four marriage receive beautiful once. available customer color food alone unit case miss leg people allow ahead size son practice pressure here it rise certainly order write school.', '2021-10-25');
INSERT INTO user_likes (user_id, post_id) VALUES (43, 167);
INSERT INTO user_likes (user_id, post_id) VALUES (14, 167);
INSERT INTO user_likes (user_id, post_id) VALUES (4, 167);
INSERT INTO user_likes (user_id, post_id) VALUES (50, 167);
INSERT INTO user_likes (user_id, post_id) VALUES (46, 167);
INSERT INTO user_likes (user_id, post_id) VALUES (31, 167);
INSERT INTO user_likes (user_id, post_id) VALUES (23, 167);
INSERT INTO user_likes (user_id, post_id) VALUES (66, 167);
INSERT INTO user_likes (user_id, post_id) VALUES (34, 167);
INSERT INTO posts (id, poster_id, title, body, created, last_edited) VALUES (168, 4, 'myself game', 'only they value yeah open into include research international school pretty leave five write. five. oil between ago choose none listen trial game stock stuff nothing feeling let fill much most', '2021-10-23', '2021-10-23');
INSERT INTO post_comments (id, post_id, commenter_id, message, created) VALUES (0, 168, 8, 'with account soon few. several have friend product there always myself rich fast safe on inside begin weight late interest live light high wonder president personal open particular firm weight statement pass nice detail dog. beat top other do family. worry pull sister hit claim economy court body reason test meet audience really together since. nature offer of child citizen party meeting. authority animal leader soldier notice resource', '2021-10-25');
INSERT INTO post_comments (id, post_id, commenter_id, message, created) VALUES (1, 168, 63, 'final play series require mean may station a message production executive feeling. wish Mrs unit scene throughout office fill white computer note middle answer knowledge baby start effect wall over result wrong politics expect remember focus image. parent yard sister identify modern write place own. require believe summer forget quickly. price out again member check security give he ahead grow particular close hit sport during top go five respond ready environmental feel plant before area new reason professional. bank prevent product risk language door hot international blood well resource fast watch many leader visit save about', '2021-11-02');
INSERT INTO post_comments (id, post_id, commenter_id, message, created) VALUES (2, 168, 25, 'laugh surface make action next ready language. hand upon finally eye enjoy doctor care personal land production physical loss bank it. change central summer short population debate ten fact everything identify he account political look author result other somebody quite down result more party far building research nothing somebody affect cell despite against whatever a. great short from suffer because high direction. they body play man visit why information trade soon fast tell surface visit major blood pay world coach situation purpose view find policy win author people machine keep', '2021-11-03');
INSERT INTO post_comments (id, post_id, commenter_id, message, created) VALUES (3, 168, 37, 'seem. worker TV space tree behind. kind tax skin. boy message particularly common wear book cut example hand such include expect whether sure someone mean Mr available social claim center pull myself notice guess billion soldier realize answer doctor feel what policy product conference lose ready against', '2021-11-06');
INSERT INTO post_comments (id, post_id, commenter_id, message, created) VALUES (4, 168, 71, 'marriage. operation help appear five within class get professional sense range when everything will glass government continue rise moment west. join democratic option show size challenge score mission garden political rule per outside fall hospital relate stand growth few college born safe artist. beyond simple', '2021-10-26');
INSERT INTO post_comments (id, post_id, commenter_id, message, created) VALUES (5, 168, 31, 'whatever the office man stuff health various past. day free responsibility site listen kid everybody arm base. expect huge almost. subject. choice vote today provide outside success responsibility city door five black structure each cut interesting put finally structure someone.', '2021-10-29');
INSERT INTO post_comments (id, post_id, commenter_id, message, created) VALUES (6, 168, 59, 'cover design major month. defense interesting year. everything star end feeling executive remember science report notice plant grow seven you parent community event understand affect later west offer raise news clearly. decision citizen receive science. best change across career memory production class myself billion worker find. dog morning carry establish risk staff standard political national several themselves last soon during top short important remain could pretty still magazine', '2021-11-05');
INSERT INTO post_comments (id, post_id, commenter_id, message, created) VALUES (7, 168, 63, 'record alone each local will amount first measure doctor despite table return add must back stop air art age like PM consumer. style view religious purpose third few', '2021-11-08');
INSERT INTO user_likes (user_id, post_id) VALUES (30, 168);
INSERT INTO user_likes (user_id, post_id) VALUES (12, 168);
INSERT INTO user_likes (user_id, post_id) VALUES (44, 168);
INSERT INTO posts (id, poster_id, title, body, created) VALUES (169, 46, 'since back born', 'reality trip increase beautiful if this data religious already although decision must human. home technology job put. tonight hospital degree natural seem your training use crime bill reach. southern store conference true whether stop at program back price challenge with discussion trade material year challenge trouble answer ready who past consumer media. stand base identify receive allow beyond quality little. human security section service ever benefit hair myself risk book', '2021-10-26');
INSERT INTO user_likes (user_id, post_id) VALUES (48, 169);
INSERT INTO user_likes (user_id, post_id) VALUES (16, 169);
INSERT INTO user_likes (user_id, post_id) VALUES (26, 169);
INSERT INTO user_likes (user_id, post_id) VALUES (62, 169);
INSERT INTO user_likes (user_id, post_id) VALUES (19, 169);
INSERT INTO user_likes (user_id, post_id) VALUES (44, 169);
INSERT INTO posts (id, poster_id, title, body, created) VALUES (170, 0, 'fly want', 'as article for thank magazine everyone turn debate boy chair pull. defense feel whether see heavy his heavy arrive listen buy the mission when figure', '2021-10-24');
INSERT INTO post_comments (id, post_id, commenter_id, message, created) VALUES (0, 170, 54, 'by. recently ok statement. keep race together hair sister loss certainly staff power computer old others trouble six production level tough national over much child officer rock gun amount you should without option space possible such group especially leg make herself use but. sort read get nation someone most seek next toward keep interesting include amount store part expect cell black vote technology positive worker letter positive spend effort small attention discussion clear lead', '2021-10-29');
INSERT INTO post_comments (id, post_id, commenter_id, message, created) VALUES (1, 170, 4, 'nor break live area avoid generation consumer call interest rock fall. concern money western wait adult beautiful. much. wear expect we debate you become southern eye collection chance many room despite show room read work check several pattern trade name five. table someone that operation ready beautiful outside', '2021-10-29');
INSERT INTO post_comments (id, post_id, commenter_id, message, created) VALUES (2, 170, 70, 'contain reason suffer include machine. action we pick south administration message just want push perform anything. tough similar early run name protect audience town magazine seven right feeling white degree item. medical born key community theory me. make child because. job history help senior less thought agree man hand else think yes fight shoulder still one food also agreement example', '2021-11-06');
INSERT INTO user_likes (user_id, post_id) VALUES (74, 170);
INSERT INTO user_likes (user_id, post_id) VALUES (51, 170);
INSERT INTO user_likes (user_id, post_id) VALUES (68, 170);
INSERT INTO user_likes (user_id, post_id) VALUES (62, 170);
INSERT INTO user_likes (user_id, post_id) VALUES (11, 170);
INSERT INTO user_likes (user_id, post_id) VALUES (33, 170);
INSERT INTO user_likes (user_id, post_id) VALUES (66, 170);
INSERT INTO user_likes (user_id, post_id) VALUES (18, 170);
INSERT INTO posts (id, poster_id, title, body, created) VALUES (171, 17, 'compare human', 'grow. forward government seem study citizen room picture difference subject part consider hand hotel. from attack under benefit enter best trial Congress relate. war car. hair term. tonight decade less campaign range form film away individual. decide center really top avoid study. dog special become listen might. of send night reason table. likely dog parent card father require that. left modern. north me age defense. share year better near once before author great attention risk down company', '2021-11-07');
INSERT INTO post_comments (id, post_id, commenter_id, message, created) VALUES (0, 171, 6, 'buy. right head notice forward poor before deal writer leave bar example south commercial stock start increase visit agree clear close. however yet letter sure economy top commercial edge threat southern history dog indicate voice fight evening. child car boy unit body well peace himself defense. its arm husband decision fine million side idea notice. reach. far generation of newspaper worry assume difference kitchen fight. call form include Republican. official expert candidate stay idea significant look he another measure sound try institution occur', '2021-11-07');
INSERT INTO post_comments (id, post_id, commenter_id, message, created) VALUES (1, 171, 20, 'police conference. law focus approach sign last someone voice long religious arm fact enter. training modern look still country easy list. box act response protect. pull interview happen face end', '2021-11-07');
INSERT INTO post_comments (id, post_id, commenter_id, message, created) VALUES (2, 171, 13, 'others until. upon table charge federal fill plan PM situation together. radio get forget set put example tonight why main name become international recently pull single nation hospital difference artist send culture federal so lawyer model itself tell toward prepare paper yeah us as cup both. record nation full', '2021-11-07');
INSERT INTO post_comments (id, post_id, commenter_id, message, created) VALUES (3, 171, 0, 'guess source far thing low even audience how shoulder enter fear service take wonder know. again travel parent service third. call possible. financial while news. suffer huge design prepare personal hospital media former team race true wind join card lot work Mr red appear head board trial school threat gun write clear despite employee half knowledge include relationship lawyer trip employee practice. add pressure activity like war head action citizen', '2021-11-07');
INSERT INTO post_comments (id, post_id, commenter_id, message, created) VALUES (4, 171, 48, 'trade feel remember wind nearly participant season add begin usually scene social foot enter consider certainly avoid sound man view kid indeed pressure note fight. only view half forward simple third positive eat official. describe not charge baby himself Mr budget writer age national. this of surface process American scientist radio camera president option kid wrong see money also same community wish man take response consider senior just quickly short. stock paper here challenge street boy development section table even especially. public project situation action race cover', '2021-11-07');
INSERT INTO post_comments (id, post_id, commenter_id, message, created) VALUES (5, 171, 10, 'window as allow then middle sure. site moment participant table in whose weight pattern fly partner end. approach job hour exactly hundred after mind actually author record gas huge important loss crime body our coach project nation case. guy blue table maybe agency media current poor wall. surface civil often seven. fund item become. because mother leave employee specific small finish letter single various unit available movie hard forward life family board food there care live do people knowledge may recently would available under art continue laugh very security measure charge', '2021-11-07');
INSERT INTO post_comments (id, post_id, commenter_id, message, created) VALUES (6, 171, 7, 'difficult since whole. include who school son laugh spend bad enjoy enough notice suddenly rather game agency single instead method each. figure deep voice responsibility fine fact whom girl grow morning seem appear also collection father. property sister. show else move day beyond own stuff catch catch dinner respond wear do attention research music born Republican really PM nearly occur enough scientist', '2021-11-08');
INSERT INTO post_comments (id, post_id, commenter_id, message, created) VALUES (7, 171, 32, 'life other hard bit subject. public throughout product yes benefit good they single interview involve every rise statement shoulder unit full big big outside factor pretty particular argue sure wall nation reveal measure skill step fact list letter future one employee dream computer floor', '2021-11-07');
INSERT INTO post_comments (id, post_id, commenter_id, message, created) VALUES (8, 171, 65, 'budget pass although lay. western score difficult easy play sound cold member you character record fight shoulder data measure service place trip. hot civil almost. note their then way nice ready general then teach watch city commercial professor science option exist buy political budget person own idea life college fund seek. visit sell begin ball vote once red. often buy practice do service wait table difference', '2021-11-07');
INSERT INTO post_comments (id, post_id, commenter_id, message, created) VALUES (9, 171, 74, 'rather movement particular blood hour science operation we ten know political reality out change foot so truth land weight through suffer prepare claim quickly know movie explain who participant woman kid. work Congress produce. provide ever though moment degree all forget west. it our early hair purpose everything particular place your up control yard look statement institution around agree. specific next ok attorney', '2021-11-08');
INSERT INTO user_likes (user_id, post_id) VALUES (69, 171);
INSERT INTO user_likes (user_id, post_id) VALUES (67, 171);
INSERT INTO user_likes (user_id, post_id) VALUES (48, 171);
INSERT INTO posts (id, poster_id, title, body, created, last_edited) VALUES (172, 43, 'key article', 'meet ten ball why experience culture pick weight whose smile decision story again those moment father. kid language prevent sound item act put weight could up through again certain. right hospital he occur cost manager country there manager until foot. without call its baby pull who both north method pattern maybe get black stage three ok window artist quickly space doctor sister public share or city develop information look find three wish read now since world drug if through under look treatment alone final story nation than seem second just. hand billion', '2021-10-10', '2021-10-21');
INSERT INTO post_comments (id, post_id, commenter_id, message, created) VALUES (0, 172, 31, 'paper tend down heavy. strong produce plan several kitchen able specific body scene inside population. industry choice successful machine form stay technology similar response. development old age author store physical very position. some around ability agree certainly wish nor avoid least especially five few. hold take teach write page design significant lot fact coach mission kind administration notice movement team order question street same tough interest artist everybody. environment play high. value threat. building reason three peace rise. various test eight more religious kitchen environment statement center indeed often', '2021-10-27');
INSERT INTO post_comments (id, post_id, commenter_id, message, created) VALUES (1, 172, 64, 'hospital paper answer talk commercial activity human front outside notice data program so keep anyone voice edge north as instead anyone culture. control thus war six area knowledge heavy identify media their dinner why least choose sound maintain loss. protect fill story. environmental. outside break bag general. bit leg catch accept protect ok general whatever each career reality theory truth. defense major young foreign media pattern', '2021-11-07');
INSERT INTO post_comments (id, post_id, commenter_id, message, created) VALUES (2, 172, 71, 'strategy finish including kitchen past some resource prove apply finish ahead similar hear fine mother since red. represent west history. day. price environment ground evidence question federal ability make fish she bed level list appear interesting world high record prepare own', '2021-10-27');
INSERT INTO post_comments (id, post_id, commenter_id, message, created) VALUES (3, 172, 57, 'less study evidence he surface manage together lead throw loss question forget financial health they these us room term single war court reason trade senior eat explain detail sister long remember piece account bring open rate after sit finally. possible phone specific central serious decide charge across Mrs great rate region article involve turn old as despite experience surface baby. operation', '2021-10-12');
INSERT INTO post_comments (id, post_id, commenter_id, message, created) VALUES (4, 172, 52, 'three must need. hospital everybody view offer nice win give. operation think Republican. approach take than simply. strong ready area material she toward. despite pay how stand child fall five which cup. front. news unit. world close maintain role off foreign us involve spend thought door stock weight indeed turn reach me individual moment himself notice view lead the check carry maybe space. meet offer better parent trade hundred building toward that road step these. occur can law black son crime say when executive of consumer yard', '2021-11-01');
INSERT INTO post_comments (id, post_id, commenter_id, message, created) VALUES (5, 172, 44, 'hour large case. almost speech able language little form open word manage author assume technology. family serve focus. peace sport. TV now help over treat politics address manager image somebody age really fill. popular protect institution firm mind bring movie simple full college animal available around popular describe. hard believe. scientist clear our year full many scientist friend job matter size alone he catch simple coach finally interview produce source character politics concern build', '2021-10-31');
INSERT INTO post_comments (id, post_id, commenter_id, message, created) VALUES (6, 172, 68, 'property tax seem situation page cultural. less most kitchen star size smile fall fear both run west individual fear happen catch we become consumer away kid pay weight whole until who matter nothing sign usually white interview citizen total purpose. act and huge skill capital result. full image agree population source respond. base charge', '2021-11-08');
INSERT INTO post_comments (id, post_id, commenter_id, message, created) VALUES (7, 172, 43, 'least involve best know likely analysis firm response national show fly. whatever American behavior difference show guy ball service staff tax son choice population education along. Republican wear top art hit bit contain face. water we number. enough trouble themselves near page yeah', '2021-10-13');
INSERT INTO user_likes (user_id, post_id) VALUES (27, 172);
INSERT INTO user_likes (user_id, post_id) VALUES (68, 172);
INSERT INTO user_likes (user_id, post_id) VALUES (51, 172);
INSERT INTO user_likes (user_id, post_id) VALUES (34, 172);
INSERT INTO user_likes (user_id, post_id) VALUES (46, 172);
INSERT INTO user_likes (user_id, post_id) VALUES (48, 172);
INSERT INTO user_likes (user_id, post_id) VALUES (36, 172);
INSERT INTO user_likes (user_id, post_id) VALUES (70, 172);
INSERT INTO user_likes (user_id, post_id) VALUES (50, 172);
INSERT INTO user_likes (user_id, post_id) VALUES (10, 172);
INSERT INTO user_likes (user_id, post_id) VALUES (4, 172);
INSERT INTO user_likes (user_id, post_id) VALUES (52, 172);
INSERT INTO user_likes (user_id, post_id) VALUES (67, 172);
INSERT INTO user_likes (user_id, post_id) VALUES (33, 172);
INSERT INTO user_likes (user_id, post_id) VALUES (1, 172);
INSERT INTO user_likes (user_id, post_id) VALUES (2, 172);
INSERT INTO posts (id, poster_id, title, body, created) VALUES (173, 5, 'second choice scientist your', 'hold forget professor improve for begin morning young population true dinner ready significant happy article somebody our decade culture include kitchen back find suggest decide in after a ten lot career ball call sense year sister age yes economic fish throughout dog staff treatment while less beautiful billion strong believe others continue along fast individual drop explain sound cause ground wear remember star remember pressure poor mean purpose current task data unit instead many base later toward fire happen someone poor plan land myself trip order foreign energy before anyone quality great. industry gun vote cold seat my', '2021-10-29');
INSERT INTO post_comments (id, post_id, commenter_id, message, created) VALUES (0, 173, 29, 'information stage country scene lay easy get might entire think professor goal night outside meeting question front beautiful different we each option fear direction feel responsibility. statement argue. two since chair pay partner popular brother offer here issue process media home after house goal sure agent value former remain process certainly performance international present admit take himself figure close. give could', '2021-11-02');
INSERT INTO user_likes (user_id, post_id) VALUES (58, 173);
INSERT INTO user_likes (user_id, post_id) VALUES (12, 173);
INSERT INTO user_likes (user_id, post_id) VALUES (60, 173);
INSERT INTO user_likes (user_id, post_id) VALUES (49, 173);
INSERT INTO user_likes (user_id, post_id) VALUES (24, 173);
INSERT INTO posts (id, poster_id, title, body, created) VALUES (174, 74, 'you above what', 'somebody lot. point none phone friend. process training. suffer magazine personal owner seem likely also relationship kid Republican wall record later career more skill political sing long wear high light. add election claim treat. fund. appear energy appear character seek not environment whose continue concern enjoy from. around speech poor nice suffer everybody style kind system try ability fall national very scientist together office best feeling TV certain party goal item million fear discuss subject account. western hair member arrive who wind scientist within by cut young. child even usually', '2021-10-28');
INSERT INTO post_comments (id, post_id, commenter_id, message, created) VALUES (0, 174, 73, 'people. raise long suddenly conference southern push black more involve pass pressure factor speech yes machine. reduce attack. amount agreement research sell trial rest former it environment star. brother indicate century data', '2021-11-07');
INSERT INTO post_comments (id, post_id, commenter_id, message, created) VALUES (1, 174, 8, 'usually floor second future guy father cover indicate word war country attorney low grow present. difference difficult together outside part five loss material husband either strong already return. every sound model win movement daughter because matter half thank spend history entire. look anyone', '2021-11-02');
INSERT INTO post_comments (id, post_id, commenter_id, message, created) VALUES (2, 174, 49, 'budget popular. success father list knowledge cost if radio answer he establish ready eat general method financial body smile. effect. television moment song discover story thus store just bad act accept enjoy true situation without pick military lawyer this more artist company notice notice culture view close interest light phone leg run experience whether six food', '2021-10-30');
INSERT INTO post_comments (id, post_id, commenter_id, message, created) VALUES (3, 174, 24, 'first because every strong side team ten. cut medical main pass. factor page hundred culture method unit lot cold special local maintain single better few season Congress city teach day popular much window firm some however game wonder money meet road plan hope. control beautiful management simply power sense', '2021-11-08');
INSERT INTO post_comments (id, post_id, commenter_id, message, created) VALUES (4, 174, 61, 'majority inside over according radio avoid write physical it whatever kitchen. professional long impact agency try sit voice far how available goal news leave out listen. enough think must century stand report away stop military stock notice media recently dark north trade left season people couple bring. rest executive learn however. fear model school treatment third. kind nothing ability challenge wind art each commercial dream trouble risk send those war focus paper key until discover. different stop wonder report soon work tend write game receive one contain', '2021-11-06');
INSERT INTO post_comments (id, post_id, commenter_id, message, created) VALUES (5, 174, 71, 'myself sound per case middle executive consumer large quality just establish. hot can. item act purpose entire seem beat forget analysis manager magazine student just hard discover computer. lose unit team project area writer take must have expect door country grow interview. night lay stuff morning. all television guy leave. full might thus by here exist accept. foot full game despite across bring. strong draw deep head note. strong respond capital keep agreement exist head write would case phone accept apply', '2021-10-29');
INSERT INTO post_comments (id, post_id, commenter_id, message, created) VALUES (6, 174, 26, 'wonder experience accept even probably south share service approach moment fear church eat strong nearly require stop perhaps central picture bar natural doctor interview. month piece fill radio science check must build amount during book policy side song music ask help. wide attorney community serve. safe effect', '2021-11-07');
INSERT INTO post_comments (id, post_id, commenter_id, message, created) VALUES (7, 174, 13, 'blood group show movement suddenly perform next fill another case seem upon mean teacher worry kitchen court animal someone candidate speech attention professor government help state capital parent reflect generation must. side. travel she. plan garden thus least point modern according suffer eat word improve everybody inside answer score form parent building able stuff shake director purpose executive meet peace series then help life author have difficult democratic worker summer those gun produce his community throughout risk beat financial shoulder purpose line back plan maintain concern animal born question media pay within key. general enough measure', '2021-11-03');
INSERT INTO post_comments (id, post_id, commenter_id, message, created) VALUES (8, 174, 43, 'support next soon decision general unit break return name investment others doctor beautiful. expect second evening factor many bar new. ten few tough enter mother. discover actually until although north general industry itself arm action tough front condition artist interview answer go join end spring a foot event daughter name it from discuss way eye. increase necessary management late drive per house. hour personal defense prevent improve drop stop. south bad. behavior country lead safe trip read black language cover PM fire process best realize bill', '2021-11-02');
INSERT INTO user_likes (user_id, post_id) VALUES (24, 174);
INSERT INTO user_likes (user_id, post_id) VALUES (56, 174);
INSERT INTO user_likes (user_id, post_id) VALUES (47, 174);
INSERT INTO user_likes (user_id, post_id) VALUES (6, 174);
INSERT INTO user_likes (user_id, post_id) VALUES (36, 174);
INSERT INTO user_likes (user_id, post_id) VALUES (72, 174);
INSERT INTO user_likes (user_id, post_id) VALUES (71, 174);
INSERT INTO user_likes (user_id, post_id) VALUES (25, 174);
INSERT INTO user_likes (user_id, post_id) VALUES (9, 174);
INSERT INTO user_likes (user_id, post_id) VALUES (23, 174);
INSERT INTO user_likes (user_id, post_id) VALUES (48, 174);
INSERT INTO user_likes (user_id, post_id) VALUES (27, 174);
INSERT INTO user_likes (user_id, post_id) VALUES (66, 174);
INSERT INTO user_likes (user_id, post_id) VALUES (46, 174);
INSERT INTO user_likes (user_id, post_id) VALUES (14, 174);
INSERT INTO user_likes (user_id, post_id) VALUES (45, 174);
INSERT INTO posts (id, poster_id, title, body, created) VALUES (175, 33, 'impact budget', 'bill nothing reflect lead ten few forward three involve check forget mean wonder total avoid. dog speech four anything environmental oil sometimes from. training teacher relationship prove. conference ability common start where play laugh test tough cultural very environment never when up form relationship land few morning. measure yes smile administration kind drive as best claim white break after evidence mouth any age player too stay him before nice thought if middle analysis back generation image hand floor water reality college sing opportunity knowledge argue discuss until', '2021-10-18');
INSERT INTO post_comments (id, post_id, commenter_id, message, created) VALUES (0, 175, 51, 'indicate. ten. hard best system wife increase true world chance couple local particular through. federal current really might approach land learn effort hold effort reveal stage cost on air wait more writer cup father mention. dog. start others middle likely discover computer state describe attention appear poor many street new. local service such it push today writer a. quite account within first throw Mr well identify wonder between figure story western official southern. none yard population let author food', '2021-10-30');
INSERT INTO post_comments (id, post_id, commenter_id, message, created) VALUES (1, 175, 24, 'box well order few speak put find direction fund allow statement push return whom reach loss stuff central shake service. determine else cover give above claim society according form space cup relationship guy may there attention. common stay whether common Mr people person common produce right pretty arm risk may provide charge science win manager great after something court everyone', '2021-10-30');
INSERT INTO post_comments (id, post_id, commenter_id, message, created) VALUES (2, 175, 7, 'level one usually nothing bad community. break ball six stop point boy certain officer leader share nor summer test hour fly total want throw check within resource too difference positive movement like center business ever think make because assume house air clear subject they stop position happen risk sing attack good may third light side race final industry church professor leg cell yet hard walk something Congress cost expect guy. I individual', '2021-11-08');
INSERT INTO post_comments (id, post_id, commenter_id, message, created) VALUES (3, 175, 39, 'risk common usually which style foot baby develop hour grow leg one mention. note about thank government sell card child full officer end begin product three know coach. Congress other peace another charge fine. suddenly fear or. explain crime wind others kid serious office discuss person machine specific fast voice traditional ability energy future our somebody job task ok son drug when then ask force stop walk occur arm move. enjoy type care trade already long sea cause newspaper term case leave many statement result', '2021-11-05');
INSERT INTO post_comments (id, post_id, commenter_id, message, created) VALUES (4, 175, 9, 'seem discover TV church east public tend out sit far special economy college task plant actually few whom war finish window security it visit. improve try kitchen know daughter reveal certain every only lot respond kid under tree', '2021-10-21');
INSERT INTO post_comments (id, post_id, commenter_id, message, created) VALUES (5, 175, 4, 'somebody arm industry rather require late issue very consumer view few baby never reveal itself. reach address use some employee inside rest loss experience table west scientist thing direction. option present during store force item energy where hair simply sense fight hand yourself chair tree professional others course talk protect some well stay remain light bring write likely bank general character bag. manage design seat knowledge range find myself ability public. almost', '2021-11-04');
INSERT INTO post_comments (id, post_id, commenter_id, message, created) VALUES (6, 175, 49, 'address just majority level should institution turn. article him team almost she. law add prepare should but nice administration maintain. hot participant much try good relate lay risk service next own certainly expect than free staff move blue under positive then skin large strong to structure whatever director become billion ever although discuss nor strategy center theory past old popular check safe', '2021-10-20');
INSERT INTO post_comments (id, post_id, commenter_id, message, created) VALUES (7, 175, 64, 'military he at ready speech yard administration himself. quite report machine especially word together leader reflect month all argue notice ago black like magazine mean key long point environmental campaign understand treat special interview assume. growth increase Congress. author door present popular its measure them notice discuss. individual threat her federal bed. story hit environment side follow open arrive city eye practice speech foreign since training', '2021-11-02');
INSERT INTO user_likes (user_id, post_id) VALUES (48, 175);
INSERT INTO user_likes (user_id, post_id) VALUES (51, 175);
INSERT INTO user_likes (user_id, post_id) VALUES (67, 175);
INSERT INTO user_likes (user_id, post_id) VALUES (2, 175);
INSERT INTO user_likes (user_id, post_id) VALUES (14, 175);
INSERT INTO user_likes (user_id, post_id) VALUES (7, 175);
INSERT INTO user_likes (user_id, post_id) VALUES (53, 175);
INSERT INTO posts (id, poster_id, title, body, created, last_edited) VALUES (176, 37, 'something foreign', 'conference budget chair method him. away whole commercial building into half agreement investment speak wish something close later compare between without customer bank. far in myself single force theory peace receive way local last five table. name walk recognize sell way everything peace into condition up edge science lay spring. situation hold body allow expect make visit remember result traditional. perform out training herself through change add school something deep rise drop job less wrong the throughout house walk society word difficult certain story sort stage minute worker sometimes participant yeah leader difference recognize yet group son could', '2021-10-29', '2021-11-08');
INSERT INTO user_likes (user_id, post_id) VALUES (71, 176);
INSERT INTO user_likes (user_id, post_id) VALUES (72, 176);
INSERT INTO user_likes (user_id, post_id) VALUES (44, 176);
INSERT INTO user_likes (user_id, post_id) VALUES (49, 176);
INSERT INTO user_likes (user_id, post_id) VALUES (19, 176);
INSERT INTO user_likes (user_id, post_id) VALUES (45, 176);
INSERT INTO posts (id, poster_id, title, body, created, last_edited) VALUES (177, 6, 'military themselves', 'analysis customer. race growth evidence perhaps man state drop scientist ability city they doctor. memory approach others some fire opportunity read adult two professor child then find anything look usually time thus visit. fish every economic level animal. position system tax these maybe ability environmental report. fish risk last. within wind sea current man they morning sing personal. final black treat force gas give study politics serve. ahead blood level result for. ever debate page occur start about television result news. good sound help bit beautiful wonder operation student standard option might forget economy week safe likely against partner', '2021-10-22', '2021-10-23');
INSERT INTO post_comments (id, post_id, commenter_id, message, created) VALUES (0, 177, 46, 'get two near report water factor building church so those set indeed right attention because several. author station various join cost message until. myself budget though condition house order campaign buy', '2021-10-23');
INSERT INTO post_comments (id, post_id, commenter_id, message, created) VALUES (1, 177, 7, 'and hear long service step organization say nor remain you government page well sea cost certainly economy cost gun as force design sometimes specific court him wait many mother recognize case world significant factor. among fact from increase style work than law low whose though state analysis large draw table school same data husband play next college necessary', '2021-11-08');
INSERT INTO post_comments (id, post_id, commenter_id, message, created) VALUES (2, 177, 51, 'through oil look important thought discussion wall after end building field true commercial tell door box. suffer almost wonder the hope idea west. deep risk my between spend car friend never almost none charge. pass thank why. for. hotel collection understand fact quickly as deal yet cold effort foot them item organization maintain modern draw fear help air capital budget. anything build kind. nor hard total entire Republican join test else line few blue collection whose trip', '2021-10-28');
INSERT INTO user_likes (user_id, post_id) VALUES (59, 177);
INSERT INTO user_likes (user_id, post_id) VALUES (47, 177);
INSERT INTO user_likes (user_id, post_id) VALUES (22, 177);
INSERT INTO user_likes (user_id, post_id) VALUES (49, 177);
INSERT INTO user_likes (user_id, post_id) VALUES (0, 177);
INSERT INTO user_likes (user_id, post_id) VALUES (23, 177);
INSERT INTO user_likes (user_id, post_id) VALUES (51, 177);
INSERT INTO user_likes (user_id, post_id) VALUES (62, 177);
INSERT INTO user_likes (user_id, post_id) VALUES (34, 177);
INSERT INTO user_likes (user_id, post_id) VALUES (9, 177);
INSERT INTO user_likes (user_id, post_id) VALUES (28, 177);
INSERT INTO user_likes (user_id, post_id) VALUES (11, 177);
INSERT INTO user_likes (user_id, post_id) VALUES (71, 177);
INSERT INTO user_likes (user_id, post_id) VALUES (38, 177);
INSERT INTO user_likes (user_id, post_id) VALUES (55, 177);
INSERT INTO user_likes (user_id, post_id) VALUES (57, 177);
INSERT INTO user_likes (user_id, post_id) VALUES (16, 177);
INSERT INTO user_likes (user_id, post_id) VALUES (20, 177);
INSERT INTO user_likes (user_id, post_id) VALUES (41, 177);
INSERT INTO user_likes (user_id, post_id) VALUES (50, 177);
INSERT INTO posts (id, poster_id, title, body, created) VALUES (178, 18, 'professor short', 'nor. listen participant until prevent you skill for figure onto religious within either party area home suffer. summer receive card instead material. investment relate head garden than yes father small song fact. order meeting thank hair industry air job', '2021-10-27');
INSERT INTO post_comments (id, post_id, commenter_id, message, created) VALUES (0, 178, 74, 'friend put. list message feeling drive hundred. know people fish movie rate cause benefit major decide determine know character until analysis own day line close season participant mission give federal. specific guy environmental nothing executive best thank dog upon ever ever course treat theory eat. report pull season. system home almost mother rather possible could ever later this business. we offer. home student career will education room speech stay third once let dark arrive leg film smile agency human guy seem democratic. seek capital own support paper other risk prove white fast subject watch sign deep beautiful', '2021-11-04');
INSERT INTO post_comments (id, post_id, commenter_id, message, created) VALUES (1, 178, 13, 'economic accept hour that different from leave. author order source class themselves argue human new particularly put describe suddenly star half point imagine wait detail partner growth executive western recognize himself family. sign participant once such general rise relate word sometimes even down person concern although. window other marriage available change charge traditional serious', '2021-11-04');
INSERT INTO post_comments (id, post_id, commenter_id, message, created) VALUES (2, 178, 28, 'purpose keep through become girl education mean happy plant see wide career surface reduce example firm affect late listen interest why price thought option believe need likely if wonder. trial half support effort choice hand police yard down increase positive artist', '2021-10-29');
INSERT INTO post_comments (id, post_id, commenter_id, message, created) VALUES (3, 178, 70, 'edge once so data goal fund see drive catch among exist effect stay like behavior challenge early structure. service well investment. chair song resource close exactly home employee job no rock movie buy money cold natural over report thing rise effort turn. treatment garden reduce success but threat lawyer which area respond might system activity compare painting weight season art like audience. take window pressure above town finish camera right water Mr avoid along.', '2021-10-31');
INSERT INTO post_comments (id, post_id, commenter_id, message, created) VALUES (4, 178, 20, 'audience. significant meet lead different fact reveal success with final race. on rather practice positive person population story. science force she activity discuss throughout. evening choose listen most population include foreign evening clearly hair report himself yet test must cell. section also military tough avoid scene business teach important oil check. project guy will window south hotel all experience election generation next popular task recognize. throughout play those follow our green power star pay decade analysis should character. issue education nearly attorney surface water food pay.', '2021-11-08');
INSERT INTO post_comments (id, post_id, commenter_id, message, created) VALUES (5, 178, 60, 'style clearly various take image century serious born great civil scene end improve whole guy alone actually television box leg. weight fill. commercial method last special feel picture office weight own save reflect firm him. wish color agree seven window general both certain here to with stock', '2021-11-07');
INSERT INTO post_comments (id, post_id, commenter_id, message, created) VALUES (6, 178, 30, 'his thing deal fast good less fall play hundred heavy hear war number begin color under theory majority happen medical before eat exactly image speech two white lay. tax place common last response save resource image spend wall but especially. build. keep record health strategy organization artist dark picture fish. keep reduce simple science describe. idea there then study civil. important building surface. page work establish unit adult late follow. civil. address power should with available opportunity suffer between usually hear to research reveal account. item media behind chair almost word loss source represent be person choose experience', '2021-11-08');
INSERT INTO user_likes (user_id, post_id) VALUES (4, 178);
INSERT INTO posts (id, poster_id, title, body, created) VALUES (179, 74, 'best chair those', 'every. change argue market five beyond generation college especially difference always worry police pay much black likely focus activity agent war month. price war join represent week quickly inside seven than. account structure rather it available. smile effect in least beautiful voice west environmental particular', '2021-10-29');
INSERT INTO post_comments (id, post_id, commenter_id, message, created) VALUES (0, 179, 64, 'have get arrive hospital federal detail middle site use would security likely hope study financial season partner through here various key machine environmental clear eight mind raise card where traditional teach safe fear plan relate coach wall son effect agree. center personal as join high social check why statement full think pressure research lose quickly film within factor decade day place history show light reduce who until garden court official. campaign suddenly main forward color yeah kitchen want development name guess possible nothing institution property occur physical', '2021-11-01');
INSERT INTO post_comments (id, post_id, commenter_id, message, created) VALUES (1, 179, 9, 'animal there produce. trouble play result standard every defense wind believe different town information report take experience task true. week instead walk. despite others key. traditional short occur information sing reduce with create group address no. present husband one someone who administration red happen best story increase necessary sign whole positive soon. treat. product notice hotel guess financial draw five whole could season politics financial situation.', '2021-10-31');
INSERT INTO post_comments (id, post_id, commenter_id, message, created) VALUES (2, 179, 19, 'attention boy town benefit song but significant strong girl wall suggest debate ahead almost meet quickly. medical pass. action arm spring buy nor entire blue nice. girl recently positive tell. one hard figure all way inside also either. direction but exactly', '2021-11-05');
INSERT INTO post_comments (id, post_id, commenter_id, message, created) VALUES (3, 179, 12, 'body create power his century call program everybody pull source of scene paper then wait blue move off single purpose company movement law system your chair argue while in herself south reflect where decade back after apply author sea happen already why the should build street writer picture focus. response dog life series shake stop recent some visit. surface bar data us piece', '2021-11-08');
INSERT INTO post_comments (id, post_id, commenter_id, message, created) VALUES (4, 179, 19, 'if might especially size. same car memory whether. town detail score box boy without office under build themselves them whatever middle drive enter hot rule international a must available such maintain face product something front decision skin energy cut assume human room situation. capital. watch lead nice seek reach. always activity direction cell that. produce miss. sign tree be clearly interesting power here improve north field cover wait year indicate sure ball thing age them arrive month watch street clearly', '2021-11-06');
INSERT INTO post_comments (id, post_id, commenter_id, message, created) VALUES (5, 179, 1, 'cause pretty thought close practice stop watch high do give arm. go record strong late share special realize operation west exist hand plan side at talk letter perhaps help century value quickly she theory prevent summer trade choose up no stage ground economic question within story fight physical view office social might ready which beyond maintain moment case focus civil part last', '2021-11-05');
INSERT INTO post_comments (id, post_id, commenter_id, message, created) VALUES (6, 179, 40, 'low set seek recently leave song lay popular space better rich soldier change however according necessary. movie north game. hair decade inside reduce degree wish once outside fine really will if. discover. baby possible father get compare model. head physical serve. current certain late movie already become strong would right blood business', '2021-11-08');
INSERT INTO post_comments (id, post_id, commenter_id, message, created) VALUES (7, 179, 35, 'those usually. clear thought reality woman air lay us item view should power section image rate end appear chair consumer those. answer set of husband thing card suddenly detail onto clearly thus out degree maybe another establish once. size early end human ten box east item politics grow. condition Mrs student full service more value treat. responsibility positive. nice tend very player girl action establish step back item end produce nearly person news option peace bar score audience official everything bar born then. speak few', '2021-11-04');
INSERT INTO user_likes (user_id, post_id) VALUES (59, 179);
INSERT INTO user_likes (user_id, post_id) VALUES (45, 179);
INSERT INTO user_likes (user_id, post_id) VALUES (56, 179);
INSERT INTO user_likes (user_id, post_id) VALUES (4, 179);
INSERT INTO user_likes (user_id, post_id) VALUES (43, 179);
INSERT INTO user_likes (user_id, post_id) VALUES (23, 179);
INSERT INTO user_likes (user_id, post_id) VALUES (50, 179);
INSERT INTO user_likes (user_id, post_id) VALUES (42, 179);
INSERT INTO posts (id, poster_id, title, body, created) VALUES (180, 16, 'employee yourself', 'possible catch respond tell while. budget. weight just father sport remember response any authority some fact short rich difficult hotel authority everything it yes more leave adult staff up eat adult. summer which exist front minute remain real fact difference statement kind drive effort bar itself deep ten development heavy room. out. player rather thank situation image free many someone light paper crime science number respond. claim thus administration southern quickly if avoid', '2021-11-07');
INSERT INTO post_comments (id, post_id, commenter_id, message, created) VALUES (0, 180, 3, 'early majority wife like big they here thousand simply book eight according behind parent forget admit contain federal check miss. well glass politics run show glass meet. idea government building production perhaps here style many onto', '2021-11-07');
INSERT INTO post_comments (id, post_id, commenter_id, message, created) VALUES (1, 180, 52, 'simple book the left these adult often age into manager simple. small act light building these after young interest. of discuss. while appear teacher star hour experience this far end end. spring modern chance where already. travel', '2021-11-07');
INSERT INTO post_comments (id, post_id, commenter_id, message, created) VALUES (2, 180, 68, 'blue I end professor dog woman concern today attack instead use sister you trouble however in court. action from standard loss room put card although think course strategy back around back allow where state service treat. suddenly under me parent wear interesting style sit', '2021-11-07');
INSERT INTO post_comments (id, post_id, commenter_id, message, created) VALUES (3, 180, 29, 'police quality nothing win behind pull natural nice. between design describe center food concern room young everyone run current. kitchen ahead among option about risk citizen left less thank degree bring yes eat alone early help not relate situation hear red shake lose week attorney responsibility order enjoy per down nor network impact local build skill. parent know wear exactly serious actually occur nature involve letter travel. visit', '2021-11-08');
INSERT INTO post_comments (id, post_id, commenter_id, message, created) VALUES (4, 180, 63, 'then that range product art hear beautiful alone list course leave could agency seek piece attention. outside fire notice create edge. vote list woman program mouth Republican west court without. economy spend parent', '2021-11-08');
INSERT INTO post_comments (id, post_id, commenter_id, message, created) VALUES (5, 180, 3, 'past actually collection I spend prevent position lot player professional house idea. manage agency. study left I example relate show. few peace model ability morning deep painting seven pick budget my single group middle author strategy stand. other plant drop though idea. say receive those all case. sell official building range let lay between opportunity sit live. drop student again local quality religious practice. turn person why situation. book truth bag cause away', '2021-11-08');
INSERT INTO post_comments (id, post_id, commenter_id, message, created) VALUES (6, 180, 50, 'real cold key PM son finally control shake official manager want edge provide later imagine compare position network cell up even believe make. close subject child benefit space ask draw they when poor part machine election use. else still. maintain usually later end deal service threat interest sure dream they with', '2021-11-07');
INSERT INTO post_comments (id, post_id, commenter_id, message, created) VALUES (7, 180, 52, 'then. standard front in outside woman contain ten himself site professional number middle week more reduce believe tell past wrong audience phone different suggest book hundred central star claim party space simply rather whom star would receive build body film store group watch tend pretty itself price food born ability south energy national of set home newspaper partner education soon pattern two responsibility benefit. different personal task vote production record issue. organization ask must keep doctor hard treatment travel. however will. challenge nature ball Congress talk attention', '2021-11-08');
INSERT INTO post_comments (id, post_id, commenter_id, message, created) VALUES (8, 180, 46, 'book since significant style purpose others collection western increase piece difficult whole quickly standard where every. life station child image respond good write whether politics order share draw. cover might many. environment democratic', '2021-11-08');
INSERT INTO post_comments (id, post_id, commenter_id, message, created) VALUES (9, 180, 42, 'market fast least real name at four off effect seek short road box brother two travel dream development building continue adult little management Mr reason turn beautiful along sure station admit else could within morning positive. inside until too become Democrat agent explain. certain prove miss fear most feeling. successful green push also hotel. skin our recently use trial her child I evidence investment relationship many artist federal under traditional similar', '2021-11-07');
INSERT INTO user_likes (user_id, post_id) VALUES (71, 180);
INSERT INTO user_likes (user_id, post_id) VALUES (38, 180);
INSERT INTO user_likes (user_id, post_id) VALUES (67, 180);
INSERT INTO user_likes (user_id, post_id) VALUES (59, 180);
INSERT INTO user_likes (user_id, post_id) VALUES (70, 180);
INSERT INTO user_likes (user_id, post_id) VALUES (28, 180);
INSERT INTO user_likes (user_id, post_id) VALUES (15, 180);
INSERT INTO user_likes (user_id, post_id) VALUES (13, 180);
INSERT INTO user_likes (user_id, post_id) VALUES (35, 180);
INSERT INTO user_likes (user_id, post_id) VALUES (43, 180);
INSERT INTO user_likes (user_id, post_id) VALUES (54, 180);
INSERT INTO user_likes (user_id, post_id) VALUES (9, 180);
INSERT INTO user_likes (user_id, post_id) VALUES (57, 180);
INSERT INTO user_likes (user_id, post_id) VALUES (8, 180);
INSERT INTO user_likes (user_id, post_id) VALUES (26, 180);
INSERT INTO user_likes (user_id, post_id) VALUES (27, 180);
INSERT INTO user_likes (user_id, post_id) VALUES (39, 180);
INSERT INTO user_likes (user_id, post_id) VALUES (45, 180);
INSERT INTO user_likes (user_id, post_id) VALUES (23, 180);
INSERT INTO user_likes (user_id, post_id) VALUES (40, 180);
INSERT INTO user_likes (user_id, post_id) VALUES (73, 180);
INSERT INTO posts (id, poster_id, title, body, created) VALUES (181, 65, 'clearly which information body', 'away each whatever determine fund concern wife similar must enter always our better seven adult here rise group performance among throughout husband. everyone stop officer one guess friend employee alone own recent. production charge begin community travel agree little to people lose ago serve owner unit while should son debate rock religious future country sell nice really admit outside fear point talk about question car surface manage chance base analysis later town group fund life seem sing. life produce song until little what instead city couple. southern million lead', '2021-10-14');
INSERT INTO post_comments (id, post_id, commenter_id, message, created) VALUES (0, 181, 68, 'fast but everybody cause magazine guy notice not opportunity type apply expect soon her. environmental technology office phone record culture drop economic decade resource attention low student laugh happen above themselves choice two report political later building current. nation theory necessary book information her blood pattern ask sure car performance. of listen concern cover big concern something create strong personal without. decide however ability body any yet upon black soldier again notice dog hand hour sort person age know church matter science student any drug look avoid chance effort arrive. study', '2021-10-30');
INSERT INTO post_comments (id, post_id, commenter_id, message, created) VALUES (1, 181, 73, 'human art stage food miss economic check family television writer stop size card range yeah upon worker direction protect technology room let often evening seven glass write sing wonder walk nothing he shake will', '2021-10-31');
INSERT INTO post_comments (id, post_id, commenter_id, message, created) VALUES (2, 181, 57, 'parent pick source red director occur drive state turn wait force. ball tend soldier nearly store speech record although instead suffer reach test help become environment hospital lawyer song ago create test best fly participant never it fight threat seat financial Republican itself education study part want listen learn next computer carry available fly. analysis she.', '2021-10-25');
INSERT INTO post_comments (id, post_id, commenter_id, message, created) VALUES (3, 181, 2, 'step compare whether back tree real image front. apply. budget. authority air return she truth sense hit though point. writer lose wind him free international foreign trip PM bar long carry pick entire represent car professor thing church service standard Mrs through go month happen third present far go along discuss word begin stage democratic listen represent serve actually adult show new right billion executive in. audience then sign good just operation', '2021-10-20');
INSERT INTO post_comments (id, post_id, commenter_id, message, created) VALUES (4, 181, 10, 'long really several leader feeling order feel cup three. ever part everything book glass play. majority different discussion within minute own decide say market figure everybody start effort will speech cup artist own range girl practice. recently according night long smile social position. just degree cell significant to toward make beat behavior wish baby pattern. vote cup actually American pay this put fall blood. doctor table tend cold glass fall role movement raise. pull occur decide what different movie fire lose your protect others career station move. whom raise response night. start bed person', '2021-10-29');
INSERT INTO user_likes (user_id, post_id) VALUES (11, 181);
INSERT INTO user_likes (user_id, post_id) VALUES (43, 181);
INSERT INTO user_likes (user_id, post_id) VALUES (56, 181);
INSERT INTO posts (id, poster_id, title, body, created) VALUES (182, 9, 'leader staff present', 'Mrs build eat choice decision traditional. ok watch education soldier realize memory throughout attack another call number. wide able outside old prepare tonight family truth fire. service one dog scientist stuff. trouble yet sometimes vote move brother will point property paper every turn agency news training as coach fill way human particularly science leave direction class down environment long price whole college particularly nice size party protect book almost group economy', '2021-10-18');
INSERT INTO post_comments (id, post_id, commenter_id, message, created) VALUES (0, 182, 31, 'kid reach realize data someone measure. phone avoid computer person recognize short goal miss soldier dark method operation hair clearly into without yeah of method fire their action north record rich so assume and rule cause', '2021-10-18');
INSERT INTO post_comments (id, post_id, commenter_id, message, created) VALUES (1, 182, 1, 'window few against dream player point understand rest reflect national test. floor lot task oil. sit financial choose language radio professional candidate after security nice box check manage serve politics area detail loss once mind meet practice impact visit clear pretty politics usually commercial score leave put once forget force page work wrong certainly audience culture sound pattern close local past subject', '2021-11-05');
INSERT INTO post_comments (id, post_id, commenter_id, message, created) VALUES (2, 182, 32, 'generation town compare Mr floor vote test smile receive face herself report child television no go dog entire population draw beautiful stand financial large travel each bag purpose treat later wrong eat. list behavior last month someone professional authority middle. must role store suffer four. account image research scene', '2021-11-07');
INSERT INTO user_likes (user_id, post_id) VALUES (23, 182);
INSERT INTO user_likes (user_id, post_id) VALUES (27, 182);
INSERT INTO user_likes (user_id, post_id) VALUES (21, 182);
INSERT INTO user_likes (user_id, post_id) VALUES (3, 182);
INSERT INTO user_likes (user_id, post_id) VALUES (10, 182);
INSERT INTO user_likes (user_id, post_id) VALUES (38, 182);
INSERT INTO user_likes (user_id, post_id) VALUES (31, 182);
INSERT INTO user_likes (user_id, post_id) VALUES (48, 182);
INSERT INTO user_likes (user_id, post_id) VALUES (13, 182);
INSERT INTO user_likes (user_id, post_id) VALUES (25, 182);
INSERT INTO user_likes (user_id, post_id) VALUES (14, 182);
INSERT INTO posts (id, poster_id, title, body, created) VALUES (183, 28, 'many someone away', 'nation item idea. pick. challenge especially letter. body those group new program spend again modern might our play task music difficult management public its cell fund land nor store military room provide recognize about social public child charge anyone near sell could push page sound quickly mouth card bank. guess. talk appear political responsibility write Democrat. blood first rate later friend ten kitchen but state by walk wall hear would nation go office. happen reach worker per forget however', '2021-11-04');
INSERT INTO user_likes (user_id, post_id) VALUES (36, 183);
INSERT INTO user_likes (user_id, post_id) VALUES (24, 183);
INSERT INTO user_likes (user_id, post_id) VALUES (13, 183);
INSERT INTO user_likes (user_id, post_id) VALUES (58, 183);
INSERT INTO user_likes (user_id, post_id) VALUES (26, 183);
INSERT INTO user_likes (user_id, post_id) VALUES (29, 183);
INSERT INTO user_likes (user_id, post_id) VALUES (49, 183);
INSERT INTO user_likes (user_id, post_id) VALUES (59, 183);
INSERT INTO user_likes (user_id, post_id) VALUES (34, 183);
INSERT INTO user_likes (user_id, post_id) VALUES (8, 183);
INSERT INTO user_likes (user_id, post_id) VALUES (51, 183);
INSERT INTO user_likes (user_id, post_id) VALUES (10, 183);
INSERT INTO user_likes (user_id, post_id) VALUES (52, 183);
INSERT INTO user_likes (user_id, post_id) VALUES (73, 183);
INSERT INTO posts (id, poster_id, title, body, created) VALUES (184, 4, 'against cut grow listen', 'level return whole expert. next hold sell. question. line somebody. threat call how around there region firm no expert child test. born relate participant assume themselves argue war rest card. goal end air performance should floor than military great fill. door can public reason yeah floor so these most middle hospital check.', '2021-10-15');
INSERT INTO post_comments (id, post_id, commenter_id, message, created) VALUES (0, 184, 0, 'off young fear father prevent local current figure scientist scene night language most manager build no. yet center movement simply huge catch employee agency few billion performance power say my main adult leader blue daughter through firm evening business nation that dog source ten mention. little director information section entire painting before', '2021-10-24');
INSERT INTO post_comments (id, post_id, commenter_id, message, created) VALUES (1, 184, 34, 'nation represent prepare consumer seven population card war reason term enough herself pass little short. art heart thus vote network let speech board fast traditional which Democrat opportunity. else no seat thousand almost. us system week country a fast source. those along government its how require although difference word follow inside machine dinner cause memory other effect out conference individual field build beat class lose believe season TV receive light indicate final century or administration hotel need at answer customer everything center show energy program number set', '2021-11-01');
INSERT INTO post_comments (id, post_id, commenter_id, message, created) VALUES (2, 184, 50, 'kid difference drug four population onto however material fire hair million hotel treat recently whether education drive thought we. about middle machine security such never. item', '2021-11-05');
INSERT INTO post_comments (id, post_id, commenter_id, message, created) VALUES (3, 184, 41, 'police society word call among guy fear quite ten enough agent page design century myself population thank. need character health. how white. if rich customer step whatever consider west test camera ok kitchen third data season face world debate politics hold visit politics everybody federal effect among your fish address citizen trade idea other wall half campaign enjoy rule. magazine good data small bag own discussion his', '2021-11-07');
INSERT INTO post_comments (id, post_id, commenter_id, message, created) VALUES (4, 184, 23, 'former consumer particularly Democrat identify high particularly either. red development must view. yes difference own paper crime white worker wall building interest. close law together inside relationship region hour. which store. out board past exist operation include than Democrat real affect research management year. risk. safe pay relate yet range energy particular power station everyone these great party maintain better wish force run hear. summer yes somebody. put administration how. purpose owner blue', '2021-10-16');
INSERT INTO post_comments (id, post_id, commenter_id, message, created) VALUES (5, 184, 31, 'visit paper lead. central Republican recently wear option door part recently policy all quality every low soldier quality one road look fund management weight term minute against itself. speech everybody window health available experience five air fall. themselves everyone herself through operation let. song local young always show cold voice statement radio clear focus consumer power religious front reality him trip hair floor wife white mouth item determine section food bank card drive case old character. TV after practice reveal glass recent through understand weight cut heavy score past single job cell arm. four without', '2021-10-23');
INSERT INTO post_comments (id, post_id, commenter_id, message, created) VALUES (6, 184, 47, 'religious hand. east possible staff student. agent while six middle avoid thing official street thought sister finally rest particular card dinner buy method serve return. discover chance suddenly own forward support east ever from member do research guess. never impact dinner only. interest why politics Mrs wonder always conference newspaper stuff hand issue easy guy example me walk stock American special middle church. opportunity factor throw', '2021-11-07');
INSERT INTO post_comments (id, post_id, commenter_id, message, created) VALUES (7, 184, 58, 'next. easy wide career dark page in tough painting receive gas age check establish husband relate option partner bad art candidate state popular central challenge war want traditional you director help case station share difficult myself say today lead reveal job cost foreign place hear thank amount white. yourself husband red draw billion late', '2021-11-04');
INSERT INTO user_likes (user_id, post_id) VALUES (67, 184);
INSERT INTO user_likes (user_id, post_id) VALUES (39, 184);
INSERT INTO user_likes (user_id, post_id) VALUES (27, 184);
INSERT INTO user_likes (user_id, post_id) VALUES (10, 184);
INSERT INTO user_likes (user_id, post_id) VALUES (53, 184);
INSERT INTO posts (id, poster_id, title, body, created) VALUES (185, 12, 'series right capital', 'resource agree personal science black run the article in example inside themselves rock bar weight former player nature to study your town. others marriage a none structure number whether throughout lawyer environmental policy end one little travel debate decade career involve keep yourself president among spring onto', '2021-10-11');
INSERT INTO post_comments (id, post_id, commenter_id, message, created) VALUES (0, 185, 16, 'rich anything condition bag likely per beautiful most main what serve dog point fly claim air individual voice agent clearly deal. realize vote drive tend behind improve government. season model hair various nearly time generation mind writer care list mouth say for concern nothing next to set she available yourself garden bill know instead along catch show beautiful one respond. process culture natural cultural born indicate give style three over decade again visit', '2021-10-25');
INSERT INTO user_likes (user_id, post_id) VALUES (62, 185);
INSERT INTO user_likes (user_id, post_id) VALUES (27, 185);
INSERT INTO posts (id, poster_id, title, body, created) VALUES (186, 14, 'society capital coach', 'business carry once least seat paper happen let set among happy interview than stand middle page model area image if civil shoulder this wear head really such situation scene everybody day official much. boy adult suffer stage get why new their ability candidate support seat generation and rock his include name his not spend wait ground house soldier chance. most name notice while teach difficult movie art fast fight top tough. fund authority speech add nothing north throughout investment', '2021-10-23');
INSERT INTO post_comments (id, post_id, commenter_id, message, created) VALUES (0, 186, 46, 'myself Congress mean say. property reason check mind item note size apply particularly science deal operation even find art second major quality article then evening wish sell bed. respond. decade else skill threat ago. read state ever image threat institution give affect once put right large area event establish above approach what effort kind figure evidence anyone shoulder me price western become worry reveal be far see ten. door family tend leg appear low start send he brother enter hospital run public suggest manage power property hit certain', '2021-11-04');
INSERT INTO post_comments (id, post_id, commenter_id, message, created) VALUES (1, 186, 21, 'fund simple like computer end allow poor east push front move painting meet necessary enough begin different various. control establish born. particular any card wonder around benefit decision join expect light ten few report five individual dark table speech letter city know source low inside better address husband almost. woman energy indicate anyone sign defense difference address company alone director probably wear. once pretty past community however process cover coach yard open', '2021-10-23');
INSERT INTO user_likes (user_id, post_id) VALUES (8, 186);
INSERT INTO posts (id, poster_id, title, body, created) VALUES (187, 6, 'such suggest author may', 'us owner yard central make pull land radio sport high respond look majority phone listen college drop bit decade office head democratic require indicate what shake push standard fill score design evening else miss stage piece individual ability teacher article old. sea base message energy should find major whether house land home often shoulder worker whole ask might official degree idea suddenly. second technology land result yeah money many a for operation not head born especially adult today win', '2021-11-05');
INSERT INTO user_likes (user_id, post_id) VALUES (30, 187);
INSERT INTO user_likes (user_id, post_id) VALUES (25, 187);
INSERT INTO user_likes (user_id, post_id) VALUES (12, 187);
INSERT INTO user_likes (user_id, post_id) VALUES (70, 187);
INSERT INTO user_likes (user_id, post_id) VALUES (35, 187);
INSERT INTO user_likes (user_id, post_id) VALUES (73, 187);
INSERT INTO user_likes (user_id, post_id) VALUES (44, 187);
INSERT INTO user_likes (user_id, post_id) VALUES (71, 187);
INSERT INTO posts (id, poster_id, title, body, created) VALUES (188, 71, 'store alone sound', 'provide ahead worker culture life build accept material employee scientist open. place seek relationship weight anything image clearly base teach his team those enough science decision we week by answer new strategy several door method else describe certainly challenge against', '2021-10-16');
INSERT INTO post_comments (id, post_id, commenter_id, message, created) VALUES (0, 188, 65, 'scene fly know material environmental value beyond. this management two need. its common measure media war hope attention traditional lose career continue pass by. collection support coach cover. across during senior half guess once support community result away control. education hundred response keep a participant safe discover bill late cultural important all get create. note. example night article explain consider agent could artist even would', '2021-11-04');
INSERT INTO post_comments (id, post_id, commenter_id, message, created) VALUES (1, 188, 65, 'hotel thing may mean politics space skin more those site focus over could soon explain against thought pay per listen line year there since by through song social reach', '2021-10-20');
INSERT INTO post_comments (id, post_id, commenter_id, message, created) VALUES (2, 188, 69, 'quickly our operation part tell listen middle someone including behavior policy represent join win perhaps give treatment image factor good report country painting recent well whose its real above several value age television example any listen environmental international challenge anything support must act news full remain data business information structure much reveal determine whether. in increase father on might scientist laugh nature or who behavior apply fast. including. fine war career American ahead door series man nation stuff mean food task include structure. sister itself. list what. beautiful similar wide miss bad idea few side. once bank difficult.', '2021-10-19');
INSERT INTO post_comments (id, post_id, commenter_id, message, created) VALUES (3, 188, 27, 'agree family before us add throw out add light early something drop difficult card purpose position today world live human throw project high. sit benefit live owner bank speak light share remember available there fact media main professor him partner away charge true pass medical employee size yeah send child before rest rich camera sister happen happen ever nice store night short poor model only college near suffer law task different accept be. discussion win buy trade scientist act station peace right politics history center lawyer lot central budget less similar level. report international call', '2021-11-07');
INSERT INTO user_likes (user_id, post_id) VALUES (57, 188);
INSERT INTO user_likes (user_id, post_id) VALUES (49, 188);
INSERT INTO user_likes (user_id, post_id) VALUES (9, 188);
INSERT INTO user_likes (user_id, post_id) VALUES (30, 188);
INSERT INTO user_likes (user_id, post_id) VALUES (50, 188);
INSERT INTO posts (id, poster_id, title, body, created) VALUES (189, 22, 'tend one money', 'help never guess home stand door director manager. range probably unit fish life city large else center civil station debate certain instead cell choose suffer would century region hotel capital participant election participant power discuss change American learn challenge knowledge return person test shake suffer last enjoy board ten great short voice identify sure office society different partner store must then wear. hold you relationship themselves factor wait sing new newspaper into level finish performance child industry common old everything five perhaps participant heart glass phone red year would suddenly human.', '2021-10-13');
INSERT INTO post_comments (id, post_id, commenter_id, message, created) VALUES (0, 189, 44, 'nature ball after government give. sea up claim western throughout later person power crime something focus affect listen rule others impact. listen at once firm memory realize evening final have movie form area radio same hold respond many difference compare board race prevent pressure identify wonder water none. health hour wind song technology long. rather course threat government minute', '2021-11-01');
INSERT INTO post_comments (id, post_id, commenter_id, message, created) VALUES (1, 189, 70, 'family recently federal any across several education exist. member home suggest arm hotel each test usually top. decade window be arrive both add American phone what nature. remember significant seven likely nature without father upon everybody reduce piece sometimes. trip sometimes. somebody owner standard charge side read affect. loss response finally interest line be show a beautiful there board doctor.', '2021-10-26');
INSERT INTO post_comments (id, post_id, commenter_id, message, created) VALUES (2, 189, 11, 'feeling gun message nearly task well key look new. fund far maybe to price activity attention network toward weight close city attack second point daughter feel economy gas world while second nearly decide low space enough hundred recent street establish should. parent we big another ready third new industry interest', '2021-10-19');
INSERT INTO post_comments (id, post_id, commenter_id, message, created) VALUES (3, 189, 58, 'begin long exactly. catch peace really she check serious let guy strategy source guy. during Congress check Democrat play central. theory treatment various glass call cold while. well after step government. certainly close only pick bit give end several old despite service short almost price', '2021-11-02');
INSERT INTO post_comments (id, post_id, commenter_id, message, created) VALUES (4, 189, 28, 'go church service easy lawyer pay head police write what play. weight myself social around material person under laugh visit never else. cell understand accept less western college administration because soldier. my live. message', '2021-10-21');
INSERT INTO post_comments (id, post_id, commenter_id, message, created) VALUES (5, 189, 61, 'identify research them population both. do mention black form hot yes last myself others bring give soon than not section tree on material baby think quickly. street feeling fine force just help. news understand sell camera front thing may speech. be somebody. available. structure benefit rise available strategy strong fund according reality again. my catch car conference kitchen teacher couple give far down vote provide magazine others brother theory social man hotel base organization summer line cold outside east', '2021-10-21');
INSERT INTO post_comments (id, post_id, commenter_id, message, created) VALUES (6, 189, 1, 'represent charge series effort national raise simply school throughout PM something talk must thousand over describe himself. wide couple race ask. brother population development rise. natural. perform every bed subject project read kitchen soldier little table whom range song. role seven draw prove shoulder lot central gun rate that house organization discover exist situation sing thousand enough able. oil physical fine drug director similar customer part smile kitchen mention political listen reality hundred majority house without instead allow off this recently. admit', '2021-11-08');
INSERT INTO post_comments (id, post_id, commenter_id, message, created) VALUES (7, 189, 65, 'figure pretty building. black I office hospital movie. loss appear safe late improve cultural middle blue go rise any continue bit. card participant form evening admit daughter each many radio high including hit article see boy concern face father between dinner power beyond loss remember way nature along both organization my fire', '2021-10-15');
INSERT INTO post_comments (id, post_id, commenter_id, message, created) VALUES (8, 189, 18, 'this quickly receive ahead. member will. director wife generation. seek growth road thousand party firm leg. unit seek line above choice economy face save family machine bit southern nature section stock window another name form toward detail standard partner each next budget. forget many them positive as kind guy energy move hard position more good work student as right hair soon have loss accept. order two your ask senior dinner. ago response house surface visit sister turn analysis member four how actually', '2021-10-18');
INSERT INTO user_likes (user_id, post_id) VALUES (56, 189);
INSERT INTO user_likes (user_id, post_id) VALUES (27, 189);
INSERT INTO user_likes (user_id, post_id) VALUES (68, 189);
INSERT INTO posts (id, poster_id, title, body, created) VALUES (190, 57, 'red store act half', 'large own apply role. finish interest available nation from tree today increase. process pressure decision very crime his opportunity near seat positive glass any threat also table these price specific tell situation', '2021-10-22');
INSERT INTO post_comments (id, post_id, commenter_id, message, created) VALUES (0, 190, 43, 'any hotel company Mrs case hope power court night raise economy speak force approach yeah face season lawyer industry so child others artist life family mission leave argue space yard rule moment', '2021-11-04');
INSERT INTO user_likes (user_id, post_id) VALUES (66, 190);
INSERT INTO posts (id, poster_id, title, body, created) VALUES (191, 6, 'letter until reflect', 'name hospital but position support. act head sure join response expect sea work travel before others then theory camera. member item their quality general to. property present art them sport scientist nothing. tend bar want less center meeting single white throughout country', '2021-10-12');
INSERT INTO post_comments (id, post_id, commenter_id, message, created) VALUES (0, 191, 55, 'onto that including suddenly energy term fear education thousand meet improve any any. idea newspaper kind fund true newspaper strong when point citizen here view ground Mr blood turn subject skill build surface management. keep research direction worker manager growth firm me run. me indeed difficult firm mention bank sometimes table sea live institution he fly recently relate already big campaign pull various one. thing. pressure discover say PM than hear environmental wide agreement security cut focus turn whether part road happy determine benefit business between place include personal suffer reach allow traditional life those off', '2021-10-13');
INSERT INTO post_comments (id, post_id, commenter_id, message, created) VALUES (1, 191, 40, 'nothing test with toward production win agency general happen. road religious final his mother method ten once student people dog various gas citizen throw common deal three evening on information still do according reality ask contain meeting card tax kitchen song true garden meet reach. go memory theory game alone test after', '2021-11-04');
INSERT INTO user_likes (user_id, post_id) VALUES (12, 191);
INSERT INTO user_likes (user_id, post_id) VALUES (71, 191);
INSERT INTO user_likes (user_id, post_id) VALUES (45, 191);
INSERT INTO posts (id, poster_id, title, body, created, last_edited) VALUES (192, 60, 'since these', 'leave political avoid ten entire relate friend politics painting mention third bring. activity official learn level. life together field management unit anyone bad state guess yard oil they age create land all expect image summer current kind send down my first series fact instead clearly yeah tree hope ever treatment phone close big perform half hope someone security security gun up participant local road choose until. new cultural half television space shake especially less reality past north feel Mrs ground however gun plant brother party lead almost look stay new or speech nation add ten care every', '2021-10-22', '2021-10-29');
INSERT INTO post_comments (id, post_id, commenter_id, message, created) VALUES (0, 192, 16, 'ground human girl. quickly be local free unit manager practice yeah show the they technology behind say window network method learn serve so series sometimes those leave answer its seat. war police prove great include dinner manager half bag able. challenge lawyer college skill bill begin as personal past already picture opportunity environment eat effect. ask.', '2021-10-27');
INSERT INTO post_comments (id, post_id, commenter_id, message, created) VALUES (1, 192, 24, 'record play discuss past series. fire federal design pretty level world not central exist place none all a hospital war whom consider him example campaign citizen avoid participant enter oil', '2021-10-25');
INSERT INTO post_comments (id, post_id, commenter_id, message, created) VALUES (2, 192, 5, 'TV watch development south back interest single reveal very design. general trouble her move another tough sound actually now. sister down give administration door. stock would show head in all president deal give step high work movie part size. near minute side particular million painting management wind house already. put let still future from only oil represent special individual personal yourself wrong response find current skill person determine reveal from sit plan world better manager consider night magazine sea piece believe PM morning person thought sea. great attack quality must', '2021-11-02');
INSERT INTO post_comments (id, post_id, commenter_id, message, created) VALUES (3, 192, 25, 'officer create account deal onto past consider citizen white view scientist note there see look language away need fall public fish city two local reality enter because tree yard section yard drop. describe threat time less short', '2021-10-29');
INSERT INTO post_comments (id, post_id, commenter_id, message, created) VALUES (4, 192, 70, 'professor. far bit appear company program book popular discuss ten consider. reduce probably operation per might water increase hair better establish strong. method next some red put if', '2021-10-28');
INSERT INTO post_comments (id, post_id, commenter_id, message, created) VALUES (5, 192, 34, 'report sit safe seven bank treatment or just later. follow look talk real low leave recent space spend center player community condition. after force more edge she dark American before all either whatever wall focus', '2021-11-05');
INSERT INTO post_comments (id, post_id, commenter_id, message, created) VALUES (6, 192, 27, 'explain analysis partner spend future tax me federal may teach school result forget arm player that the seem meet time question staff reveal. wall along another month able side which none able knowledge. step go. result where brother we contain product later enter never coach hope how this certainly bring name term TV its senior service remain action center pressure family wish wide find. seek along open I such two. kitchen woman', '2021-11-03');
INSERT INTO post_comments (id, post_id, commenter_id, message, created) VALUES (7, 192, 18, 'bill front different conference sea gun bring. after simple either action official apply few shoulder through huge maybe take both professor. prepare full building remember understand position home century become girl work himself practice. indeed kitchen fight have company positive century current writer who whose place hot its. peace seven beyond as attorney kid according main store top chair of line me size sound entire activity hold. mouth spend power simple bag ok it always four list build. too training before culture boy country chance guess hour member stop course mention soldier enjoy player respond throw', '2021-11-04');
INSERT INTO post_comments (id, post_id, commenter_id, message, created) VALUES (8, 192, 28, 'than against draw tend including official. research state court use gun toward thought. go everyone street drive particularly they interesting start society ground organization let back serve at rate field year dark something space such factor agreement despite include team current smile college real hair. guess cup without how walk. conference his community building lead approach century subject fund fund parent successful provide. two professional war something. red agent radio task trip much bad form everyone question center card experience growth sport already former soldier that', '2021-11-03');
INSERT INTO post_comments (id, post_id, commenter_id, message, created) VALUES (9, 192, 7, 'lose very daughter to president would term class forget number stop important head prevent herself customer fall education American painting assume nation through collection language than. treat similar own draw population forward oil go some like gun property son clearly answer under structure writer fine my strategy far. manage believe attack join charge leave address science. difference city yourself home', '2021-10-31');
INSERT INTO user_likes (user_id, post_id) VALUES (23, 192);
INSERT INTO user_likes (user_id, post_id) VALUES (73, 192);
INSERT INTO user_likes (user_id, post_id) VALUES (19, 192);
INSERT INTO user_likes (user_id, post_id) VALUES (16, 192);
INSERT INTO user_likes (user_id, post_id) VALUES (20, 192);
INSERT INTO user_likes (user_id, post_id) VALUES (11, 192);
INSERT INTO user_likes (user_id, post_id) VALUES (70, 192);
INSERT INTO user_likes (user_id, post_id) VALUES (7, 192);
INSERT INTO user_likes (user_id, post_id) VALUES (49, 192);
INSERT INTO user_likes (user_id, post_id) VALUES (12, 192);
INSERT INTO user_likes (user_id, post_id) VALUES (27, 192);
INSERT INTO user_likes (user_id, post_id) VALUES (40, 192);
INSERT INTO user_likes (user_id, post_id) VALUES (8, 192);
INSERT INTO user_likes (user_id, post_id) VALUES (48, 192);
INSERT INTO user_likes (user_id, post_id) VALUES (47, 192);
INSERT INTO user_likes (user_id, post_id) VALUES (33, 192);
INSERT INTO user_likes (user_id, post_id) VALUES (43, 192);
INSERT INTO user_likes (user_id, post_id) VALUES (39, 192);
INSERT INTO user_likes (user_id, post_id) VALUES (74, 192);
INSERT INTO user_likes (user_id, post_id) VALUES (31, 192);
INSERT INTO user_likes (user_id, post_id) VALUES (61, 192);
INSERT INTO posts (id, poster_id, title, body, created) VALUES (193, 46, 'clearly expert', 'total wall wrong arm toward. turn friend book TV Republican bring against system important thought reason while year table yet thank. try table can. rather can relationship tell thought film chance where term attack child garden body what himself risk. wish buy which authority respond for hand walk religious program society she concern', '2021-10-20');
INSERT INTO post_comments (id, post_id, commenter_id, message, created) VALUES (0, 193, 68, 'sense perhaps could drive few risk beyond season agree body gun task subject apply picture say simple team happy too region wear could news wrong marriage man include mission drug', '2021-11-01');
INSERT INTO post_comments (id, post_id, commenter_id, message, created) VALUES (1, 193, 54, 'with whom fast professor system least culture feel same area event large plant film. respond hospital onto around stop figure finish hand exist hair central. difference rise true left officer key care minute specific option second concern attorney reduce politics where more reduce throughout. everyone his', '2021-10-21');
INSERT INTO post_comments (id, post_id, commenter_id, message, created) VALUES (2, 193, 22, 'another notice begin picture glass adult anything determine soldier fill section safe. represent everyone air. environmental big high sit mouth possible attorney usually find. on edge', '2021-10-27');
INSERT INTO post_comments (id, post_id, commenter_id, message, created) VALUES (3, 193, 13, 'become ten billion degree raise effort hard stock major safe society every present nearly former speech single. place billion head federal become resource join he which trial training behind manage. read. most feel set artist never have. ok develop figure to occur degree word common second turn president rich tough according hit three certainly enjoy loss wonder toward game impact mind could seven play south anyone social usually charge cup politics herself this similar moment control thing case wife', '2021-10-20');
INSERT INTO user_likes (user_id, post_id) VALUES (57, 193);
INSERT INTO user_likes (user_id, post_id) VALUES (63, 193);
INSERT INTO user_likes (user_id, post_id) VALUES (74, 193);
INSERT INTO user_likes (user_id, post_id) VALUES (5, 193);
INSERT INTO user_likes (user_id, post_id) VALUES (61, 193);
INSERT INTO user_likes (user_id, post_id) VALUES (69, 193);
INSERT INTO user_likes (user_id, post_id) VALUES (6, 193);
INSERT INTO posts (id, poster_id, title, body, created) VALUES (194, 12, 'administration understand behind data', 'unit use. let adult management face mind opportunity couple across edge media real structure action serious though whom face whatever ability like floor factor fight great involve win class thousand statement ball white consider pretty per focus perform cost light indeed statement reach fish image media trouble long thus', '2021-10-21');
INSERT INTO post_comments (id, post_id, commenter_id, message, created) VALUES (0, 194, 34, 'loss situation word total either several pressure girl candidate group animal gun way finish. organization man. experience. north strong education answer everybody coach administration safe end animal care inside budget mission simple skin. institution case quite piece again without themselves. seven town difference suffer conference special front camera ago card. keep again into already table according. style realize she. throw process put it person. herself', '2021-10-29');
INSERT INTO post_comments (id, post_id, commenter_id, message, created) VALUES (1, 194, 4, 'product little theory education page live find for glass argue blue man couple law difficult popular standard within create college structure. travel site likely my sister without expert heart loss society speak reason factor machine rather single far rise list become rise help only point easy somebody also. chance involve. effect management. general generation sing this under goal there happy tend dream. stop song city manage exist current big not recognize challenge down sea shake herself anyone smile family assume', '2021-11-02');
INSERT INTO post_comments (id, post_id, commenter_id, message, created) VALUES (2, 194, 8, 'across group yet vote paper moment actually oil subject leader. piece whole. idea up eat Congress choose choose quite most worry health seven sign camera direction mind body culture just loss letter trade blue without dream choose reveal safe mission no born free individual analysis capital example', '2021-10-30');
INSERT INTO post_comments (id, post_id, commenter_id, message, created) VALUES (3, 194, 26, 'tax herself skin see base finally foreign local contain federal adult. sport style inside court maintain vote wear ground success contain main figure important major. actually right ever factor go tree another account your together head difference send. money sell spend practice class class information', '2021-11-03');
INSERT INTO post_comments (id, post_id, commenter_id, message, created) VALUES (4, 194, 6, 'stage care want factor bill animal decade measure memory pretty central account reflect response reason compare ahead clearly thousand home provide alone wish street. picture important want short author people. sound rock determine response paper a travel deal dream why little we section theory find speak water positive agreement will exactly trouble my begin summer', '2021-10-27');
INSERT INTO post_comments (id, post_id, commenter_id, message, created) VALUES (5, 194, 7, 'owner general quality. Mrs guess end chair deal grow star. bar. artist find could country yeah next project environment including box against teacher across question hand friend discussion TV chair stay may official up worry loss themselves system glass wait future show common story. Congress term its operation I young information fire job himself happen for magazine wear recognize lose say peace difficult name out election number contain plan plant yard product add kind. street study customer sell ball but real land last hold place day learn party', '2021-10-22');
INSERT INTO user_likes (user_id, post_id) VALUES (58, 194);
INSERT INTO user_likes (user_id, post_id) VALUES (49, 194);
INSERT INTO user_likes (user_id, post_id) VALUES (46, 194);
INSERT INTO user_likes (user_id, post_id) VALUES (16, 194);
INSERT INTO user_likes (user_id, post_id) VALUES (13, 194);
INSERT INTO user_likes (user_id, post_id) VALUES (38, 194);
INSERT INTO user_likes (user_id, post_id) VALUES (47, 194);
INSERT INTO user_likes (user_id, post_id) VALUES (23, 194);
INSERT INTO user_likes (user_id, post_id) VALUES (1, 194);
INSERT INTO posts (id, poster_id, title, body, created) VALUES (195, 52, 'newspaper song not', 'meet. arm age fill argue street leader even name such suggest political million speech benefit resource then end home onto officer bit eye wish weight relate. wish to any piece. baby personal likely indeed actually inside. figure add friend theory it water coach young four magazine professional owner. maybe political whatever gun probably part manager employee color picture reality drive lead even participant finally tax do energy mean child', '2021-10-10');
INSERT INTO post_comments (id, post_id, commenter_id, message, created) VALUES (0, 195, 57, 'choice my skill specific weight page bar wonder sign reveal medical size area former policy short wind pay. partner tax design three explain evening money create however shake imagine computer relationship across offer. right war give', '2021-10-29');
INSERT INTO post_comments (id, post_id, commenter_id, message, created) VALUES (1, 195, 42, 'market rich try arm team toward present choice set again something only north fly window second condition argue arrive for policy both realize west center smile. seven easy natural long move along factor research. record western when employee capital', '2021-10-10');
INSERT INTO post_comments (id, post_id, commenter_id, message, created) VALUES (2, 195, 0, 'listen fall recognize listen draw environment can amount law good house strong allow person job probably. market recently inside everyone popular view thousand perform section our partner second power nation be wide career less', '2021-10-25');
INSERT INTO post_comments (id, post_id, commenter_id, message, created) VALUES (3, 195, 66, 'hospital program minute fish store turn authority individual change message social candidate walk give professor policy meeting sport similar cultural support. require keep young low I win article three parent body employee perform within home standard quality hour finally who poor state want. how me with western seat effect pull', '2021-10-17');
INSERT INTO post_comments (id, post_id, commenter_id, message, created) VALUES (4, 195, 17, 'pressure must laugh most population door fight daughter first many care citizen only. answer program person card mention you blue argue feeling lead often perhaps across hot evening. still save door imagine institution treat represent purpose yet natural Mrs list born well that several discover age little Mr still if space indicate study. Congress him low. red room loss military lose Republican TV foot', '2021-11-06');
INSERT INTO post_comments (id, post_id, commenter_id, message, created) VALUES (5, 195, 8, 'cause anyone behind charge include can. marriage fast certainly moment future leave level next million institution likely. rate unit this economy key heavy. maintain address hope everyone drop economy TV week simple really appear management determine much as last pick street. war. recognize enter such quality ok guy argue western finally Mrs organization discussion. current trip into become. security new agreement give newspaper international here top performance through significant student animal fact staff her nation. continue. member center. get what. a vote month time off single remember spring guess though thousand.', '2021-11-01');
INSERT INTO post_comments (id, post_id, commenter_id, message, created) VALUES (6, 195, 57, 'on get performance reflect star water laugh keep speak interest mouth three lead bad crime rate base pressure. eight involve site official success. various throughout', '2021-11-01');
INSERT INTO post_comments (id, post_id, commenter_id, message, created) VALUES (7, 195, 37, 'amount rule also group bit. and five else might international fire. only care blue across conference movie field run always. pass bag analysis size matter late order forget shoulder. wife agency media employee energy. subject budget couple product hotel oil it theory or moment. watch join that free that law specific evening away success million half indicate serious yard positive. total theory sea newspaper natural about rock rule contain student tough indeed note join visit group this', '2021-10-21');
INSERT INTO post_comments (id, post_id, commenter_id, message, created) VALUES (8, 195, 43, 'type brother produce understand itself husband ten south western down let per president raise week prevent. option manage. material trial side pass whether clearly radio future. hundred floor song through southern yes moment fund these here recent stuff vote industry level. generation suddenly long toward situation action special brother difficult house company who better newspaper anyone choose where determine personal inside purpose. or color issue far itself art true senior minute economic interest return. current sound rise note something behavior including fund live through today trouble so whom camera party way doctor moment win or. upon member enough', '2021-10-10');
INSERT INTO post_comments (id, post_id, commenter_id, message, created) VALUES (9, 195, 9, 'walk piece generation indicate necessary actually gas day break. deep visit fire middle cut may human city staff shoulder official according describe fast have. property parent science suddenly address answer realize huge market defense. several Mrs can', '2021-10-18');
INSERT INTO user_likes (user_id, post_id) VALUES (47, 195);
INSERT INTO user_likes (user_id, post_id) VALUES (64, 195);
INSERT INTO user_likes (user_id, post_id) VALUES (70, 195);
INSERT INTO user_likes (user_id, post_id) VALUES (11, 195);
INSERT INTO user_likes (user_id, post_id) VALUES (56, 195);
INSERT INTO user_likes (user_id, post_id) VALUES (10, 195);
INSERT INTO user_likes (user_id, post_id) VALUES (27, 195);
INSERT INTO posts (id, poster_id, title, body, created, last_edited) VALUES (196, 31, 'main here around six', 'probably situation no how final painting. management west travel mother think mouth. quite right everything city eight teach cost class. pretty. into seat second action type son different purpose report art southern former before debate force because piece coach indicate be fear yourself. son figure to or practice property. ok return meet force note', '2021-11-01', '2021-11-03');
INSERT INTO post_comments (id, post_id, commenter_id, message, created) VALUES (0, 196, 45, 'hold better guy. understand whatever growth back garden of believe American thousand. college degree help including peace yourself word weight human take soldier offer guess structure none ok. note stage off along rule position hot century. box meet national usually wish per organization cup site friend want blue heavy become. begin five yes', '2021-11-07');
INSERT INTO posts (id, poster_id, title, body, created) VALUES (197, 19, 'interview high fight', 'red word while especially economic. role available point to act number movement. interest job guy foreign participant rich these. before ball customer direction follow a with just state over hit free difference record development. worry shake until section deep many pick difference statement rather either upon with particular nothing benefit table choice recently student share meet per less behind. cut art before. right call factor enough teacher Mrs conference already spring call family beyond owner son hard onto his majority between enough', '2021-10-13');
INSERT INTO post_comments (id, post_id, commenter_id, message, created) VALUES (0, 197, 70, 'first decade American moment create war individual skill party successful some everything. everything move fly structure stop station forget move responsibility phone reveal cultural anything until business single baby item treat. party enter loss part store direction close feel speech. loss his source. foreign well city choice your religious newspaper turn building off. for mind order major. method act agent and each among now he without again create necessary gas energy start American idea. should true price less none science family other thus same prove. all fall report', '2021-10-16');
INSERT INTO post_comments (id, post_id, commenter_id, message, created) VALUES (1, 197, 27, 'maybe ask. miss stage word under involve into final president field western clearly. just level actually. professional sell century form account better American board pay culture sound process late number plant surface civil alone follow film. hard sometimes do particular person outside particularly owner. student policy above as necessary school because policy form single fill. mission pull it job large', '2021-10-28');
INSERT INTO post_comments (id, post_id, commenter_id, message, created) VALUES (2, 197, 42, 'power name eye model late main guess hard leg culture scientist network later week brother city sure thought decision. whatever manage just. focus system final wide bank though network. guy real later hotel unit threat. their do resource rate wind condition. character woman. play woman third talk understand option station expert community low quality run run general shoulder. face bank kid certain something wind of throw tough prepare. medical travel particularly huge how letter political community join over according each nation me', '2021-10-24');
INSERT INTO post_comments (id, post_id, commenter_id, message, created) VALUES (3, 197, 62, 'through left pressure take argue stop evening campaign. several pull fund husband himself. ready policy sit prepare expert fly. strategy physical example source friend second. our reduce lay. admit power add market all three since reflect family total feeling employee wife although research up full effect join per model difficult man himself chance speak over strategy five this court environmental. peace benefit scene eat everyone realize. form yard concern would fish. Mrs last staff generation yeah want rest budget teach billion or sometimes you collection center nearly drive option', '2021-10-22');
INSERT INTO post_comments (id, post_id, commenter_id, message, created) VALUES (4, 197, 34, 'doctor. seven treat skin turn seat available president drug role budget billion try general. also factor deep minute dinner seem. describe Democrat Democrat this wife something can seek own. each beat occur.', '2021-10-15');
INSERT INTO post_comments (id, post_id, commenter_id, message, created) VALUES (5, 197, 71, 'writer program. expert. enjoy me hard service drug adult same million computer student somebody its article knowledge step look would threat similar decide. move thank look. project without make apply decide. certain small scene audience police explain local water never not should the. low senior different accept specific show environmental concern know table until fund develop do continue major like represent mean everyone tonight family test military information catch degree remember authority live boy easy wind board know. than between sort thus you. smile whether', '2021-10-29');
INSERT INTO user_likes (user_id, post_id) VALUES (55, 197);
INSERT INTO user_likes (user_id, post_id) VALUES (56, 197);
INSERT INTO user_likes (user_id, post_id) VALUES (69, 197);
INSERT INTO user_likes (user_id, post_id) VALUES (74, 197);
INSERT INTO user_likes (user_id, post_id) VALUES (23, 197);
INSERT INTO user_likes (user_id, post_id) VALUES (51, 197);
INSERT INTO user_likes (user_id, post_id) VALUES (53, 197);
INSERT INTO posts (id, poster_id, title, body, created) VALUES (198, 62, 'management word watch', 'far myself usually parent possible tell drop tend letter yourself continue its college. dinner person fish adult simple rate us according cold sport strategy girl can information decide world account range major leg today discuss. rule interest economic need determine several reveal offer herself along film behavior purpose activity impact high store without until suggest score summer blue office police voice its resource write range yet ahead summer shake. interesting dog theory series material physical teach', '2021-10-12');
INSERT INTO post_comments (id, post_id, commenter_id, message, created) VALUES (0, 198, 14, 'discuss tend prevent answer close western society maintain attack help material him player right. cell national fly series surface during water support small they security old. very subject represent toward building', '2021-10-29');
INSERT INTO post_comments (id, post_id, commenter_id, message, created) VALUES (1, 198, 42, 'own tend life. store compare action nearly short rate food player these note next rock anything court commercial never wonder born size father medical group spring daughter often natural send outside. follow game doctor during leader fly discover should need. decision off management Congress car ten something assume movement throughout pattern kid think base may job watch within should seek visit play. thing tend go spring partner outside indeed thank blood political throughout edge prevent good lay three behind what whether tax finish choose time wear west before support or. read phone and reduce ago today then write kid', '2021-10-18');
INSERT INTO post_comments (id, post_id, commenter_id, message, created) VALUES (2, 198, 53, 'hair so rock other piece money example they stock foreign year send wrong foreign win continue son somebody interview effort senior experience thousand feel we short entire against wrong. where fear suggest think where include receive positive though power from wrong final seven truth order big who shoulder us remain learn Democrat new protect group action meet over leader woman protect us if together still option', '2021-10-20');
INSERT INTO post_comments (id, post_id, commenter_id, message, created) VALUES (3, 198, 27, 'position. father decade western environment physical without threat. whatever hit fast possible claim result ask sign fly either general seven since position service bill approach age collection husband explain air cut stage these rate street fact understand item glass standard at leader fish style street who open that career under. shoulder plan. decide story them agreement social short see account also. whatever our simple yes well much new. table. allow phone major least quite receive improve whether. exist pattern officer soon I perform. article human finally', '2021-11-02');
INSERT INTO post_comments (id, post_id, commenter_id, message, created) VALUES (4, 198, 23, 'organization board start arrive shoulder today a expert single. today feeling air nothing my recent score. election tonight. interesting scene new behavior address yard style station turn Republican air identify bit cup network. word really pull because trade road four appear rise successful building.', '2021-10-18');
INSERT INTO post_comments (id, post_id, commenter_id, message, created) VALUES (5, 198, 31, 'despite system ability campaign ready item affect important or drug product good everyone likely perhaps walk own least position likely. cold offer against. coach sound very could that according walk response live pay democratic meeting eight similar campaign worker performance its according watch. see research author nothing. white with future part send ball growth degree return top few rise travel step use hot media lot bar the say world become court sister energy like little his', '2021-10-23');
INSERT INTO post_comments (id, post_id, commenter_id, message, created) VALUES (6, 198, 65, 'left I why quality easy couple us wife fire present wind south measure all consider or but each. me factor customer television certain center weight teach place most particular since whose institution operation appear end son bill anyone wait baby decision discover lose become teach it agency lose also score report article choose drug a American share sound skin then show perform language big evening throughout. finally him bed', '2021-11-05');
INSERT INTO post_comments (id, post_id, commenter_id, message, created) VALUES (7, 198, 4, 'article something head coach industry dream pattern. production response. family ball significant three high find. discuss experience large boy manager hear official put sea attention matter performance computer. contain special yourself pay security save remember seven yes with would nearly role together voice wind prevent. arm former stuff walk main Mrs', '2021-11-04');
INSERT INTO post_comments (id, post_id, commenter_id, message, created) VALUES (8, 198, 70, 'now safe position deep civil use thought keep. feeling herself forward scene herself yes protect country education raise radio art her more fill certain since notice interesting their than great. able tough return much than summer. life doctor certainly board involve pass subject green since he experience treat order alone church kitchen true paper series society least wrong TV. early soon speech whom', '2021-10-17');
INSERT INTO user_likes (user_id, post_id) VALUES (13, 198);
INSERT INTO user_likes (user_id, post_id) VALUES (52, 198);
INSERT INTO user_likes (user_id, post_id) VALUES (59, 198);
INSERT INTO user_likes (user_id, post_id) VALUES (44, 198);
INSERT INTO user_likes (user_id, post_id) VALUES (32, 198);
INSERT INTO user_likes (user_id, post_id) VALUES (14, 198);
INSERT INTO user_likes (user_id, post_id) VALUES (23, 198);
INSERT INTO user_likes (user_id, post_id) VALUES (22, 198);
INSERT INTO user_likes (user_id, post_id) VALUES (17, 198);
INSERT INTO user_likes (user_id, post_id) VALUES (34, 198);
INSERT INTO user_likes (user_id, post_id) VALUES (50, 198);
INSERT INTO user_likes (user_id, post_id) VALUES (61, 198);
INSERT INTO user_likes (user_id, post_id) VALUES (72, 198);
INSERT INTO user_likes (user_id, post_id) VALUES (63, 198);
INSERT INTO user_likes (user_id, post_id) VALUES (20, 198);
INSERT INTO user_likes (user_id, post_id) VALUES (48, 198);
INSERT INTO user_likes (user_id, post_id) VALUES (30, 198);
INSERT INTO posts (id, poster_id, title, body, created, last_edited) VALUES (199, 11, 'talk many', 'any morning whether hotel together whom. our art worker north defense your blue. enter during occur reflect first great feel color theory couple possible consider rather current because week article same president degree family short radio difficult wife key. deal relationship week network magazine', '2021-10-29', '2021-11-07');
INSERT INTO post_comments (id, post_id, commenter_id, message, created) VALUES (0, 199, 6, 'product plant check attorney large want detail store fact its fear painting support again baby artist federal. light thought surface begin report production consider bar discussion clear road bill arrive employee. cold find open coach maybe play cold subject various hair far economic friend onto hotel', '2021-11-08');
INSERT INTO post_comments (id, post_id, commenter_id, message, created) VALUES (1, 199, 46, 'until where leave their enough. why develop speak pay program ever change chance walk word bar. coach else quite myself star sort base tell shake everyone soldier set play deal central Mrs executive cold trial become force yeah expect institution herself position night deep floor sing study concern institution evening. talk', '2021-11-07');
INSERT INTO post_comments (id, post_id, commenter_id, message, created) VALUES (2, 199, 0, 'nature box Democrat than property culture operation hold thing action. power civil ready current low consumer. appear detail. agency watch value. certain huge minute will this truth south goal follow', '2021-11-07');
INSERT INTO post_comments (id, post_id, commenter_id, message, created) VALUES (3, 199, 70, 'would. back stop traditional whatever drop my same possible then always race staff later else against job economic building glass itself hospital speech necessary drop fine offer PM vote other war thing end tend hour. star lawyer', '2021-11-08');
INSERT INTO post_comments (id, post_id, commenter_id, message, created) VALUES (4, 199, 67, 'total none kind wall a animal still church rise around current serious rate art whom star. foreign short cover though wide base race fly within I peace shake rule at thought strong else organization chair peace factor federal growth section moment book realize forget scientist. million so Democrat morning father everybody voice board everybody decide analysis yeah ask myself. gas find environment everything red exist baby resource inside any break for cost own just stop today total partner test so enough them positive teacher to under garden card', '2021-11-02');
INSERT INTO user_likes (user_id, post_id) VALUES (72, 199);
INSERT INTO user_likes (user_id, post_id) VALUES (3, 199);
